sample,value
1,44
2,44
3,44
4,44
5,44
6,44
7,44
8,44
9,44
10,44
11,44
12,44
13,44
14,44
15,44
16,44
17,44
18,44
19,44
20,44
21,44
22,44
23,44
24,44
25,44
26,44
27,44
28,44
29,44
30,44
31,44
32,44
33,44
34,45
35,45
36,45
37,45
38,45
39,45
40,45
41,45
42,45
43,45
44,45
45,45
46,45
47,45
48,45
49,45
50,45
51,45
52,45
53,45
54,45
55,45
56,45
57,45
58,45
59,45
60,44
61,44
62,44
63,45
64,45
65,45
66,45
67,45
68,45
69,44
70,44
71,44
72,44
73,44
74,44
75,44
76,44
77,44
78,44
79,44
80,44
81,44
82,44
83,44
84,44
85,44
86,44
87,44
88,44
89,44
90,44
91,44
92,44
93,44
94,45
95,45
96,45
97,45
98,45
99,45
100,45
101,45
102,45
103,45
104,45
105,45
106,45
107,45
108,45
109,45
110,45
111,45
112,45
113,45
114,45
115,45
116,45
117,45
118,45
119,45
120,45
121,45
122,45
123,45
124,45
125,45
126,45
127,45
128,45
129,45
130,45
131,45
132,45
133,45
134,45
135,45
136,45
137,45
138,45
139,45
140,45
141,45
142,45
143,45
144,45
145,45
146,45
147,45
148,45
149,45
150,45
151,45
152,45
153,45
154,45
155,45
156,45
157,45
158,45
159,45
160,45
161,45
162,45
163,45
164,45
165,45
166,45
167,45
168,45
169,45
170,45
171,45
172,45
173,45
174,45
175,45
176,45
177,45
178,45
179,45
180,45
181,45
182,45
183,45
184,45
185,45
186,45
187,45
188,45
189,45
190,45
191,45
192,45
193,45
194,45
195,45
196,45
197,45
198,45
199,45
200,45
201,45
202,45
203,45
204,45
205,45
206,45
207,45
208,45
209,45
210,45
211,45
212,45
213,45
214,45
215,45
216,45
217,45
218,45
219,45
220,45
221,45
222,45
223,45
224,45
225,45
226,45
227,45
228,45
229,45
230,45
231,45
232,45
233,45
234,45
235,45
236,45
237,45
238,45
239,45
240,45
241,45
242,45
243,45
244,45
245,45
246,45
247,45
248,45
249,45
250,45
251,45
252,45
253,44
254,44
255,44
256,44
257,44
258,44
259,44
260,44
261,44
262,44
263,44
264,44
265,44
266,44
267,44
268,44
269,44
270,44
271,44
272,44
273,44
274,44
275,44
276,44
277,44
278,44
279,44
280,44
281,44
282,44
283,44
284,44
285,44
286,44
287,44
288,44
289,44
290,44
291,44
292,44
293,44
294,44
295,44
296,44
297,44
298,44
299,44
300,44
301,44
302,44
303,44
304,44
305,44
306,44
307,44
308,44
309,44
310,44
311,44
312,44
313,44
314,44
315,44
316,44
317,44
318,44
319,44
320,44
321,44
322,44
323,44
324,44
325,44
326,44
327,44
328,44
329,44
330,44
331,44
332,44
333,44
334,44
335,44
336,44
337,44
338,44
339,44
340,44
341,44
342,44
343,44
344,44
345,44
346,44
347,44
348,44
349,44
350,44
351,44
352,44
353,44
354,44
355,44
356,44
357,44
358,44
359,44
360,44
361,44
362,44
363,44
364,44
365,44
366,44
367,44
368,44
369,44
370,44
371,44
372,44
373,44
374,44
375,44
376,44
377,44
378,44
379,44
380,44
381,44
382,44
383,44
384,44
385,44
386,44
387,44
388,44
389,44
390,44
391,44
392,44
393,44
394,44
395,44
396,44
397,44
398,44
399,44
400,44
401,44
402,44
403,44
404,44
405,44
406,44
407,44
408,44
409,44
410,44
411,44
412,44
413,44
414,44
415,44
416,44
417,44
418,44
419,44
420,44
421,44
422,44
423,44
424,44
425,44
426,44
427,44
428,44
429,44
430,44
431,44
432,44
433,44
434,44
435,44
436,44
437,44
438,44
439,44
440,44
441,44
442,44
443,44
444,44
445,44
446,44
447,44
448,44
449,44
450,44
451,44
452,44
453,44
454,44
455,44
456,44
457,44
458,44
459,44
460,44
461,44
462,44
463,44
464,44
465,44
466,44
467,44
468,44
469,44
470,44
471,44
472,44
473,44
474,44
475,44
476,44
477,44
478,44
479,44
480,44
481,44
482,44
483,44
484,44
485,44
486,44
487,44
488,44
489,44
490,44
491,44
492,44
493,44
494,45
495,45
496,45
497,45
498,45
499,45
500,45
501,45
502,45
503,44
504,44
505,44
506,44
507,44
508,44
509,44
510,44
511,44
512,44
513,44
514,44
515,44
516,44
517,44
518,44
519,44
520,44
521,44
522,44
523,44
524,44
525,44
526,44
527,44
528,44
529,44
530,44
531,44
532,44
533,44
534,44
535,44
536,44
537,44
538,44
539,44
540,44
541,44
542,44
543,44
544,44
545,44
546,44
547,44
548,44
549,44
550,44
551,43
552,43
553,43
554,44
555,44
556,44
557,44
558,44
559,44
560,44
561,44
562,44
563,44
564,44
565,44
566,44
567,44
568,44
569,44
570,44
571,44
572,44
573,44
574,44
575,44
576,44
577,44
578,44
579,44
580,44
581,44
582,44
583,44
584,44
585,44
586,44
587,44
588,44
589,44
590,44
591,44
592,44
593,44
594,44
595,44
596,44
597,44
598,44
599,44
600,44
601,44
602,44
603,44
604,44
605,44
606,44
607,44
608,44
609,44
610,44
611,44
612,44
613,44
614,44
615,44
616,44
617,44
618,44
619,44
620,44
621,44
622,44
623,44
624,44
625,44
626,44
627,44
628,44
629,44
630,44
631,44
632,44
633,44
634,44
635,44
636,44
637,44
638,44
639,44
640,44
641,44
642,44
643,44
644,44
645,44
646,44
647,44
648,44
649,44
650,44
651,44
652,44
653,44
654,44
655,44
656,44
657,44
658,44
659,44
660,44
661,44
662,44
663,44
664,44
665,44
666,44
667,44
668,44
669,44
670,44
671,44
672,44
673,44
674,44
675,44
676,44
677,44
678,44
679,44
680,44
681,44
682,44
683,44
684,44
685,44
686,44
687,44
688,44
689,44
690,44
691,44
692,44
693,44
694,44
695,44
696,44
697,44
698,44
699,44
700,44
701,44
702,44
703,44
704,44
705,44
706,44
707,44
708,44
709,44
710,44
711,44
712,44
713,44
714,44
715,44
716,44
717,44
718,44
719,44
720,44
721,44
722,44
723,44
724,44
725,44
726,44
727,44
728,44
729,44
730,44
731,44
732,44
733,44
734,44
735,44
736,44
737,44
738,44
739,44
740,44
741,44
742,44
743,44
744,44
745,44
746,44
747,44
748,44
749,44
750,44
751,44
752,44
753,44
754,44
755,44
756,44
757,44
758,44
759,44
760,44
761,44
762,44
763,44
764,44
765,44
766,44
767,44
768,44
769,44
770,44
771,44
772,44
773,44
774,44
775,44
776,44
777,44
778,44
779,44
780,44
781,44
782,44
783,44
784,44
785,44
786,44
787,44
788,44
789,44
790,44
791,44
792,44
793,44
794,44
795,44
796,44
797,44
798,44
799,44
800,44
801,44
802,44
803,44
804,44
805,44
806,44
807,44
808,44
809,44
810,44
811,44
812,44
813,44
814,44
815,44
816,44
817,44
818,44
819,44
820,44
821,44
822,44
823,44
824,44
825,44
826,44
827,44
828,44
829,44
830,44
831,44
832,44
833,44
834,44
835,44
836,44
837,44
838,44
839,44
840,44
841,44
842,44
843,44
844,44
845,44
846,44
847,44
848,44
849,44
850,44
851,44
852,44
853,44
854,44
855,44
856,44
857,44
858,44
859,44
860,44
861,44
862,44
863,44
864,44
865,44
866,44
867,44
868,44
869,44
870,44
871,44
872,44
873,44
874,44
875,44
876,44
877,44
878,44
879,44
880,44
881,44
882,44
883,44
884,44
885,44
886,44
887,44
888,44
889,44
890,44
891,44
892,44
893,44
894,44
895,44
896,44
897,44
898,44
899,44
900,44
901,44
902,44
903,44
904,44
905,44
906,44
907,44
908,44
909,44
910,44
911,44
912,44
913,44
914,44
915,44
916,44
917,44
918,44
919,44
920,44
921,44
922,44
923,44
924,44
925,44
926,44
927,44
928,44
929,44
930,44
931,44
932,44
933,44
934,44
935,44
936,44
937,44
938,44
939,44
940,44
941,44
942,44
943,44
944,44
945,44
946,44
947,44
948,44
949,44
950,44
951,44
952,44
953,44
954,44
955,44
956,44
957,44
958,44
959,44
960,44
961,44
962,44
963,44
964,44
965,44
966,44
967,44
968,44
969,44
970,44
971,44
972,44
973,44
974,44
975,44
976,44
977,44
978,44
979,44
980,44
981,44
982,44
983,44
984,44
985,44
986,45
987,45
988,45
989,45
990,45
991,45
992,45
993,45
994,45
995,45
996,45
997,45
998,45
999,45
1000,45
1001,45
1002,45
1003,45
1004,45
1005,45
1006,45
1007,45
1008,45
1009,45
1010,45
1011,45
1012,45
1013,45
1014,45
1015,45
1016,45
1017,45
1018,45
1019,45
1020,45
1021,44
1022,44
1023,44
1024,44
1025,44
1026,44
1027,44
1028,44
1029,44
1030,44
1031,44
1032,44
1033,44
1034,44
1035,44
1036,44
1037,44
1038,44
1039,44
1040,44
1041,44
1042,44
1043,44
1044,44
1045,44
1046,44
1047,44
1048,44
1049,44
1050,44
1051,44
1052,44
1053,44
1054,44
1055,44
1056,44
1057,44
1058,44
1059,44
1060,44
1061,44
1062,44
1063,44
1064,44
1065,44
1066,44
1067,44
1068,44
1069,44
1070,44
1071,44
1072,44
1073,44
1074,44
1075,44
1076,44
1077,44
1078,44
1079,44
1080,44
1081,44
1082,44
1083,44
1084,44
1085,44
1086,44
1087,44
1088,45
1089,44
1090,44
1091,44
1092,44
1093,44
1094,44
1095,44
1096,44
1097,44
1098,44
1099,44
1100,44
1101,44
1102,44
1103,44
1104,44
1105,44
1106,44
1107,44
1108,44
1109,44
1110,44
1111,44
1112,44
1113,44
1114,44
1115,44
1116,44
1117,44
1118,44
1119,44
1120,44
1121,44
1122,44
1123,44
1124,44
1125,44
1126,44
1127,44
1128,44
1129,44
1130,44
1131,44
1132,44
1133,44
1134,44
1135,44
1136,44
1137,44
1138,44
1139,44
1140,43
1141,43
1142,43
1143,43
1144,43
1145,43
1146,43
1147,43
1148,43
1149,43
1150,43
1151,43
1152,43
1153,44
1154,44
1155,44
1156,44
1157,44
1158,44
1159,44
1160,44
1161,44
1162,44
1163,44
1164,44
1165,44
1166,44
1167,44
1168,44
1169,44
1170,44
1171,44
1172,44
1173,44
1174,44
1175,44
1176,44
1177,44
1178,44
1179,44
1180,44
1181,44
1182,44
1183,44
1184,44
1185,44
1186,44
1187,44
1188,44
1189,44
1190,44
1191,44
1192,44
1193,44
1194,44
1195,44
1196,44
1197,44
1198,44
1199,44
1200,44
1201,44
1202,44
1203,44
1204,44
1205,44
1206,44
1207,43
1208,43
1209,43
1210,44
1211,44
1212,44
1213,44
1214,44
1215,44
1216,44
1217,44
1218,44
1219,44
1220,44
1221,44
1222,44
1223,44
1224,44
1225,44
1226,44
1227,44
1228,44
1229,44
1230,44
1231,44
1232,44
1233,44
1234,44
1235,44
1236,44
1237,44
1238,44
1239,44
1240,44
1241,44
1242,44
1243,44
1244,44
1245,44
1246,44
1247,44
1248,44
1249,44
1250,44
1251,44
1252,44
1253,44
1254,44
1255,44
1256,44
1257,44
1258,44
1259,44
1260,44
1261,44
1262,44
1263,44
1264,44
1265,44
1266,44
1267,44
1268,44
1269,44
1270,44
1271,44
1272,44
1273,44
1274,44
1275,44
1276,44
1277,44
1278,44
1279,44
1280,44
1281,44
1282,44
1283,44
1284,44
1285,44
1286,44
1287,44
1288,44
1289,44
1290,44
1291,44
1292,44
1293,44
1294,44
1295,44
1296,44
1297,44
1298,44
1299,44
1300,44
1301,44
1302,44
1303,44
1304,44
1305,44
1306,44
1307,44
1308,44
1309,44
1310,44
1311,44
1312,44
1313,44
1314,44
1315,44
1316,44
1317,44
1318,44
1319,44
1320,44
1321,44
1322,44
1323,44
1324,44
1325,44
1326,44
1327,44
1328,44
1329,44
1330,44
1331,44
1332,44
1333,44
1334,44
1335,44
1336,44
1337,44
1338,44
1339,44
1340,44
1341,44
1342,44
1343,44
1344,44
1345,44
1346,44
1347,44
1348,44
1349,44
1350,44
1351,44
1352,44
1353,44
1354,44
1355,44
1356,44
1357,44
1358,44
1359,44
1360,44
1361,44
1362,44
1363,44
1364,44
1365,44
1366,44
1367,44
1368,44
1369,44
1370,44
1371,44
1372,44
1373,44
1374,44
1375,44
1376,44
1377,44
1378,44
1379,44
1380,44
1381,44
1382,44
1383,44
1384,44
1385,44
1386,44
1387,44
1388,44
1389,44
1390,44
1391,44
1392,44
1393,44
1394,44
1395,44
1396,44
1397,44
1398,44
1399,44
1400,44
1401,44
1402,44
1403,44
1404,44
1405,44
1406,44
1407,44
1408,44
1409,44
1410,44
1411,44
1412,44
1413,44
1414,44
1415,44
1416,44
1417,44
1418,44
1419,44
1420,44
1421,44
1422,44
1423,44
1424,44
1425,44
1426,44
1427,44
1428,44
1429,44
1430,44
1431,44
1432,44
1433,44
1434,44
1435,44
1436,44
1437,44
1438,44
1439,44
1440,44
1441,44
1442,44
1443,44
1444,44
1445,44
1446,44
1447,44
1448,44
1449,44
1450,44
1451,44
1452,44
1453,44
1454,44
1455,44
1456,44
1457,44
1458,44
1459,44
1460,44
1461,44
1462,44
1463,44
1464,44
1465,44
1466,44
1467,44
1468,44
1469,44
1470,44
1471,44
1472,44
1473,44
1474,44
1475,44
1476,44
1477,44
1478,44
1479,44
1480,44
1481,44
1482,44
1483,44
1484,44
1485,44
1486,44
1487,44
1488,44
1489,44
1490,44
1491,44
1492,44
1493,44
1494,44
1495,44
1496,44
1497,44
1498,44
1499,44
1500,44
1501,44
1502,44
1503,44
1504,44
1505,44
1506,44
1507,44
1508,44
1509,44
1510,44
1511,44
1512,44
1513,44
1514,44
1515,44
1516,44
1517,44
1518,44
1519,44
1520,44
1521,44
1522,44
1523,44
1524,44
1525,44
1526,44
1527,44
1528,44
1529,44
1530,44
1531,44
1532,44
1533,44
1534,44
1535,44
1536,44
1537,44
1538,44
1539,44
1540,44
1541,44
1542,44
1543,44
1544,44
1545,44
1546,44
1547,44
1548,44
1549,44
1550,44
1551,44
1552,44
1553,44
1554,44
1555,44
1556,44
1557,44
1558,44
1559,44
1560,44
1561,44
1562,44
1563,44
1564,44
1565,44
1566,44
1567,44
1568,44
1569,44
1570,44
1571,44
1572,44
1573,44
1574,44
1575,44
1576,44
1577,44
1578,44
1579,44
1580,44
1581,44
1582,44
1583,44
1584,44
1585,44
1586,44
1587,44
1588,44
1589,44
1590,44
1591,44
1592,44
1593,44
1594,44
1595,44
1596,44
1597,44
1598,44
1599,44
1600,44
1601,44
1602,44
1603,44
1604,44
1605,44
1606,44
1607,44
1608,44
1609,44
1610,44
1611,44
1612,44
1613,44
1614,44
1615,44
1616,44
1617,44
1618,44
1619,44
1620,44
1621,44
1622,44
1623,44
1624,44
1625,44
1626,44
1627,44
1628,44
1629,44
1630,44
1631,44
1632,44
1633,44
1634,44
1635,44
1636,44
1637,44
1638,44
1639,44
1640,44
1641,44
1642,44
1643,44
1644,44
1645,44
1646,44
1647,44
1648,44
1649,44
1650,44
1651,44
1652,44
1653,44
1654,44
1655,44
1656,44
1657,44
1658,44
1659,44
1660,44
1661,44
1662,44
1663,44
1664,44
1665,44
1666,44
1667,44
1668,44
1669,44
1670,44
1671,44
1672,44
1673,44
1674,44
1675,44
1676,44
1677,44
1678,44
1679,44
1680,44
1681,44
1682,44
1683,44
1684,44
1685,44
1686,44
1687,44
1688,44
1689,44
1690,44
1691,44
1692,44
1693,44
1694,44
1695,44
1696,44
1697,44
1698,44
1699,44
1700,44
1701,44
1702,44
1703,44
1704,44
1705,44
1706,44
1707,44
1708,44
1709,44
1710,44
1711,44
1712,44
1713,44
1714,44
1715,44
1716,44
1717,44
1718,44
1719,44
1720,44
1721,44
1722,44
1723,44
1724,44
1725,44
1726,44
1727,44
1728,44
1729,44
1730,44
1731,44
1732,44
1733,44
1734,44
1735,44
1736,44
1737,44
1738,44
1739,44
1740,44
1741,44
1742,44
1743,44
1744,44
1745,44
1746,44
1747,44
1748,44
1749,45
1750,45
1751,45
1752,45
1753,45
1754,45
1755,45
1756,45
1757,45
1758,45
1759,45
1760,45
1761,45
1762,45
1763,45
1764,45
1765,45
1766,45
1767,45
1768,45
1769,45
1770,45
1771,45
1772,45
1773,45
1774,45
1775,45
1776,45
1777,45
1778,45
1779,45
1780,45
1781,45
1782,45
1783,45
1784,45
1785,45
1786,45
1787,45
1788,45
1789,45
1790,44
1791,44
1792,44
1793,44
1794,44
1795,44
1796,44
1797,44
1798,44
1799,44
1800,44
1801,44
1802,44
1803,44
1804,44
1805,44
1806,44
1807,44
1808,44
1809,44
1810,44
1811,44
1812,44
1813,44
1814,44
1815,44
1816,44
1817,44
1818,44
1819,44
1820,44
1821,44
1822,44
1823,44
1824,44
1825,44
1826,44
1827,44
1828,44
1829,44
1830,44
1831,44
1832,44
1833,44
1834,44
1835,44
1836,44
1837,44
1838,44
1839,44
1840,44
1841,44
1842,44
1843,44
1844,44
1845,44
1846,44
1847,44
1848,44
1849,44
1850,44
1851,44
1852,44
1853,44
1854,44
1855,44
1856,44
1857,44
1858,44
1859,44
1860,44
1861,44
1862,44
1863,44
1864,44
1865,44
1866,44
1867,44
1868,44
1869,44
1870,44
1871,44
1872,44
1873,44
1874,44
1875,44
1876,44
1877,44
1878,44
1879,44
1880,44
1881,44
1882,44
1883,44
1884,44
1885,44
1886,44
1887,44
1888,44
1889,44
1890,44
1891,44
1892,44
1893,44
1894,44
1895,44
1896,44
1897,44
1898,44
1899,44
1900,44
1901,44
1902,44
1903,44
1904,44
1905,44
1906,44
1907,44
1908,44
1909,44
1910,44
1911,44
1912,44
1913,44
1914,44
1915,44
1916,44
1917,44
1918,44
1919,44
1920,44
1921,44
1922,44
1923,44
1924,44
1925,44
1926,44
1927,44
1928,44
1929,44
1930,44
1931,44
1932,44
1933,44
1934,44
1935,44
1936,44
1937,44
1938,44
1939,44
1940,44
1941,44
1942,44
1943,44
1944,44
1945,44
1946,44
1947,44
1948,44
1949,44
1950,44
1951,44
1952,44
1953,44
1954,44
1955,44
1956,44
1957,44
1958,44
1959,44
1960,44
1961,44
1962,44
1963,44
1964,44
1965,44
1966,44
1967,44
1968,44
1969,44
1970,44
1971,44
1972,44
1973,44
1974,44
1975,44
1976,44
1977,44
1978,44
1979,44
1980,44
1981,44
1982,44
1983,44
1984,44
1985,44
1986,44
1987,44
1988,44
1989,44
1990,44
1991,44
1992,44
1993,44
1994,44
1995,44
1996,44
1997,44
1998,44
1999,44
2000,44
2001,44
2002,44
2003,44
2004,44
2005,44
2006,44
2007,44
2008,44
2009,44
2010,44
2011,44
2012,44
2013,44
2014,44
2015,44
2016,44
2017,44
2018,44
2019,44
2020,44
2021,44
2022,44
2023,44
2024,44
2025,44
2026,44
2027,44
2028,44
2029,44
2030,44
2031,44
2032,44
2033,44
2034,44
2035,44
2036,44
2037,44
2038,44
2039,44
2040,44
2041,44
2042,44
2043,44
2044,44
2045,44
2046,44
2047,44
2048,44
2049,44
2050,44
2051,44
2052,44
2053,44
2054,44
2055,44
2056,44
2057,44
2058,44
2059,44
2060,44
2061,44
2062,44
2063,44
2064,44
2065,44
2066,44
2067,44
2068,44
2069,44
2070,44
2071,44
2072,44
2073,44
2074,44
2075,44
2076,44
2077,44
2078,44
2079,44
2080,44
2081,44
2082,44
2083,44
2084,44
2085,44
2086,44
2087,44
2088,44
2089,44
2090,44
2091,44
2092,44
2093,44
2094,44
2095,44
2096,44
2097,44
2098,44
2099,44
2100,45
2101,45
2102,44
2103,44
2104,44
2105,44
2106,44
2107,44
2108,44
2109,44
2110,44
2111,44
2112,44
2113,44
2114,44
2115,44
2116,44
2117,44
2118,44
2119,44
2120,44
2121,44
2122,44
2123,44
2124,44
2125,44
2126,44
2127,44
2128,44
2129,44
2130,44
2131,44
2132,44
2133,44
2134,44
2135,44
2136,44
2137,44
2138,44
2139,44
2140,44
2141,44
2142,44
2143,44
2144,44
2145,44
2146,44
2147,44
2148,44
2149,44
2150,44
2151,44
2152,44
2153,44
2154,44
2155,44
2156,44
2157,44
2158,44
2159,44
2160,44
2161,44
2162,44
2163,44
2164,44
2165,44
2166,44
2167,44
2168,44
2169,44
2170,44
2171,44
2172,44
2173,44
2174,44
2175,44
2176,44
2177,44
2178,44
2179,44
2180,44
2181,44
2182,44
2183,44
2184,44
2185,44
2186,44
2187,44
2188,44
2189,44
2190,44
2191,44
2192,44
2193,44
2194,44
2195,44
2196,44
2197,44
2198,44
2199,44
2200,44
2201,44
2202,44
2203,44
2204,44
2205,44
2206,44
2207,44
2208,44
2209,44
2210,44
2211,44
2212,44
2213,44
2214,44
2215,44
2216,44
2217,44
2218,44
2219,44
2220,44
2221,44
2222,44
2223,44
2224,44
2225,44
2226,44
2227,44
2228,44
2229,44
2230,44
2231,44
2232,44
2233,44
2234,44
2235,44
2236,44
2237,44
2238,44
2239,44
2240,44
2241,44
2242,44
2243,44
2244,44
2245,44
2246,44
2247,44
2248,44
2249,44
2250,44
2251,44
2252,44
2253,44
2254,44
2255,44
2256,44
2257,44
2258,44
2259,44
2260,44
2261,44
2262,44
2263,44
2264,44
2265,44
2266,44
2267,44
2268,44
2269,44
2270,44
2271,44
2272,44
2273,44
2274,44
2275,44
2276,44
2277,44
2278,44
2279,44
2280,44
2281,44
2282,44
2283,44
2284,44
2285,44
2286,44
2287,44
2288,44
2289,44
2290,44
2291,44
2292,44
2293,44
2294,44
2295,44
2296,44
2297,44
2298,44
2299,44
2300,44
2301,44
2302,44
2303,44
2304,44
2305,44
2306,44
2307,44
2308,44
2309,44
2310,44
2311,44
2312,44
2313,44
2314,44
2315,44
2316,44
2317,44
2318,44
2319,44
2320,44
2321,44
2322,44
2323,44
2324,44
2325,44
2326,44
2327,44
2328,44
2329,44
2330,44
2331,44
2332,44
2333,44
2334,44
2335,44
2336,44
2337,44
2338,44
2339,44
2340,44
2341,44
2342,44
2343,44
2344,44
2345,44
2346,44
2347,44
2348,44
2349,44
2350,44
2351,44
2352,44
2353,44
2354,44
2355,44
2356,44
2357,44
2358,44
2359,44
2360,44
2361,44
2362,44
2363,44
2364,44
2365,44
2366,44
2367,44
2368,44
2369,44
2370,44
2371,44
2372,44
2373,44
2374,44
2375,44
2376,44
2377,44
2378,44
2379,44
2380,44
2381,44
2382,44
2383,44
2384,44
2385,44
2386,44
2387,44
2388,44
2389,44
2390,44
2391,44
2392,44
2393,44
2394,44
2395,44
2396,44
2397,44
2398,44
2399,44
2400,44
2401,44
2402,44
2403,44
2404,44
2405,44
2406,44
2407,44
2408,44
2409,44
2410,44
2411,44
2412,44
2413,44
2414,44
2415,44
2416,44
2417,44
2418,44
2419,44
2420,44
2421,44
2422,44
2423,44
2424,44
2425,44
2426,44
2427,44
2428,44
2429,44
2430,44
2431,44
2432,44
2433,44
2434,44
2435,44
2436,44
2437,44
2438,44
2439,44
2440,44
2441,44
2442,44
2443,44
2444,44
2445,44
2446,44
2447,44
2448,44
2449,44
2450,44
2451,44
2452,44
2453,44
2454,44
2455,44
2456,44
2457,44
2458,44
2459,44
2460,44
2461,44
2462,44
2463,44
2464,44
2465,44
2466,44
2467,44
2468,44
2469,44
2470,44
2471,44
2472,44
2473,44
2474,44
2475,44
2476,44
2477,44
2478,44
2479,44
2480,44
2481,44
2482,44
2483,44
2484,44
2485,44
2486,44
2487,44
2488,44
2489,44
2490,44
2491,44
2492,44
2493,44
2494,44
2495,44
2496,44
2497,44
2498,44
2499,44
2500,44
2501,44
2502,44
2503,44
2504,44
2505,44
2506,44
2507,44
2508,44
2509,44
2510,44
2511,44
2512,44
2513,44
2514,44
2515,44
2516,44
2517,44
2518,44
2519,44
2520,44
2521,44
2522,44
2523,44
2524,44
2525,44
2526,44
2527,44
2528,44
2529,44
2530,44
2531,44
2532,44
2533,44
2534,44
2535,44
2536,44
2537,44
2538,44
2539,44
2540,44
2541,44
2542,44
2543,44
2544,44
2545,44
2546,44
2547,44
2548,44
2549,44
2550,44
2551,44
2552,44
2553,44
2554,44
2555,44
2556,44
2557,44
2558,44
2559,44
2560,44
2561,44
2562,44
2563,44
2564,44
2565,44
2566,44
2567,44
2568,44
2569,44
2570,44
2571,44
2572,44
2573,44
2574,44
2575,44
2576,44
2577,44
2578,44
2579,44
2580,44
2581,44
2582,44
2583,44
2584,44
2585,44
2586,44
2587,44
2588,44
2589,44
2590,44
2591,44
2592,44
2593,44
2594,44
2595,44
2596,44
2597,44
2598,44
2599,44
2600,44
2601,44
2602,44
2603,44
2604,44
2605,44
2606,44
2607,44
2608,44
2609,44
2610,44
2611,44
2612,44
2613,43
2614,43
2615,44
2616,44
2617,44
2618,44
2619,44
2620,44
2621,44
2622,44
2623,44
2624,44
2625,44
2626,44
2627,44
2628,44
2629,44
2630,44
2631,44
2632,44
2633,44
2634,44
2635,44
2636,44
2637,44
2638,44
2639,44
2640,44
2641,44
2642,44
2643,44
2644,44
2645,44
2646,44
2647,44
2648,44
2649,44
2650,44
2651,44
2652,44
2653,44
2654,44
2655,44
2656,44
2657,44
2658,44
2659,44
2660,44
2661,44
2662,44
2663,44
2664,44
2665,44
2666,44
2667,44
2668,44
2669,44
2670,44
2671,44
2672,44
2673,44
2674,44
2675,44
2676,44
2677,44
2678,44
2679,44
2680,44
2681,44
2682,44
2683,44
2684,44
2685,44
2686,44
2687,44
2688,44
2689,44
2690,44
2691,44
2692,44
2693,44
2694,44
2695,44
2696,44
2697,44
2698,44
2699,44
2700,44
2701,44
2702,44
2703,44
2704,44
2705,44
2706,44
2707,44
2708,44
2709,44
2710,44
2711,44
2712,44
2713,44
2714,44
2715,44
2716,44
2717,44
2718,44
2719,44
2720,44
2721,44
2722,44
2723,44
2724,44
2725,44
2726,44
2727,44
2728,44
2729,44
2730,44
2731,44
2732,44
2733,44
2734,44
2735,44
2736,44
2737,44
2738,44
2739,44
2740,44
2741,44
2742,44
2743,44
2744,44
2745,44
2746,44
2747,44
2748,44
2749,44
2750,44
2751,44
2752,44
2753,44
2754,44
2755,44
2756,44
2757,44
2758,44
2759,44
2760,44
2761,44
2762,44
2763,44
2764,44
2765,44
2766,44
2767,44
2768,44
2769,44
2770,44
2771,44
2772,44
2773,44
2774,44
2775,44
2776,44
2777,44
2778,44
2779,44
2780,44
2781,44
2782,44
2783,44
2784,44
2785,44
2786,44
2787,44
2788,44
2789,44
2790,44
2791,44
2792,44
2793,44
2794,44
2795,44
2796,44
2797,44
2798,44
2799,44
2800,44
2801,44
2802,44
2803,44
2804,44
2805,44
2806,44
2807,44
2808,44
2809,44
2810,44
2811,44
2812,44
2813,44
2814,44
2815,44
2816,44
2817,44
2818,44
2819,44
2820,44
2821,44
2822,44
2823,44
2824,44
2825,44
2826,44
2827,44
2828,44
2829,44
2830,44
2831,44
2832,44
2833,44
2834,44
2835,44
2836,44
2837,44
2838,44
2839,44
2840,44
2841,44
2842,44
2843,44
2844,44
2845,44
2846,44
2847,44
2848,44
2849,44
2850,44
2851,44
2852,44
2853,44
2854,44
2855,44
2856,44
2857,44
2858,44
2859,44
2860,44
2861,44
2862,44
2863,44
2864,44
2865,44
2866,44
2867,44
2868,44
2869,44
2870,44
2871,44
2872,44
2873,44
2874,44
2875,44
2876,44
2877,44
2878,44
2879,44
2880,44
2881,44
2882,44
2883,44
2884,44
2885,44
2886,44
2887,44
2888,44
2889,44
2890,44
2891,44
2892,44
2893,44
2894,44
2895,44
2896,44
2897,44
2898,44
2899,44
2900,44
2901,44
2902,44
2903,44
2904,44
2905,44
2906,44
2907,44
2908,44
2909,44
2910,44
2911,44
2912,44
2913,44
2914,44
2915,44
2916,44
2917,44
2918,44
2919,44
2920,44
2921,44
2922,44
2923,44
2924,44
2925,44
2926,44
2927,44
2928,44
2929,44
2930,44
2931,44
2932,44
2933,44
2934,44
2935,44
2936,44
2937,44
2938,44
2939,44
2940,44
2941,44
2942,44
2943,44
2944,44
2945,44
2946,44
2947,44
2948,44
2949,44
2950,44
2951,44
2952,44
2953,44
2954,44
2955,44
2956,44
2957,44
2958,44
2959,44
2960,44
2961,44
2962,44
2963,44
2964,44
2965,44
2966,44
2967,44
2968,44
2969,44
2970,44
2971,44
2972,44
2973,44
2974,44
2975,44
2976,44
2977,44
2978,44
2979,44
2980,44
2981,44
2982,44
2983,44
2984,44
2985,44
2986,44
2987,44
2988,44
2989,44
2990,44
2991,44
2992,44
2993,44
2994,44
2995,44
2996,44
2997,44
2998,44
2999,44
3000,44
3001,44
3002,44
3003,44
3004,44
3005,44
3006,44
3007,44
3008,44
3009,44
3010,44
3011,44
3012,44
3013,44
3014,44
3015,44
3016,44
3017,44
3018,44
3019,44
3020,44
3021,44
3022,44
3023,44
3024,44
3025,44
3026,44
3027,44
3028,44
3029,44
3030,44
3031,44
3032,44
3033,44
3034,44
3035,44
3036,44
3037,44
3038,44
3039,44
3040,44
3041,44
3042,44
3043,44
3044,44
3045,44
3046,44
3047,44
3048,44
3049,44
3050,44
3051,44
3052,44
3053,44
3054,44
3055,44
3056,44
3057,44
3058,44
3059,44
3060,44
3061,44
3062,44
3063,44
3064,44
3065,44
3066,44
3067,44
3068,44
3069,44
3070,44
3071,44
3072,44
3073,44
3074,44
3075,44
3076,44
3077,44
3078,44
3079,44
3080,44
3081,44
3082,44
3083,44
3084,44
3085,44
3086,44
3087,44
3088,44
3089,44
3090,44
3091,44
3092,44
3093,44
3094,44
3095,44
3096,44
3097,44
3098,44
3099,44
3100,44
3101,44
3102,44
3103,44
3104,44
3105,44
3106,44
3107,44
3108,44
3109,44
3110,44
3111,44
3112,44
3113,44
3114,44
3115,44
3116,44
3117,44
3118,44
3119,44
3120,44
3121,44
3122,44
3123,44
3124,44
3125,44
3126,44
3127,44
3128,44
3129,44
3130,44
3131,44
3132,44
3133,44
3134,44
3135,44
3136,44
3137,44
3138,44
3139,44
3140,44
3141,44
3142,44
3143,44
3144,44
3145,44
3146,44
3147,44
3148,44
3149,44
3150,44
3151,44
3152,44
3153,44
3154,44
3155,44
3156,44
3157,44
3158,44
3159,44
3160,44
3161,44
3162,44
3163,44
3164,44
3165,44
3166,44
3167,44
3168,44
3169,44
3170,44
3171,44
3172,44
3173,44
3174,44
3175,44
3176,44
3177,44
3178,44
3179,44
3180,44
3181,44
3182,44
3183,44
3184,44
3185,44
3186,44
3187,44
3188,44
3189,44
3190,44
3191,44
3192,44
3193,44
3194,44
3195,44
3196,44
3197,44
3198,44
3199,44
3200,44
3201,44
3202,44
3203,44
3204,44
3205,44
3206,44
3207,44
3208,44
3209,44
3210,44
3211,44
3212,44
3213,44
3214,44
3215,44
3216,44
3217,44
3218,44
3219,44
3220,44
3221,44
3222,44
3223,44
3224,44
3225,44
3226,44
3227,44
3228,44
3229,44
3230,44
3231,44
3232,44
3233,44
3234,44
3235,44
3236,44
3237,44
3238,44
3239,44
3240,44
3241,44
3242,44
3243,44
3244,44
3245,44
3246,44
3247,44
3248,44
3249,44
3250,44
3251,44
3252,44
3253,44
3254,44
3255,44
3256,44
3257,44
3258,44
3259,44
3260,44
3261,44
3262,44
3263,44
3264,44
3265,44
3266,44
3267,44
3268,44
3269,44
3270,44
3271,44
3272,44
3273,44
3274,44
3275,44
3276,44
3277,44
3278,44
3279,44
3280,44
3281,44
3282,44
3283,44
3284,44
3285,44
3286,44
3287,44
3288,44
3289,44
3290,44
3291,44
3292,44
3293,44
3294,44
3295,44
3296,44
3297,44
3298,44
3299,44
3300,44
3301,44
3302,44
3303,44
3304,44
3305,44
3306,44
3307,44
3308,44
3309,44
3310,44
3311,44
3312,44
3313,44
3314,44
3315,44
3316,44
3317,44
3318,44
3319,44
3320,44
3321,44
3322,44
3323,44
3324,44
3325,44
3326,44
3327,44
3328,44
3329,44
3330,44
3331,44
3332,44
3333,44
3334,44
3335,44
3336,44
3337,44
3338,44
3339,44
3340,44
3341,44
3342,44
3343,44
3344,44
3345,44
3346,44
3347,44
3348,44
3349,44
3350,44
3351,44
3352,44
3353,44
3354,44
3355,44
3356,44
3357,44
3358,44
3359,44
3360,44
3361,44
3362,44
3363,44
3364,44
3365,44
3366,44
3367,44
3368,44
3369,44
3370,44
3371,44
3372,44
3373,44
3374,44
3375,44
3376,44
3377,44
3378,44
3379,44
3380,44
3381,44
3382,44
3383,44
3384,44
3385,44
3386,44
3387,44
3388,44
3389,44
3390,44
3391,44
3392,44
3393,44
3394,44
3395,44
3396,44
3397,44
3398,44
3399,44
3400,44
3401,44
3402,44
3403,44
3404,44
3405,44
3406,44
3407,44
3408,44
3409,44
3410,44
3411,44
3412,44
3413,44
3414,44
3415,44
3416,44
3417,44
3418,44
3419,44
3420,44
3421,44
3422,44
3423,44
3424,44
3425,44
3426,44
3427,44
3428,44
3429,44
3430,44
3431,44
3432,44
3433,44
3434,44
3435,44
3436,44
3437,44
3438,44
3439,44
3440,44
3441,44
3442,44
3443,44
3444,44
3445,44
3446,44
3447,44
3448,44
3449,44
3450,44
3451,44
3452,44
3453,45
3454,45
3455,45
3456,45
3457,45
3458,45
3459,45
3460,45
3461,45
3462,45
3463,45
3464,45
3465,45
3466,45
3467,45
3468,45
3469,45
3470,45
3471,45
3472,45
3473,45
3474,45
3475,45
3476,45
3477,45
3478,45
3479,45
3480,45
3481,45
3482,45
3483,45
3484,45
3485,45
3486,45
3487,45
3488,45
3489,45
3490,45
3491,45
3492,45
3493,45
3494,45
3495,45
3496,45
3497,45
3498,45
3499,45
3500,45
3501,45
3502,45
3503,45
3504,45
3505,45
3506,45
3507,45
3508,45
3509,45
3510,45
3511,45
3512,45
3513,45
3514,45
3515,45
3516,45
3517,45
3518,45
3519,45
3520,45
3521,45
3522,45
3523,44
3524,44
3525,44
3526,44
3527,44
3528,44
3529,44
3530,44
3531,44
3532,44
3533,44
3534,44
3535,44
3536,44
3537,44
3538,44
3539,44
3540,44
3541,44
3542,44
3543,44
3544,44
3545,44
3546,44
3547,44
3548,44
3549,44
3550,44
3551,44
3552,44
3553,44
3554,44
3555,44
3556,44
3557,45
3558,45
3559,45
3560,45
3561,45
3562,45
3563,45
3564,45
3565,45
3566,45
3567,45
3568,45
3569,45
3570,45
3571,45
3572,45
3573,45
3574,45
3575,45
3576,45
3577,45
3578,45
3579,45
3580,45
3581,44
3582,44
3583,44
3584,44
3585,44
3586,44
3587,44
3588,44
3589,44
3590,44
3591,44
3592,44
3593,44
3594,44
3595,44
3596,44
3597,44
3598,44
3599,44
3600,44
3601,44
3602,44
3603,44
3604,44
3605,44
3606,44
3607,44
3608,44
3609,44
3610,44
3611,44
3612,44
3613,44
3614,44
3615,44
3616,44
3617,44
3618,44
3619,44
3620,44
3621,44
3622,44
3623,44
3624,44
3625,44
3626,44
3627,44
3628,44
3629,44
3630,44
3631,44
3632,44
3633,44
3634,44
3635,44
3636,44
3637,44
3638,44
3639,44
3640,44
3641,44
3642,44
3643,44
3644,44
3645,44
3646,44
3647,44
3648,44
3649,44
3650,44
3651,44
3652,44
3653,44
3654,44
3655,44
3656,44
3657,44
3658,44
3659,44
3660,44
3661,44
3662,44
3663,44
3664,44
3665,44
3666,44
3667,44
3668,44
3669,44
3670,44
3671,44
3672,44
3673,44
3674,44
3675,44
3676,44
3677,44
3678,44
3679,44
3680,44
3681,44
3682,44
3683,44
3684,44
3685,44
3686,44
3687,44
3688,44
3689,44
3690,44
3691,44
3692,44
3693,44
3694,44
3695,44
3696,44
3697,44
3698,44
3699,44
3700,44
3701,45
3702,45
3703,45
3704,45
3705,45
3706,45
3707,45
3708,45
3709,45
3710,45
3711,45
3712,45
3713,45
3714,45
3715,45
3716,45
3717,45
3718,45
3719,45
3720,45
3721,45
3722,45
3723,45
3724,45
3725,45
3726,45
3727,45
3728,45
3729,45
3730,45
3731,45
3732,45
3733,45
3734,45
3735,45
3736,45
3737,45
3738,45
3739,45
3740,45
3741,45
3742,45
3743,45
3744,45
3745,45
3746,45
3747,45
3748,45
3749,45
3750,45
3751,45
3752,45
3753,44
3754,44
3755,45
3756,45
3757,45
3758,45
3759,45
3760,45
3761,45
3762,45
3763,45
3764,45
3765,45
3766,45
3767,45
3768,45
3769,45
3770,45
3771,44
3772,44
3773,44
3774,44
3775,44
3776,44
3777,44
3778,44
3779,44
3780,44
3781,44
3782,44
3783,44
3784,44
3785,44
3786,44
3787,44
3788,44
3789,44
3790,44
3791,44
3792,44
3793,44
3794,44
3795,44
3796,44
3797,44
3798,44
3799,44
3800,45
3801,45
3802,44
3803,44
3804,44
3805,44
3806,44
3807,44
3808,44
3809,44
3810,44
3811,44
3812,44
3813,44
3814,44
3815,44
3816,44
3817,44
3818,44
3819,44
3820,44
3821,45
3822,45
3823,45
3824,45
3825,45
3826,45
3827,45
3828,45
3829,45
3830,45
3831,45
3832,45
3833,45
3834,45
3835,45
3836,45
3837,45
3838,45
3839,45
3840,45
3841,45
3842,45
3843,45
3844,45
3845,45
3846,45
3847,45
3848,45
3849,45
3850,45
3851,45
3852,45
3853,45
3854,45
3855,45
3856,45
3857,45
3858,45
3859,45
3860,45
3861,45
3862,45
3863,45
3864,45
3865,45
3866,45
3867,45
3868,45
3869,45
3870,45
3871,45
3872,45
3873,45
3874,45
3875,45
3876,45
3877,45
3878,45
3879,45
3880,45
3881,45
3882,45
3883,45
3884,44
3885,44
3886,44
3887,44
3888,44
3889,44
3890,44
3891,44
3892,44
3893,44
3894,44
3895,44
3896,44
3897,44
3898,44
3899,44
3900,44
3901,44
3902,44
3903,44
3904,44
3905,44
3906,44
3907,44
3908,44
3909,44
3910,44
3911,44
3912,44
3913,44
3914,44
3915,44
3916,44
3917,44
3918,44
3919,44
3920,44
3921,44
3922,44
3923,44
3924,44
3925,44
3926,44
3927,44
3928,44
3929,44
3930,44
3931,44
3932,44
3933,44
3934,44
3935,44
3936,44
3937,44
3938,44
3939,44
3940,44
3941,44
3942,44
3943,44
3944,44
3945,44
3946,44
3947,44
3948,44
3949,44
3950,44
3951,44
3952,44
3953,44
3954,44
3955,44
3956,44
3957,44
3958,44
3959,44
3960,44
3961,44
3962,44
3963,44
3964,44
3965,45
3966,45
3967,45
3968,45
3969,45
3970,45
3971,45
3972,45
3973,45
3974,45
3975,45
3976,45
3977,45
3978,45
3979,45
3980,45
3981,45
3982,45
3983,45
3984,45
3985,45
3986,45
3987,45
3988,45
3989,45
3990,45
3991,45
3992,45
3993,45
3994,45
3995,45
3996,45
3997,45
3998,45
3999,45
4000,45
4001,45
4002,45
4003,45
4004,45
4005,45
4006,45
4007,45
4008,45
4009,45
4010,45
4011,45
4012,45
4013,45
4014,45
4015,45
4016,45
4017,45
4018,45
4019,44
4020,44
4021,44
4022,44
4023,44
4024,44
4025,44
4026,44
4027,44
4028,44
4029,44
4030,44
4031,44
4032,44
4033,44
4034,44
4035,44
4036,44
4037,44
4038,44
4039,44
4040,44
4041,44
4042,44
4043,44
4044,44
4045,44
4046,44
4047,44
4048,44
4049,44
4050,44
4051,44
4052,44
4053,44
4054,44
4055,44
4056,44
4057,44
4058,44
4059,44
4060,44
4061,44
4062,44
4063,44
4064,44
4065,44
4066,44
4067,44
4068,44
4069,44
4070,44
4071,44
4072,44
4073,44
4074,44
4075,44
4076,44
4077,44
4078,44
4079,44
4080,44
4081,44
4082,44
4083,44
4084,44
4085,44
4086,44
4087,44
4088,44
4089,44
4090,44
4091,44
4092,44
4093,44
4094,44
4095,44
4096,44
4097,44
4098,44
4099,44
4100,44
4101,44
4102,44
4103,44
4104,44
4105,44
4106,44
4107,44
4108,44
4109,44
4110,44
4111,44
4112,44
4113,44
4114,44
4115,44
4116,44
4117,44
4118,44
4119,44
4120,44
4121,44
4122,44
4123,44
4124,44
4125,44
4126,44
4127,44
4128,44
4129,44
4130,44
4131,44
4132,44
4133,44
4134,44
4135,44
4136,44
4137,44
4138,44
4139,44
4140,44
4141,44
4142,44
4143,44
4144,44
4145,44
4146,44
4147,44
4148,44
4149,44
4150,44
4151,44
4152,44
4153,44
4154,44
4155,44
4156,44
4157,44
4158,44
4159,44
4160,44
4161,44
4162,44
4163,44
4164,44
4165,44
4166,44
4167,44
4168,44
4169,44
4170,44
4171,44
4172,44
4173,44
4174,44
4175,44
4176,44
4177,44
4178,44
4179,44
4180,44
4181,44
4182,44
4183,44
4184,44
4185,44
4186,44
4187,44
4188,44
4189,44
4190,44
4191,44
4192,44
4193,44
4194,44
4195,44
4196,44
4197,44
4198,44
4199,44
4200,44
4201,44
4202,44
4203,44
4204,44
4205,44
4206,45
4207,45
4208,45
4209,44
4210,44
4211,44
4212,44
4213,44
4214,44
4215,44
4216,44
4217,44
4218,44
4219,44
4220,44
4221,44
4222,44
4223,44
4224,44
4225,44
4226,44
4227,44
4228,44
4229,44
4230,44
4231,44
4232,44
4233,44
4234,44
4235,44
4236,44
4237,44
4238,44
4239,44
4240,44
4241,44
4242,44
4243,44
4244,44
4245,44
4246,44
4247,44
4248,44
4249,44
4250,44
4251,44
4252,44
4253,44
4254,44
4255,44
4256,44
4257,44
4258,44
4259,44
4260,44
4261,44
4262,44
4263,44
4264,44
4265,44
4266,44
4267,44
4268,44
4269,44
4270,44
4271,44
4272,44
4273,44
4274,44
4275,44
4276,44
4277,44
4278,44
4279,44
4280,44
4281,45
4282,45
4283,45
4284,45
4285,45
4286,45
4287,45
4288,45
4289,45
4290,45
4291,45
4292,45
4293,45
4294,45
4295,45
4296,45
4297,45
4298,45
4299,45
4300,45
4301,45
4302,45
4303,45
4304,45
4305,45
4306,45
4307,45
4308,45
4309,45
4310,45
4311,45
4312,45
4313,45
4314,45
4315,45
4316,45
4317,45
4318,45
4319,45
4320,45
4321,45
4322,45
4323,45
4324,45
4325,44
4326,44
4327,44
4328,44
4329,44
4330,44
4331,44
4332,44
4333,44
4334,44
4335,44
4336,44
4337,44
4338,44
4339,44
4340,44
4341,44
4342,44
4343,44
4344,44
4345,45
4346,45
4347,45
4348,45
4349,45
4350,45
4351,45
4352,45
4353,45
4354,45
4355,45
4356,45
4357,45
4358,45
4359,45
4360,45
4361,45
4362,45
4363,45
4364,45
4365,45
4366,45
4367,45
4368,45
4369,45
4370,45
4371,45
4372,45
4373,45
4374,45
4375,45
4376,45
4377,45
4378,45
4379,45
4380,45
4381,45
4382,45
4383,45
4384,45
4385,45
4386,45
4387,45
4388,45
4389,45
4390,45
4391,45
4392,45
4393,45
4394,45
4395,45
4396,44
4397,44
4398,44
4399,44
4400,44
4401,44
4402,44
4403,44
4404,44
4405,44
4406,44
4407,44
4408,44
4409,44
4410,44
4411,44
4412,45
4413,45
4414,45
4415,45
4416,45
4417,45
4418,45
4419,45
4420,45
4421,45
4422,45
4423,45
4424,45
4425,45
4426,45
4427,45
4428,45
4429,45
4430,45
4431,45
4432,45
4433,45
4434,45
4435,45
4436,45
4437,45
4438,45
4439,45
4440,45
4441,45
4442,45
4443,45
4444,45
4445,45
4446,45
4447,45
4448,45
4449,45
4450,45
4451,45
4452,45
4453,45
4454,45
4455,45
4456,45
4457,45
4458,45
4459,45
4460,45
4461,45
4462,45
4463,45
4464,45
4465,45
4466,45
4467,45
4468,45
4469,45
4470,45
4471,45
4472,45
4473,45
4474,45
4475,45
4476,45
4477,45
4478,45
4479,45
4480,45
4481,45
4482,45
4483,45
4484,44
4485,44
4486,44
4487,44
4488,44
4489,44
4490,44
4491,44
4492,44
4493,44
4494,44
4495,44
4496,44
4497,44
4498,44
4499,44
4500,44
4501,44
4502,44
4503,44
4504,44
4505,44
4506,44
4507,44
4508,44
4509,44
4510,44
4511,44
4512,44
4513,44
4514,44
4515,44
4516,44
4517,44
4518,44
4519,44
4520,44
4521,44
4522,44
4523,44
4524,44
4525,44
4526,44
4527,44
4528,44
4529,44
4530,44
4531,44
4532,44
4533,44
4534,44
4535,44
4536,44
4537,44
4538,44
4539,44
4540,44
4541,44
4542,44
4543,44
4544,44
4545,44
4546,44
4547,44
4548,44
4549,44
4550,44
4551,44
4552,44
4553,44
4554,44
4555,44
4556,44
4557,44
4558,44
4559,44
4560,44
4561,44
4562,44
4563,44
4564,45
4565,45
4566,45
4567,45
4568,45
4569,45
4570,45
4571,45
4572,45
4573,45
4574,45
4575,45
4576,45
4577,45
4578,45
4579,45
4580,45
4581,45
4582,45
4583,45
4584,45
4585,45
4586,45
4587,45
4588,45
4589,45
4590,45
4591,45
4592,45
4593,45
4594,45
4595,45
4596,44
4597,44
4598,44
4599,44
4600,44
4601,44
4602,44
4603,44
4604,44
4605,44
4606,44
4607,44
4608,44
4609,44
4610,44
4611,44
4612,44
4613,44
4614,44
4615,44
4616,44
4617,44
4618,44
4619,44
4620,44
4621,44
4622,44
4623,44
4624,44
4625,44
4626,44
4627,44
4628,44
4629,44
4630,44
4631,44
4632,44
4633,44
4634,44
4635,44
4636,44
4637,44
4638,44
4639,45
4640,45
4641,45
4642,45
4643,45
4644,45
4645,45
4646,45
4647,45
4648,45
4649,45
4650,45
4651,45
4652,45
4653,45
4654,45
4655,45
4656,45
4657,45
4658,45
4659,45
4660,45
4661,45
4662,45
4663,45
4664,45
4665,45
4666,45
4667,45
4668,45
4669,45
4670,45
4671,45
4672,45
4673,45
4674,45
4675,45
4676,45
4677,45
4678,45
4679,45
4680,45
4681,45
4682,45
4683,45
4684,45
4685,45
4686,45
4687,45
4688,45
4689,45
4690,45
4691,45
4692,45
4693,45
4694,45
4695,45
4696,45
4697,45
4698,45
4699,45
4700,45
4701,45
4702,45
4703,45
4704,45
4705,45
4706,45
4707,45
4708,45
4709,45
4710,45
4711,45
4712,45
4713,45
4714,45
4715,45
4716,45
4717,45
4718,45
4719,45
4720,45
4721,45
4722,45
4723,45
4724,45
4725,45
4726,45
4727,45
4728,45
4729,45
4730,45
4731,45
4732,45
4733,45
4734,45
4735,45
4736,45
4737,45
4738,45
4739,45
4740,45
4741,45
4742,45
4743,45
4744,45
4745,45
4746,45
4747,45
4748,45
4749,45
4750,45
4751,45
4752,45
4753,45
4754,45
4755,45
4756,45
4757,45
4758,45
4759,45
4760,45
4761,45
4762,45
4763,45
4764,45
4765,45
4766,45
4767,45
4768,45
4769,45
4770,45
4771,45
4772,45
4773,45
4774,45
4775,45
4776,45
4777,45
4778,45
4779,45
4780,45
4781,45
4782,45
4783,45
4784,45
4785,45
4786,45
4787,45
4788,45
4789,45
4790,45
4791,45
4792,45
4793,45
4794,45
4795,45
4796,45
4797,45
4798,45
4799,45
4800,45
4801,45
4802,45
4803,45
4804,45
4805,45
4806,45
4807,45
4808,45
4809,45
4810,45
4811,45
4812,45
4813,45
4814,45
4815,45
4816,45
4817,45
4818,45
4819,45
4820,45
4821,45
4822,45
4823,45
4824,45
4825,45
4826,45
4827,45
4828,45
4829,45
4830,45
4831,45
4832,45
4833,45
4834,45
4835,45
4836,45
4837,45
4838,45
4839,45
4840,45
4841,45
4842,44
4843,44
4844,44
4845,44
4846,44
4847,44
4848,44
4849,44
4850,44
4851,44
4852,44
4853,44
4854,44
4855,44
4856,44
4857,44
4858,44
4859,44
4860,44
4861,44
4862,44
4863,44
4864,44
4865,44
4866,44
4867,44
4868,44
4869,44
4870,44
4871,44
4872,44
4873,44
4874,44
4875,44
4876,44
4877,44
4878,44
4879,44
4880,44
4881,44
4882,44
4883,44
4884,44
4885,44
4886,44
4887,44
4888,44
4889,44
4890,44
4891,44
4892,44
4893,44
4894,44
4895,44
4896,44
4897,44
4898,44
4899,44
4900,44
4901,44
4902,44
4903,44
4904,44
4905,44
4906,44
4907,45
4908,45
4909,45
4910,45
4911,45
4912,45
4913,45
4914,45
4915,45
4916,45
4917,45
4918,45
4919,45
4920,45
4921,45
4922,45
4923,45
4924,45
4925,45
4926,45
4927,45
4928,45
4929,45
4930,45
4931,45
4932,45
4933,45
4934,44
4935,44
4936,44
4937,44
4938,44
4939,44
4940,44
4941,44
4942,44
4943,44
4944,44
4945,44
4946,44
4947,44
4948,44
4949,44
4950,44
4951,44
4952,44
4953,44
4954,44
4955,44
4956,44
4957,44
4958,44
4959,44
4960,44
4961,44
4962,44
4963,44
4964,44
4965,44
4966,44
4967,44
4968,44
4969,44
4970,44
4971,44
4972,44
4973,44
4974,44
4975,44
4976,44
4977,44
4978,44
4979,44
4980,44
4981,44
4982,44
4983,44
4984,44
4985,44
4986,44
4987,44
4988,44
4989,44
4990,44
4991,44
4992,44
4993,44
4994,44
4995,44
4996,44
4997,44
4998,44
4999,44
5000,44
5001,44
5002,44
5003,44
5004,44
5005,44
5006,44
5007,44
5008,44
5009,44
5010,44
5011,44
5012,44
5013,44
5014,44
5015,44
5016,44
5017,44
5018,44
5019,44
5020,44
5021,44
5022,44
5023,44
5024,44
5025,44
5026,44
5027,44
5028,44
5029,44
5030,44
5031,44
5032,44
5033,44
5034,45
5035,45
5036,45
5037,45
5038,45
5039,45
5040,45
5041,45
5042,45
5043,45
5044,45
5045,45
5046,45
5047,45
5048,45
5049,45
5050,45
5051,45
5052,45
5053,45
5054,45
5055,45
5056,45
5057,45
5058,45
5059,45
5060,45
5061,45
5062,45
5063,45
5064,45
5065,45
5066,45
5067,45
5068,45
5069,45
5070,45
5071,45
5072,45
5073,45
5074,45
5075,45
5076,45
5077,45
5078,45
5079,45
5080,45
5081,45
5082,45
5083,45
5084,45
5085,45
5086,45
5087,45
5088,45
5089,45
5090,45
5091,45
5092,45
5093,45
5094,45
5095,45
5096,45
5097,45
5098,45
5099,45
5100,45
5101,45
5102,45
5103,45
5104,45
5105,45
5106,45
5107,45
5108,45
5109,45
5110,45
5111,45
5112,45
5113,45
5114,45
5115,45
5116,45
5117,45
5118,45
5119,45
5120,45
5121,45
5122,45
5123,45
5124,45
5125,45
5126,45
5127,45
5128,45
5129,45
5130,45
5131,45
5132,45
5133,45
5134,45
5135,45
5136,45
5137,45
5138,45
5139,45
5140,45
5141,45
5142,45
5143,45
5144,45
5145,45
5146,45
5147,45
5148,45
5149,45
5150,45
5151,45
5152,45
5153,45
5154,45
5155,45
5156,45
5157,45
5158,45
5159,45
5160,45
5161,45
5162,45
5163,45
5164,45
5165,45
5166,45
5167,45
5168,45
5169,45
5170,45
5171,45
5172,45
5173,45
5174,45
5175,45
5176,45
5177,45
5178,45
5179,45
5180,45
5181,45
5182,45
5183,45
5184,45
5185,45
5186,45
5187,45
5188,45
5189,45
5190,45
5191,45
5192,45
5193,45
5194,45
5195,45
5196,45
5197,45
5198,45
5199,45
5200,45
5201,45
5202,45
5203,45
5204,45
5205,45
5206,45
5207,45
5208,45
5209,45
5210,45
5211,45
5212,45
5213,45
5214,45
5215,45
5216,45
5217,45
5218,45
5219,45
5220,45
5221,45
5222,45
5223,45
5224,45
5225,45
5226,45
5227,45
5228,45
5229,45
5230,45
5231,45
5232,45
5233,45
5234,45
5235,45
5236,45
5237,45
5238,45
5239,45
5240,45
5241,45
5242,45
5243,45
5244,45
5245,45
5246,45
5247,45
5248,45
5249,45
5250,45
5251,45
5252,45
5253,45
5254,45
5255,45
5256,45
5257,45
5258,45
5259,45
5260,45
5261,45
5262,45
5263,45
5264,45
5265,45
5266,45
5267,45
5268,44
5269,44
5270,44
5271,44
5272,44
5273,44
5274,44
5275,44
5276,44
5277,44
5278,44
5279,44
5280,44
5281,44
5282,44
5283,44
5284,44
5285,44
5286,44
5287,44
5288,44
5289,44
5290,44
5291,44
5292,44
5293,44
5294,44
5295,44
5296,44
5297,44
5298,44
5299,44
5300,44
5301,44
5302,44
5303,44
5304,44
5305,44
5306,44
5307,44
5308,44
5309,44
5310,44
5311,44
5312,44
5313,44
5314,44
5315,44
5316,44
5317,44
5318,44
5319,44
5320,44
5321,44
5322,44
5323,44
5324,44
5325,44
5326,44
5327,44
5328,44
5329,44
5330,44
5331,44
5332,45
5333,45
5334,45
5335,45
5336,45
5337,45
5338,45
5339,45
5340,45
5341,45
5342,45
5343,45
5344,45
5345,45
5346,45
5347,45
5348,45
5349,45
5350,45
5351,45
5352,45
5353,45
5354,45
5355,45
5356,45
5357,45
5358,45
5359,45
5360,45
5361,45
5362,45
5363,45
5364,45
5365,45
5366,45
5367,45
5368,45
5369,45
5370,45
5371,45
5372,45
5373,45
5374,45
5375,45
5376,45
5377,45
5378,45
5379,45
5380,45
5381,45
5382,45
5383,45
5384,45
5385,45
5386,45
5387,45
5388,45
5389,45
5390,45
5391,45
5392,45
5393,45
5394,45
5395,45
5396,45
5397,45
5398,45
5399,45
5400,45
5401,45
5402,45
5403,45
5404,45
5405,45
5406,45
5407,45
5408,45
5409,45
5410,45
5411,45
5412,45
5413,45
5414,45
5415,45
5416,45
5417,45
5418,45
5419,45
5420,45
5421,45
5422,45
5423,45
5424,45
5425,45
5426,45
5427,45
5428,45
5429,45
5430,45
5431,45
5432,45
5433,45
5434,45
5435,45
5436,45
5437,45
5438,45
5439,45
5440,45
5441,45
5442,45
5443,45
5444,45
5445,45
5446,45
5447,45
5448,45
5449,45
5450,45
5451,45
5452,45
5453,45
5454,45
5455,45
5456,45
5457,45
5458,45
5459,45
5460,45
5461,45
5462,45
5463,45
5464,45
5465,45
5466,45
5467,45
5468,45
5469,45
5470,45
5471,45
5472,45
5473,45
5474,45
5475,45
5476,45
5477,45
5478,45
5479,45
5480,45
5481,45
5482,45
5483,45
5484,45
5485,45
5486,45
5487,45
5488,45
5489,45
5490,45
5491,45
5492,45
5493,45
5494,45
5495,45
5496,45
5497,45
5498,45
5499,45
5500,45
5501,45
5502,45
5503,45
5504,45
5505,45
5506,45
5507,45
5508,45
5509,45
5510,45
5511,45
5512,45
5513,45
5514,45
5515,45
5516,45
5517,45
5518,45
5519,45
5520,45
5521,45
5522,45
5523,45
5524,45
5525,45
5526,45
5527,45
5528,45
5529,45
5530,45
5531,45
5532,45
5533,45
5534,45
5535,45
5536,45
5537,45
5538,45
5539,45
5540,45
5541,45
5542,45
5543,45
5544,45
5545,45
5546,45
5547,45
5548,45
5549,45
5550,45
5551,45
5552,45
5553,45
5554,45
5555,45
5556,45
5557,45
5558,45
5559,45
5560,45
5561,45
5562,45
5563,45
5564,45
5565,45
5566,45
5567,45
5568,45
5569,45
5570,45
5571,45
5572,45
5573,45
5574,45
5575,45
5576,45
5577,45
5578,45
5579,45
5580,45
5581,45
5582,45
5583,45
5584,45
5585,45
5586,45
5587,45
5588,45
5589,45
5590,45
5591,45
5592,45
5593,45
5594,45
5595,45
5596,45
5597,45
5598,45
5599,45
5600,45
5601,45
5602,45
5603,45
5604,45
5605,45
5606,45
5607,45
5608,45
5609,45
5610,45
5611,45
5612,45
5613,45
5614,45
5615,45
5616,45
5617,45
5618,45
5619,45
5620,45
5621,45
5622,45
5623,45
5624,45
5625,45
5626,45
5627,45
5628,45
5629,45
5630,45
5631,45
5632,44
5633,44
5634,44
5635,44
5636,44
5637,44
5638,44
5639,44
5640,44
5641,44
5642,44
5643,44
5644,44
5645,45
5646,45
5647,45
5648,45
5649,45
5650,45
5651,45
5652,45
5653,45
5654,45
5655,45
5656,45
5657,45
5658,45
5659,45
5660,45
5661,45
5662,45
5663,45
5664,45
5665,45
5666,45
5667,45
5668,45
5669,45
5670,45
5671,45
5672,45
5673,45
5674,45
5675,45
5676,45
5677,45
5678,45
5679,45
5680,45
5681,45
5682,45
5683,45
5684,45
5685,45
5686,45
5687,45
5688,45
5689,45
5690,45
5691,45
5692,45
5693,45
5694,45
5695,45
5696,45
5697,45
5698,45
5699,45
5700,45
5701,45
5702,45
5703,45
5704,45
5705,45
5706,45
5707,45
5708,45
5709,45
5710,45
5711,45
5712,45
5713,45
5714,45
5715,45
5716,44
5717,44
5718,44
5719,44
5720,44
5721,44
5722,44
5723,44
5724,44
5725,44
5726,44
5727,44
5728,44
5729,44
5730,44
5731,44
5732,44
5733,44
5734,44
5735,44
5736,44
5737,44
5738,44
5739,44
5740,44
5741,44
5742,44
5743,44
5744,44
5745,44
5746,44
5747,44
5748,44
5749,44
5750,44
5751,44
5752,44
5753,44
5754,44
5755,44
5756,44
5757,44
5758,44
5759,44
5760,44
5761,44
5762,44
5763,44
5764,44
5765,44
5766,44
5767,44
5768,44
5769,44
5770,44
5771,44
5772,44
5773,44
5774,44
5775,44
5776,44
5777,44
5778,44
5779,44
5780,44
5781,44
5782,44
5783,44
5784,44
5785,44
5786,44
5787,44
5788,44
5789,44
5790,44
5791,44
5792,44
5793,44
5794,44
5795,44
5796,44
5797,44
5798,44
5799,44
5800,44
5801,44
5802,44
5803,44
5804,44
5805,44
5806,44
5807,44
5808,44
5809,45
5810,45
5811,45
5812,45
5813,45
5814,45
5815,45
5816,45
5817,45
5818,45
5819,45
5820,45
5821,45
5822,45
5823,45
5824,45
5825,45
5826,45
5827,45
5828,45
5829,45
5830,45
5831,45
5832,45
5833,45
5834,45
5835,45
5836,45
5837,45
5838,45
5839,45
5840,45
5841,45
5842,45
5843,45
5844,45
5845,45
5846,45
5847,45
5848,45
5849,45
5850,45
5851,45
5852,45
5853,45
5854,45
5855,45
5856,45
5857,45
5858,45
5859,45
5860,45
5861,45
5862,45
5863,45
5864,45
5865,45
5866,45
5867,45
5868,45
5869,45
5870,45
5871,45
5872,45
5873,45
5874,45
5875,45
5876,45
5877,45
5878,45
5879,45
5880,45
5881,45
5882,45
5883,45
5884,45
5885,45
5886,45
5887,45
5888,45
5889,45
5890,45
5891,45
5892,45
5893,45
5894,45
5895,45
5896,45
5897,45
5898,45
5899,45
5900,45
5901,45
5902,45
5903,45
5904,45
5905,45
5906,45
5907,45
5908,45
5909,45
5910,45
5911,44
5912,44
5913,44
5914,44
5915,44
5916,44
5917,44
5918,44
5919,44
5920,44
5921,44
5922,44
5923,44
5924,44
5925,44
5926,44
5927,45
5928,45
5929,45
5930,45
5931,45
5932,45
5933,45
5934,45
5935,45
5936,45
5937,45
5938,45
5939,45
5940,45
5941,45
5942,45
5943,45
5944,45
5945,45
5946,45
5947,45
5948,45
5949,45
5950,45
5951,45
5952,45
5953,45
5954,45
5955,45
5956,45
5957,45
5958,45
5959,45
5960,45
5961,45
5962,45
5963,45
5964,45
5965,45
5966,45
5967,45
5968,45
5969,45
5970,45
5971,45
5972,45
5973,45
5974,45
5975,45
5976,45
5977,45
5978,45
5979,45
5980,45
5981,45
5982,45
5983,45
5984,45
5985,45
5986,45
5987,45
5988,45
5989,45
5990,45
5991,45
5992,45
5993,45
5994,45
5995,45
5996,45
5997,45
5998,45
5999,45
6000,45
6001,45
6002,45
6003,45
6004,45
6005,45
6006,45
6007,45
6008,45
6009,45
6010,45
6011,45
6012,45
6013,45
6014,45
6015,45
6016,45
6017,45
6018,45
6019,45
6020,45
6021,45
6022,45
6023,44
6024,44
6025,44
6026,44
6027,44
6028,44
6029,44
6030,44
6031,44
6032,44
6033,44
6034,44
6035,44
6036,44
6037,44
6038,44
6039,44
6040,44
6041,44
6042,44
6043,44
6044,44
6045,44
6046,44
6047,44
6048,44
6049,44
6050,44
6051,44
6052,44
6053,44
6054,44
6055,44
6056,44
6057,44
6058,44
6059,44
6060,44
6061,44
6062,44
6063,44
6064,44
6065,44
6066,45
6067,45
6068,45
6069,45
6070,45
6071,45
6072,45
6073,45
6074,45
6075,45
6076,45
6077,45
6078,45
6079,45
6080,45
6081,45
6082,45
6083,45
6084,45
6085,45
6086,45
6087,45
6088,45
6089,45
6090,45
6091,45
6092,45
6093,45
6094,45
6095,45
6096,45
6097,45
6098,45
6099,44
6100,44
6101,44
6102,44
6103,45
6104,45
6105,45
6106,44
6107,44
6108,44
6109,44
6110,44
6111,44
6112,44
6113,44
6114,44
6115,44
6116,44
6117,44
6118,44
6119,44
6120,44
6121,44
6122,44
6123,44
6124,44
6125,44
6126,44
6127,44
6128,44
6129,44
6130,44
6131,44
6132,44
6133,44
6134,44
6135,44
6136,44
6137,44
6138,44
6139,44
6140,44
6141,44
6142,44
6143,44
6144,44
6145,44
6146,44
6147,44
6148,44
6149,44
6150,44
6151,44
6152,44
6153,44
6154,44
6155,44
6156,44
6157,44
6158,44
6159,44
6160,44
6161,44
6162,44
6163,44
6164,44
6165,44
6166,44
6167,44
6168,44
6169,44
6170,44
6171,44
6172,44
6173,44
6174,44
6175,44
6176,44
6177,44
6178,44
6179,44
6180,44
6181,44
6182,44
6183,44
6184,44
6185,44
6186,44
6187,44
6188,44
6189,44
6190,44
6191,44
6192,44
6193,44
6194,44
6195,44
6196,44
6197,44
6198,44
6199,44
6200,44
6201,44
6202,44
6203,44
6204,44
6205,44
6206,44
6207,44
6208,44
6209,44
6210,44
6211,44
6212,44
6213,44
6214,44
6215,44
6216,44
6217,44
6218,44
6219,44
6220,44
6221,44
6222,44
6223,44
6224,44
6225,44
6226,44
6227,44
6228,44
6229,44
6230,44
6231,44
6232,44
6233,44
6234,44
6235,44
6236,44
6237,44
6238,44
6239,44
6240,44
6241,44
6242,44
6243,44
6244,44
6245,44
6246,44
6247,44
6248,44
6249,44
6250,44
6251,44
6252,44
6253,44
6254,44
6255,44
6256,44
6257,44
6258,44
6259,44
6260,44
6261,44
6262,44
6263,44
6264,44
6265,44
6266,44
6267,44
6268,44
6269,44
6270,44
6271,44
6272,44
6273,44
6274,44
6275,44
6276,44
6277,45
6278,45
6279,45
6280,45
6281,45
6282,45
6283,45
6284,45
6285,45
6286,45
6287,45
6288,45
6289,45
6290,45
6291,45
6292,45
6293,45
6294,45
6295,45
6296,45
6297,45
6298,45
6299,45
6300,45
6301,45
6302,45
6303,45
6304,45
6305,45
6306,45
6307,45
6308,45
6309,45
6310,45
6311,45
6312,45
6313,45
6314,45
6315,45
6316,45
6317,45
6318,45
6319,45
6320,45
6321,45
6322,45
6323,45
6324,45
6325,45
6326,45
6327,45
6328,45
6329,45
6330,45
6331,45
6332,45
6333,45
6334,44
6335,44
6336,44
6337,44
6338,44
6339,44
6340,44
6341,44
6342,44
6343,44
6344,44
6345,44
6346,44
6347,44
6348,44
6349,44
6350,44
6351,44
6352,44
6353,44
6354,44
6355,44
6356,44
6357,44
6358,44
6359,44
6360,44
6361,44
6362,44
6363,44
6364,44
6365,44
6366,44
6367,45
6368,45
6369,45
6370,45
6371,45
6372,45
6373,45
6374,45
6375,45
6376,45
6377,45
6378,45
6379,45
6380,45
6381,45
6382,45
6383,45
6384,45
6385,45
6386,45
6387,45
6388,45
6389,45
6390,45
6391,45
6392,45
6393,45
6394,45
6395,45
6396,45
6397,45
6398,45
6399,45
6400,45
6401,45
6402,45
6403,45
6404,45
6405,45
6406,45
6407,45
6408,45
6409,45
6410,45
6411,45
6412,45
6413,45
6414,45
6415,45
6416,45
6417,45
6418,45
6419,45
6420,45
6421,45
6422,45
6423,45
6424,45
6425,45
6426,45
6427,45
6428,45
6429,45
6430,45
6431,45
6432,45
6433,45
6434,45
6435,45
6436,45
6437,45
6438,45
6439,45
6440,45
6441,45
6442,45
6443,45
6444,45
6445,45
6446,45
6447,45
6448,45
6449,45
6450,45
6451,45
6452,45
6453,45
6454,45
6455,45
6456,45
6457,45
6458,45
6459,45
6460,45
6461,45
6462,45
6463,45
6464,45
6465,45
6466,45
6467,45
6468,45
6469,45
6470,45
6471,45
6472,45
6473,45
6474,45
6475,45
6476,45
6477,45
6478,45
6479,45
6480,45
6481,45
6482,45
6483,45
6484,45
6485,45
6486,45
6487,45
6488,44
6489,44
6490,44
6491,44
6492,44
6493,44
6494,44
6495,44
6496,44
6497,44
6498,44
6499,44
6500,44
6501,44
6502,44
6503,44
6504,44
6505,44
6506,44
6507,44
6508,44
6509,44
6510,44
6511,44
6512,44
6513,44
6514,44
6515,44
6516,44
6517,44
6518,44
6519,44
6520,44
6521,44
6522,44
6523,44
6524,44
6525,44
6526,44
6527,44
6528,44
6529,44
6530,44
6531,44
6532,44
6533,44
6534,44
6535,44
6536,44
6537,44
6538,44
6539,44
6540,44
6541,44
6542,44
6543,45
6544,44
6545,44
6546,44
6547,45
6548,45
6549,45
6550,45
6551,45
6552,45
6553,45
6554,45
6555,45
6556,45
6557,45
6558,45
6559,44
6560,44
6561,44
6562,44
6563,44
6564,44
6565,44
6566,44
6567,44
6568,44
6569,44
6570,44
6571,44
6572,44
6573,44
6574,44
6575,44
6576,45
6577,44
6578,44
6579,44
6580,44
6581,44
6582,45
6583,44
6584,44
6585,44
6586,44
6587,44
6588,44
6589,45
6590,45
6591,45
6592,45
6593,45
6594,45
6595,45
6596,45
6597,45
6598,45
6599,45
6600,45
6601,45
6602,45
6603,45
6604,45
6605,45
6606,45
6607,45
6608,44
6609,44
6610,44
6611,44
6612,44
6613,44
6614,44
6615,44
6616,44
6617,44
6618,44
6619,44
6620,44
6621,44
6622,44
6623,44
6624,44
6625,44
6626,44
6627,44
6628,44
6629,44
6630,44
6631,44
6632,44
6633,44
6634,44
6635,44
6636,44
6637,44
6638,44
6639,44
6640,44
6641,44
6642,44
6643,44
6644,44
6645,44
6646,44
6647,44
6648,44
6649,44
6650,44
6651,44
6652,44
6653,44
6654,44
6655,44
6656,44
6657,44
6658,44
6659,44
6660,44
6661,44
6662,44
6663,44
6664,44
6665,44
6666,44
6667,44
6668,44
6669,44
6670,44
6671,44
6672,44
6673,44
6674,44
6675,44
6676,44
6677,44
6678,44
6679,44
6680,44
6681,44
6682,44
6683,44
6684,44
6685,44
6686,44
6687,44
6688,45
6689,45
6690,45
6691,45
6692,45
6693,45
6694,45
6695,45
6696,45
6697,45
6698,45
6699,45
6700,45
6701,44
6702,44
6703,44
6704,44
6705,44
6706,44
6707,44
6708,44
6709,44
6710,44
6711,44
6712,44
6713,44
6714,44
6715,44
6716,44
6717,44
6718,44
6719,44
6720,44
6721,44
6722,44
6723,44
6724,44
6725,44
6726,44
6727,44
6728,44
6729,44
6730,44
6731,44
6732,44
6733,44
6734,44
6735,44
6736,44
6737,44
6738,44
6739,44
6740,44
6741,44
6742,44
6743,44
6744,44
6745,44
6746,44
6747,44
6748,44
6749,44
6750,44
6751,44
6752,44
6753,44
6754,44
6755,44
6756,45
6757,45
6758,45
6759,45
6760,45
6761,45
6762,45
6763,44
6764,44
6765,44
6766,44
6767,44
6768,44
6769,44
6770,44
6771,44
6772,44
6773,44
6774,44
6775,44
6776,44
6777,44
6778,44
6779,44
6780,44
6781,44
6782,44
6783,44
6784,44
6785,44
6786,44
6787,44
6788,44
6789,44
6790,44
6791,44
6792,44
6793,44
6794,44
6795,44
6796,44
6797,44
6798,44
6799,44
6800,44
6801,45
6802,45
6803,45
6804,45
6805,45
6806,45
6807,45
6808,45
6809,45
6810,45
6811,45
6812,45
6813,45
6814,45
6815,45
6816,45
6817,45
6818,45
6819,45
6820,45
6821,45
6822,45
6823,45
6824,45
6825,45
6826,45
6827,45
6828,45
6829,45
6830,45
6831,45
6832,45
6833,45
6834,45
6835,44
6836,44
6837,44
6838,44
6839,44
6840,44
6841,44
6842,44
6843,44
6844,44
6845,44
6846,44
6847,44
6848,44
6849,44
6850,44
6851,44
6852,44
6853,44
6854,44
6855,44
6856,44
6857,44
6858,44
6859,44
6860,44
6861,44
6862,44
6863,44
6864,44
6865,44
6866,44
6867,44
6868,44
6869,44
6870,44
6871,44
6872,45
6873,45
6874,45
6875,45
6876,44
6877,44
6878,44
6879,44
6880,44
6881,44
6882,44
6883,44
6884,44
6885,44
6886,45
6887,45
6888,45
6889,45
6890,45
6891,45
6892,45
6893,45
6894,45
6895,45
6896,44
6897,44
6898,44
6899,44
6900,44
6901,44
6902,44
6903,44
6904,44
6905,44
6906,44
6907,44
6908,44
6909,44
6910,44
6911,44
6912,44
6913,44
6914,44
6915,44
6916,44
6917,44
6918,44
6919,45
6920,45
6921,45
6922,45
6923,45
6924,45
6925,45
6926,45
6927,45
6928,45
6929,45
6930,45
6931,45
6932,45
6933,45
6934,45
6935,45
6936,45
6937,45
6938,45
6939,45
6940,45
6941,45
6942,45
6943,44
6944,44
6945,44
6946,44
6947,44
6948,44
6949,44
6950,44
6951,44
6952,44
6953,45
6954,45
6955,44
6956,44
6957,44
6958,45
6959,44
6960,44
6961,44
6962,44
6963,44
6964,44
6965,44
6966,44
6967,44
6968,44
6969,44
6970,44
6971,44
6972,44
6973,44
6974,44
6975,44
6976,44
6977,44
6978,44
6979,44
6980,44
6981,44
6982,44
6983,44
6984,44
6985,44
6986,44
6987,44
6988,44
6989,44
6990,44
6991,44
6992,44
6993,44
6994,44
6995,44
6996,44
6997,44
6998,44
6999,44
7000,44
7001,44
7002,44
7003,44
7004,44
7005,44
7006,44
7007,44
7008,44
7009,44
7010,44
7011,44
7012,44
7013,44
7014,44
7015,44
7016,44
7017,44
7018,44
7019,44
7020,44
7021,44
7022,44
7023,44
7024,44
7025,44
7026,44
7027,44
7028,44
7029,44
7030,44
7031,44
7032,44
7033,44
7034,44
7035,44
7036,44
7037,44
7038,44
7039,44
7040,44
7041,44
7042,44
7043,44
7044,44
7045,44
7046,44
7047,44
7048,45
7049,45
7050,45
7051,45
7052,45
7053,45
7054,45
7055,45
7056,45
7057,45
7058,45
7059,45
7060,45
7061,45
7062,45
7063,45
7064,45
7065,45
7066,45
7067,45
7068,45
7069,45
7070,45
7071,45
7072,45
7073,45
7074,45
7075,45
7076,45
7077,45
7078,45
7079,45
7080,45
7081,45
7082,45
7083,45
7084,45
7085,45
7086,45
7087,45
7088,45
7089,45
7090,45
7091,45
7092,45
7093,45
7094,45
7095,45
7096,45
7097,45
7098,45
7099,45
7100,45
7101,45
7102,45
7103,45
7104,45
7105,45
7106,45
7107,45
7108,45
7109,45
7110,45
7111,45
7112,45
7113,45
7114,45
7115,45
7116,45
7117,45
7118,45
7119,45
7120,45
7121,45
7122,44
7123,44
7124,44
7125,44
7126,45
7127,45
7128,44
7129,44
7130,44
7131,44
7132,44
7133,44
7134,44
7135,44
7136,44
7137,44
7138,44
7139,44
7140,44
7141,44
7142,44
7143,44
7144,44
7145,44
7146,44
7147,44
7148,44
7149,44
7150,44
7151,44
7152,44
7153,44
7154,44
7155,44
7156,44
7157,44
7158,44
7159,44
7160,44
7161,45
7162,45
7163,45
7164,45
7165,45
7166,45
7167,45
7168,45
7169,45
7170,45
7171,45
7172,45
7173,45
7174,45
7175,45
7176,45
7177,45
7178,45
7179,45
7180,45
7181,45
7182,45
7183,45
7184,45
7185,44
7186,44
7187,44
7188,44
7189,44
7190,44
7191,44
7192,44
7193,44
7194,44
7195,44
7196,44
7197,44
7198,44
7199,44
7200,44
7201,44
7202,44
7203,44
7204,44
7205,44
7206,44
7207,44
7208,44
7209,44
7210,44
7211,44
7212,44
7213,44
7214,44
7215,44
7216,44
7217,44
7218,44
7219,44
7220,44
7221,44
7222,44
7223,44
7224,44
7225,44
7226,44
7227,44
7228,44
7229,44
7230,44
7231,44
7232,44
7233,44
7234,44
7235,44
7236,44
7237,44
7238,44
7239,44
7240,44
7241,44
7242,44
7243,44
7244,44
7245,44
7246,44
7247,44
7248,44
7249,44
7250,44
7251,44
7252,44
7253,44
7254,44
7255,44
7256,44
7257,44
7258,44
7259,44
7260,44
7261,44
7262,44
7263,44
7264,44
7265,44
7266,44
7267,44
7268,44
7269,44
7270,44
7271,44
7272,44
7273,44
7274,44
7275,44
7276,44
7277,44
7278,44
7279,44
7280,44
7281,44
7282,44
7283,44
7284,44
7285,44
7286,44
7287,44
7288,44
7289,44
7290,44
7291,44
7292,44
7293,44
7294,44
7295,44
7296,44
7297,44
7298,44
7299,44
7300,44
7301,44
7302,44
7303,44
7304,44
7305,44
7306,44
7307,44
7308,44
7309,44
7310,44
7311,44
7312,44
7313,44
7314,44
7315,44
7316,44
7317,44
7318,44
7319,44
7320,44
7321,44
7322,44
7323,44
7324,44
7325,44
7326,44
7327,44
7328,44
7329,44
7330,44
7331,44
7332,44
7333,44
7334,44
7335,44
7336,44
7337,44
7338,44
7339,44
7340,44
7341,44
7342,44
7343,44
7344,44
7345,44
7346,44
7347,44
7348,44
7349,44
7350,44
7351,44
7352,44
7353,44
7354,44
7355,44
7356,44
7357,44
7358,44
7359,44
7360,44
7361,44
7362,44
7363,44
7364,44
7365,44
7366,44
7367,44
7368,44
7369,44
7370,44
7371,44
7372,44
7373,44
7374,44
7375,44
7376,44
7377,44
7378,44
7379,44
7380,44
7381,44
7382,44
7383,44
7384,44
7385,44
7386,44
7387,44
7388,44
7389,44
7390,44
7391,44
7392,44
7393,44
7394,44
7395,44
7396,44
7397,44
7398,44
7399,44
7400,44
7401,44
7402,44
7403,44
7404,44
7405,44
7406,44
7407,44
7408,44
7409,44
7410,44
7411,44
7412,44
7413,44
7414,44
7415,44
7416,44
7417,44
7418,44
7419,44
7420,44
7421,44
7422,44
7423,44
7424,44
7425,44
7426,44
7427,44
7428,44
7429,44
7430,44
7431,44
7432,44
7433,44
7434,44
7435,44
7436,44
7437,44
7438,44
7439,44
7440,44
7441,44
7442,44
7443,44
7444,44
7445,44
7446,44
7447,44
7448,44
7449,44
7450,44
7451,44
7452,44
7453,44
7454,44
7455,44
7456,44
7457,44
7458,44
7459,44
7460,44
7461,44
7462,44
7463,44
7464,44
7465,44
7466,44
7467,44
7468,44
7469,44
7470,44
7471,44
7472,44
7473,44
7474,44
7475,44
7476,44
7477,44
7478,44
7479,44
7480,44
7481,44
7482,44
7483,44
7484,44
7485,44
7486,44
7487,44
7488,44
7489,44
7490,44
7491,44
7492,44
7493,44
7494,44
7495,44
7496,44
7497,44
7498,44
7499,45
7500,45
7501,45
7502,45
7503,45
7504,45
7505,45
7506,45
7507,45
7508,45
7509,45
7510,45
7511,45
7512,45
7513,45
7514,45
7515,45
7516,45
7517,45
7518,45
7519,45
7520,45
7521,45
7522,45
7523,45
7524,44
7525,44
7526,44
7527,44
7528,44
7529,44
7530,44
7531,44
7532,45
7533,44
7534,44
7535,44
7536,44
7537,44
7538,44
7539,44
7540,44
7541,44
7542,44
7543,44
7544,44
7545,44
7546,44
7547,44
7548,44
7549,44
7550,44
7551,44
7552,44
7553,44
7554,44
7555,44
7556,44
7557,44
7558,44
7559,44
7560,44
7561,44
7562,44
7563,44
7564,44
7565,44
7566,44
7567,44
7568,44
7569,44
7570,44
7571,44
7572,44
7573,44
7574,44
7575,44
7576,44
7577,44
7578,44
7579,44
7580,44
7581,44
7582,44
7583,44
7584,44
7585,44
7586,44
7587,44
7588,44
7589,44
7590,44
7591,44
7592,44
7593,44
7594,44
7595,44
7596,44
7597,44
7598,44
7599,44
7600,44
7601,44
7602,44
7603,44
7604,44
7605,44
7606,44
7607,44
7608,44
7609,44
7610,44
7611,44
7612,44
7613,44
7614,44
7615,44
7616,44
7617,44
7618,44
7619,44
7620,44
7621,44
7622,44
7623,44
7624,44
7625,44
7626,44
7627,44
7628,44
7629,44
7630,44
7631,44
7632,44
7633,44
7634,44
7635,44
7636,44
7637,44
7638,44
7639,44
7640,44
7641,44
7642,44
7643,44
7644,44
7645,44
7646,44
7647,44
7648,44
7649,44
7650,44
7651,44
7652,44
7653,44
7654,44
7655,44
7656,44
7657,44
7658,44
7659,44
7660,44
7661,44
7662,44
7663,44
7664,44
7665,45
7666,45
7667,45
7668,45
7669,45
7670,45
7671,45
7672,45
7673,45
7674,45
7675,45
7676,44
7677,44
7678,45
7679,45
7680,45
7681,45
7682,45
7683,45
7684,45
7685,45
7686,45
7687,45
7688,44
7689,44
7690,44
7691,44
7692,44
7693,44
7694,44
7695,44
7696,44
7697,44
7698,44
7699,44
7700,44
7701,44
7702,44
7703,44
7704,44
7705,44
7706,44
7707,44
7708,44
7709,44
7710,44
7711,44
7712,44
7713,44
7714,44
7715,44
7716,44
7717,44
7718,44
7719,44
7720,44
7721,44
7722,44
7723,44
7724,44
7725,44
7726,44
7727,44
7728,44
7729,44
7730,44
7731,44
7732,44
7733,44
7734,44
7735,44
7736,44
7737,44
7738,44
7739,44
7740,44
7741,44
7742,44
7743,44
7744,44
7745,44
7746,44
7747,44
7748,44
7749,44
7750,44
7751,44
7752,44
7753,44
7754,44
7755,44
7756,44
7757,44
7758,44
7759,44
7760,44
7761,44
7762,44
7763,44
7764,44
7765,44
7766,44
7767,44
7768,44
7769,44
7770,44
7771,44
7772,44
7773,44
7774,44
7775,44
7776,44
7777,44
7778,44
7779,44
7780,44
7781,44
7782,44
7783,44
7784,44
7785,44
7786,45
7787,45
7788,45
7789,45
7790,45
7791,45
7792,45
7793,45
7794,45
7795,45
7796,45
7797,45
7798,45
7799,45
7800,45
7801,44
7802,44
7803,44
7804,44
7805,44
7806,44
7807,44
7808,44
7809,44
7810,44
7811,44
7812,44
7813,44
7814,44
7815,44
7816,44
7817,44
7818,44
7819,44
7820,44
7821,44
7822,44
7823,44
7824,44
7825,44
7826,44
7827,44
7828,44
7829,44
7830,44
7831,44
7832,44
7833,44
7834,44
7835,44
7836,44
7837,44
7838,44
7839,44
7840,44
7841,44
7842,44
7843,45
7844,45
7845,45
7846,45
7847,45
7848,45
7849,45
7850,45
7851,45
7852,45
7853,45
7854,45
7855,45
7856,45
7857,45
7858,45
7859,45
7860,45
7861,45
7862,45
7863,45
7864,45
7865,45
7866,45
7867,45
7868,45
7869,45
7870,45
7871,45
7872,45
7873,45
7874,45
7875,44
7876,44
7877,44
7878,44
7879,44
7880,44
7881,44
7882,44
7883,44
7884,44
7885,44
7886,44
7887,44
7888,44
7889,44
7890,44
7891,44
7892,44
7893,44
7894,44
7895,44
7896,44
7897,44
7898,44
7899,44
7900,44
7901,44
7902,44
7903,44
7904,44
7905,44
7906,44
7907,44
7908,44
7909,44
7910,44
7911,44
7912,44
7913,44
7914,44
7915,44
7916,44
7917,44
7918,44
7919,44
7920,44
7921,44
7922,44
7923,44
7924,44
7925,44
7926,44
7927,44
7928,44
7929,44
7930,44
7931,44
7932,44
7933,44
7934,44
7935,44
7936,44
7937,44
7938,44
7939,44
7940,44
7941,44
7942,44
7943,44
7944,44
7945,44
7946,44
7947,44
7948,44
7949,44
7950,44
7951,44
7952,44
7953,44
7954,44
7955,44
7956,44
7957,44
7958,44
7959,44
7960,44
7961,44
7962,44
7963,44
7964,44
7965,44
7966,44
7967,44
7968,44
7969,44
7970,44
7971,44
7972,44
7973,44
7974,44
7975,44
7976,44
7977,44
7978,44
7979,44
7980,44
7981,44
7982,44
7983,44
7984,44
7985,44
7986,44
7987,44
7988,44
7989,44
7990,44
7991,44
7992,44
7993,44
7994,44
7995,44
7996,44
7997,44
7998,44
7999,44
8000,44
8001,44
8002,44
8003,44
8004,44
8005,44
8006,44
8007,44
8008,44
8009,44
8010,44
8011,44
8012,44
8013,44
8014,44
8015,44
8016,44
8017,44
8018,44
8019,44
8020,44
8021,44
8022,44
8023,44
8024,44
8025,44
8026,44
8027,44
8028,44
8029,44
8030,44
8031,44
8032,44
8033,44
8034,44
8035,44
8036,44
8037,44
8038,44
8039,44
8040,44
8041,44
8042,44
8043,44
8044,44
8045,44
8046,44
8047,44
8048,44
8049,44
8050,44
8051,44
8052,44
8053,44
8054,44
8055,44
8056,44
8057,44
8058,44
8059,44
8060,44
8061,44
8062,44
8063,44
8064,44
8065,44
8066,44
8067,44
8068,44
8069,44
8070,44
8071,44
8072,44
8073,44
8074,44
8075,44
8076,45
8077,45
8078,45
8079,45
8080,45
8081,45
8082,45
8083,45
8084,45
8085,45
8086,45
8087,45
8088,45
8089,45
8090,45
8091,45
8092,45
8093,45
8094,45
8095,45
8096,45
8097,45
8098,45
8099,45
8100,45
8101,45
8102,45
8103,45
8104,45
8105,45
8106,45
8107,45
8108,45
8109,45
8110,45
8111,45
8112,45
8113,45
8114,45
8115,45
8116,44
8117,44
8118,44
8119,44
8120,44
8121,44
8122,44
8123,44
8124,44
8125,44
8126,44
8127,44
8128,44
8129,44
8130,44
8131,44
8132,44
8133,44
8134,44
8135,44
8136,44
8137,44
8138,44
8139,44
8140,44
8141,44
8142,44
8143,44
8144,44
8145,44
8146,44
8147,44
8148,44
8149,44
8150,44
8151,44
8152,44
8153,44
8154,44
8155,44
8156,44
8157,44
8158,44
8159,44
8160,45
8161,45
8162,45
8163,45
8164,45
8165,45
8166,45
8167,45
8168,45
8169,45
8170,45
8171,45
8172,45
8173,45
8174,45
8175,45
8176,45
8177,45
8178,45
8179,45
8180,45
8181,45
8182,45
8183,45
8184,45
8185,45
8186,45
8187,45
8188,45
8189,45
8190,45
8191,45
8192,45
8193,45
8194,45
8195,45
8196,45
8197,45
8198,44
8199,44
8200,44
8201,44
8202,44
8203,44
8204,44
8205,44
8206,44
8207,44
8208,44
8209,44
8210,44
8211,44
8212,44
8213,44
8214,44
8215,44
8216,44
8217,44
8218,44
8219,44
8220,44
8221,44
8222,44
8223,44
8224,44
8225,44
8226,44
8227,44
8228,44
8229,44
8230,44
8231,44
8232,44
8233,44
8234,44
8235,44
8236,44
8237,44
8238,44
8239,44
8240,44
8241,44
8242,44
8243,44
8244,44
8245,44
8246,44
8247,44
8248,44
8249,44
8250,44
8251,44
8252,44
8253,44
8254,44
8255,44
8256,44
8257,44
8258,44
8259,44
8260,44
8261,44
8262,44
8263,44
8264,44
8265,44
8266,44
8267,44
8268,44
8269,44
8270,44
8271,44
8272,44
8273,44
8274,44
8275,44
8276,44
8277,44
8278,44
8279,44
8280,44
8281,44
8282,44
8283,44
8284,44
8285,44
8286,44
8287,44
8288,44
8289,44
8290,44
8291,44
8292,44
8293,44
8294,44
8295,44
8296,44
8297,44
8298,44
8299,44
8300,44
8301,44
8302,44
8303,44
8304,44
8305,44
8306,44
8307,44
8308,44
8309,44
8310,44
8311,44
8312,44
8313,44
8314,44
8315,44
8316,44
8317,44
8318,44
8319,44
8320,44
8321,44
8322,44
8323,44
8324,44
8325,44
8326,44
8327,44
8328,44
8329,44
8330,44
8331,44
8332,44
8333,44
8334,44
8335,44
8336,44
8337,44
8338,44
8339,44
8340,44
8341,44
8342,44
8343,44
8344,44
8345,44
8346,44
8347,44
8348,44
8349,44
8350,44
8351,44
8352,44
8353,44
8354,44
8355,44
8356,44
8357,44
8358,44
8359,44
8360,44
8361,44
8362,44
8363,44
8364,44
8365,44
8366,44
8367,44
8368,44
8369,44
8370,44
8371,44
8372,44
8373,44
8374,44
8375,44
8376,44
8377,44
8378,44
8379,44
8380,44
8381,44
8382,44
8383,44
8384,44
8385,44
8386,44
8387,44
8388,44
8389,44
8390,44
8391,44
8392,44
8393,44
8394,44
8395,44
8396,44
8397,44
8398,44
8399,44
8400,44
8401,44
8402,44
8403,44
8404,44
8405,44
8406,44
8407,44
8408,44
8409,44
8410,44
8411,44
8412,44
8413,44
8414,44
8415,44
8416,44
8417,44
8418,44
8419,44
8420,44
8421,44
8422,44
8423,44
8424,44
8425,44
8426,44
8427,44
8428,44
8429,44
8430,44
8431,44
8432,44
8433,44
8434,44
8435,44
8436,44
8437,44
8438,44
8439,44
8440,44
8441,44
8442,44
8443,44
8444,44
8445,44
8446,44
8447,44
8448,44
8449,44
8450,44
8451,44
8452,44
8453,44
8454,44
8455,44
8456,44
8457,44
8458,44
8459,44
8460,44
8461,44
8462,44
8463,44
8464,44
8465,44
8466,44
8467,44
8468,44
8469,44
8470,44
8471,44
8472,44
8473,44
8474,44
8475,44
8476,44
8477,44
8478,44
8479,44
8480,44
8481,44
8482,44
8483,44
8484,44
8485,44
8486,44
8487,44
8488,44
8489,44
8490,44
8491,44
8492,44
8493,44
8494,44
8495,44
8496,44
8497,44
8498,44
8499,44
8500,44
8501,44
8502,44
8503,44
8504,44
8505,44
8506,44
8507,44
8508,44
8509,44
8510,44
8511,44
8512,44
8513,44
8514,44
8515,44
8516,44
8517,44
8518,44
8519,44
8520,44
8521,44
8522,44
8523,44
8524,44
8525,44
8526,44
8527,44
8528,44
8529,44
8530,44
8531,44
8532,44
8533,44
8534,44
8535,44
8536,44
8537,44
8538,44
8539,44
8540,44
8541,44
8542,44
8543,44
8544,44
8545,44
8546,44
8547,44
8548,44
8549,44
8550,44
8551,44
8552,44
8553,44
8554,44
8555,44
8556,44
8557,44
8558,44
8559,44
8560,44
8561,44
8562,44
8563,44
8564,44
8565,44
8566,44
8567,44
8568,44
8569,44
8570,44
8571,44
8572,44
8573,44
8574,44
8575,44
8576,44
8577,44
8578,44
8579,44
8580,44
8581,44
8582,44
8583,44
8584,44
8585,44
8586,44
8587,44
8588,44
8589,44
8590,44
8591,44
8592,44
8593,44
8594,44
8595,44
8596,44
8597,44
8598,44
8599,44
8600,44
8601,44
8602,44
8603,44
8604,44
8605,44
8606,44
8607,44
8608,44
8609,44
8610,44
8611,44
8612,44
8613,44
8614,44
8615,44
8616,44
8617,44
8618,44
8619,44
8620,44
8621,44
8622,44
8623,44
8624,44
8625,44
8626,44
8627,44
8628,44
8629,44
8630,44
8631,44
8632,44
8633,44
8634,44
8635,44
8636,44
8637,44
8638,44
8639,44
8640,44
8641,44
8642,44
8643,44
8644,44
8645,44
8646,44
8647,44
8648,44
8649,44
8650,44
8651,44
8652,44
8653,44
8654,44
8655,44
8656,44
8657,44
8658,44
8659,44
8660,44
8661,44
8662,44
8663,44
8664,44
8665,43
8666,43
8667,43
8668,43
8669,43
8670,43
8671,43
8672,43
8673,43
8674,43
8675,43
8676,43
8677,43
8678,43
8679,43
8680,43
8681,44
8682,44
8683,44
8684,44
8685,44
8686,44
8687,44
8688,44
8689,44
8690,44
8691,44
8692,44
8693,44
8694,44
8695,44
8696,44
8697,44
8698,44
8699,44
8700,44
8701,44
8702,44
8703,44
8704,44
8705,44
8706,44
8707,44
8708,44
8709,44
8710,44
8711,44
8712,44
8713,44
8714,44
8715,44
8716,44
8717,44
8718,44
8719,44
8720,44
8721,44
8722,44
8723,44
8724,44
8725,44
8726,44
8727,44
8728,44
8729,44
8730,44
8731,44
8732,44
8733,44
8734,44
8735,44
8736,44
8737,44
8738,44
8739,44
8740,44
8741,44
8742,44
8743,44
8744,44
8745,44
8746,44
8747,44
8748,44
8749,44
8750,44
8751,44
8752,44
8753,44
8754,44
8755,44
8756,44
8757,44
8758,44
8759,44
8760,44
8761,44
8762,44
8763,44
8764,44
8765,44
8766,44
8767,44
8768,44
8769,44
8770,44
8771,44
8772,44
8773,44
8774,44
8775,44
8776,44
8777,44
8778,44
8779,44
8780,44
8781,44
8782,44
8783,44
8784,44
8785,44
8786,44
8787,44
8788,44
8789,44
8790,44
8791,44
8792,44
8793,44
8794,44
8795,44
8796,44
8797,44
8798,44
8799,44
8800,44
8801,44
8802,44
8803,44
8804,44
8805,44
8806,44
8807,44
8808,44
8809,44
8810,44
8811,44
8812,44
8813,44
8814,44
8815,44
8816,44
8817,44
8818,44
8819,44
8820,44
8821,44
8822,44
8823,44
8824,44
8825,44
8826,44
8827,44
8828,44
8829,44
8830,44
8831,44
8832,44
8833,44
8834,44
8835,44
8836,44
8837,44
8838,44
8839,44
8840,44
8841,44
8842,44
8843,44
8844,44
8845,44
8846,44
8847,44
8848,44
8849,44
8850,44
8851,44
8852,44
8853,44
8854,44
8855,44
8856,44
8857,44
8858,44
8859,44
8860,44
8861,44
8862,44
8863,44
8864,44
8865,44
8866,44
8867,44
8868,44
8869,44
8870,44
8871,44
8872,44
8873,44
8874,44
8875,44
8876,44
8877,44
8878,44
8879,44
8880,44
8881,44
8882,44
8883,44
8884,44
8885,44
8886,44
8887,44
8888,44
8889,44
8890,44
8891,44
8892,44
8893,44
8894,44
8895,44
8896,44
8897,44
8898,44
8899,44
8900,44
8901,44
8902,44
8903,44
8904,44
8905,44
8906,44
8907,44
8908,44
8909,44
8910,44
8911,44
8912,44
8913,44
8914,44
8915,44
8916,44
8917,44
8918,44
8919,44
8920,44
8921,44
8922,44
8923,44
8924,44
8925,44
8926,44
8927,44
8928,44
8929,44
8930,44
8931,44
8932,44
8933,44
8934,44
8935,44
8936,44
8937,44
8938,44
8939,44
8940,44
8941,44
8942,44
8943,44
8944,44
8945,44
8946,44
8947,44
8948,44
8949,44
8950,44
8951,44
8952,44
8953,44
8954,44
8955,44
8956,44
8957,44
8958,44
8959,44
8960,44
8961,44
8962,44
8963,44
8964,44
8965,44
8966,44
8967,44
8968,44
8969,44
8970,44
8971,44
8972,44
8973,44
8974,44
8975,44
8976,44
8977,44
8978,44
8979,44
8980,44
8981,44
8982,44
8983,44
8984,44
8985,44
8986,44
8987,44
8988,44
8989,44
8990,44
8991,44
8992,44
8993,44
8994,44
8995,44
8996,44
8997,44
8998,44
8999,44
9000,44
9001,44
9002,44
9003,44
9004,44
9005,44
9006,44
9007,44
9008,44
9009,44
9010,44
9011,44
9012,44
9013,44
9014,44
9015,44
9016,44
9017,44
9018,44
9019,44
9020,44
9021,44
9022,44
9023,44
9024,44
9025,44
9026,44
9027,44
9028,44
9029,44
9030,44
9031,44
9032,44
9033,44
9034,44
9035,44
9036,44
9037,44
9038,44
9039,44
9040,44
9041,44
9042,44
9043,44
9044,44
9045,44
9046,44
9047,44
9048,44
9049,44
9050,44
9051,44
9052,44
9053,44
9054,44
9055,44
9056,44
9057,44
9058,44
9059,44
9060,44
9061,44
9062,44
9063,44
9064,44
9065,44
9066,44
9067,44
9068,44
9069,44
9070,44
9071,44
9072,44
9073,44
9074,44
9075,44
9076,44
9077,44
9078,44
9079,44
9080,44
9081,44
9082,44
9083,44
9084,44
9085,44
9086,44
9087,44
9088,44
9089,44
9090,44
9091,44
9092,44
9093,44
9094,44
9095,44
9096,44
9097,44
9098,44
9099,44
9100,44
9101,44
9102,44
9103,44
9104,44
9105,44
9106,44
9107,44
9108,44
9109,44
9110,44
9111,44
9112,44
9113,44
9114,44
9115,43
9116,43
9117,43
9118,43
9119,44
9120,44
9121,43
9122,43
9123,43
9124,43
9125,43
9126,43
9127,43
9128,43
9129,43
9130,43
9131,43
9132,43
9133,43
9134,43
9135,43
9136,43
9137,43
9138,43
9139,43
9140,43
9141,43
9142,43
9143,43
9144,43
9145,43
9146,43
9147,43
9148,43
9149,43
9150,43
9151,43
9152,43
9153,43
9154,43
9155,43
9156,43
9157,43
9158,43
9159,43
9160,43
9161,43
9162,43
9163,44
9164,44
9165,44
9166,44
9167,44
9168,44
9169,44
9170,44
9171,44
9172,44
9173,44
9174,44
9175,44
9176,44
9177,44
9178,44
9179,44
9180,44
9181,44
9182,44
9183,44
9184,44
9185,44
9186,44
9187,44
9188,44
9189,44
9190,44
9191,44
9192,44
9193,44
9194,44
9195,44
9196,44
9197,44
9198,44
9199,44
9200,44
9201,44
9202,44
9203,44
9204,44
9205,44
9206,44
9207,44
9208,44
9209,44
9210,44
9211,44
9212,44
9213,44
9214,44
9215,44
9216,44
9217,44
9218,44
9219,44
9220,44
9221,44
9222,44
9223,44
9224,44
9225,44
9226,44
9227,44
9228,44
9229,44
9230,44
9231,44
9232,44
9233,44
9234,44
9235,44
9236,44
9237,44
9238,44
9239,44
9240,44
9241,44
9242,44
9243,44
9244,44
9245,44
9246,44
9247,44
9248,44
9249,44
9250,44
9251,44
9252,44
9253,44
9254,44
9255,44
9256,44
9257,44
9258,44
9259,44
9260,44
9261,44
9262,44
9263,44
9264,44
9265,44
9266,44
9267,44
9268,44
9269,44
9270,44
9271,44
9272,44
9273,44
9274,44
9275,44
9276,44
9277,44
9278,44
9279,44
9280,44
9281,44
9282,44
9283,44
9284,44
9285,44
9286,44
9287,44
9288,44
9289,44
9290,44
9291,44
9292,44
9293,44
9294,44
9295,44
9296,44
9297,44
9298,44
9299,44
9300,44
9301,44
9302,44
9303,44
9304,44
9305,44
9306,44
9307,44
9308,44
9309,44
9310,44
9311,44
9312,44
9313,44
9314,44
9315,44
9316,44
9317,44
9318,44
9319,44
9320,44
9321,44
9322,44
9323,44
9324,44
9325,44
9326,44
9327,44
9328,44
9329,44
9330,44
9331,44
9332,44
9333,44
9334,44
9335,44
9336,44
9337,44
9338,44
9339,44
9340,44
9341,44
9342,44
9343,44
9344,44
9345,44
9346,44
9347,44
9348,44
9349,44
9350,44
9351,44
9352,44
9353,44
9354,44
9355,44
9356,44
9357,44
9358,44
9359,44
9360,44
9361,44
9362,44
9363,44
9364,44
9365,44
9366,44
9367,44
9368,44
9369,44
9370,44
9371,44
9372,44
9373,44
9374,44
9375,44
9376,44
9377,44
9378,44
9379,44
9380,44
9381,44
9382,44
9383,44
9384,44
9385,44
9386,44
9387,44
9388,44
9389,44
9390,44
9391,44
9392,44
9393,44
9394,44
9395,44
9396,44
9397,44
9398,44
9399,44
9400,44
9401,44
9402,44
9403,44
9404,44
9405,44
9406,44
9407,44
9408,44
9409,44
9410,44
9411,44
9412,44
9413,44
9414,44
9415,44
9416,44
9417,44
9418,44
9419,44
9420,44
9421,44
9422,44
9423,44
9424,44
9425,44
9426,44
9427,44
9428,44
9429,44
9430,44
9431,44
9432,44
9433,44
9434,44
9435,44
9436,44
9437,44
9438,45
9439,45
9440,45
9441,45
9442,45
9443,44
9444,44
9445,44
9446,44
9447,45
9448,44
9449,44
9450,44
9451,44
9452,44
9453,44
9454,44
9455,44
9456,44
9457,44
9458,44
9459,44
9460,44
9461,44
9462,44
9463,44
9464,44
9465,44
9466,44
9467,44
9468,44
9469,44
9470,44
9471,44
9472,44
9473,44
9474,44
9475,44
9476,44
9477,44
9478,44
9479,44
9480,44
9481,44
9482,44
9483,44
9484,44
9485,44
9486,44
9487,44
9488,44
9489,44
9490,44
9491,44
9492,44
9493,44
9494,44
9495,44
9496,44
9497,44
9498,44
9499,44
9500,44
9501,44
9502,44
9503,44
9504,44
9505,44
9506,44
9507,44
9508,44
9509,44
9510,44
9511,44
9512,44
9513,44
9514,44
9515,44
9516,44
9517,44
9518,44
9519,44
9520,44
9521,44
9522,44
9523,44
9524,44
9525,44
9526,44
9527,44
9528,44
9529,44
9530,44
9531,44
9532,44
9533,44
9534,44
9535,44
9536,44
9537,44
9538,44
9539,44
9540,44
9541,44
9542,44
9543,44
9544,44
9545,44
9546,44
9547,44
9548,44
9549,44
9550,44
9551,44
9552,44
9553,44
9554,44
9555,44
9556,44
9557,44
9558,44
9559,44
9560,44
9561,44
9562,44
9563,44
9564,44
9565,44
9566,44
9567,44
9568,44
9569,44
9570,44
9571,44
9572,44
9573,44
9574,44
9575,44
9576,44
9577,44
9578,44
9579,44
9580,44
9581,44
9582,44
9583,44
9584,44
9585,44
9586,44
9587,44
9588,44
9589,44
9590,44
9591,44
9592,44
9593,44
9594,44
9595,44
9596,44
9597,44
9598,44
9599,44
9600,44
9601,44
9602,44
9603,44
9604,44
9605,44
9606,44
9607,44
9608,44
9609,44
9610,44
9611,44
9612,44
9613,44
9614,44
9615,44
9616,44
9617,44
9618,44
9619,44
9620,44
9621,44
9622,44
9623,44
9624,44
9625,44
9626,44
9627,44
9628,44
9629,44
9630,44
9631,44
9632,44
9633,44
9634,44
9635,44
9636,44
9637,44
9638,44
9639,44
9640,44
9641,44
9642,44
9643,44
9644,44
9645,44
9646,44
9647,44
9648,44
9649,44
9650,44
9651,44
9652,44
9653,44
9654,44
9655,44
9656,44
9657,44
9658,44
9659,44
9660,44
9661,44
9662,44
9663,44
9664,44
9665,44
9666,44
9667,44
9668,44
9669,44
9670,44
9671,44
9672,44
9673,44
9674,44
9675,44
9676,44
9677,44
9678,44
9679,44
9680,44
9681,44
9682,44
9683,44
9684,44
9685,44
9686,44
9687,44
9688,44
9689,44
9690,44
9691,44
9692,44
9693,44
9694,44
9695,44
9696,44
9697,44
9698,44
9699,44
9700,44
9701,44
9702,44
9703,44
9704,44
9705,44
9706,44
9707,44
9708,44
9709,44
9710,44
9711,44
9712,44
9713,44
9714,44
9715,44
9716,44
9717,44
9718,44
9719,44
9720,44
9721,44
9722,44
9723,44
9724,44
9725,44
9726,44
9727,44
9728,44
9729,44
9730,44
9731,44
9732,44
9733,44
9734,44
9735,44
9736,44
9737,44
9738,44
9739,44
9740,44
9741,44
9742,44
9743,44
9744,44
9745,44
9746,44
9747,44
9748,44
9749,44
9750,44
9751,44
9752,44
9753,44
9754,44
9755,44
9756,44
9757,44
9758,44
9759,44
9760,44
9761,44
9762,44
9763,44
9764,44
9765,44
9766,44
9767,44
9768,44
9769,44
9770,44
9771,44
9772,44
9773,44
9774,44
9775,44
9776,44
9777,44
9778,44
9779,44
9780,44
9781,44
9782,44
9783,44
9784,44
9785,44
9786,44
9787,44
9788,44
9789,44
9790,44
9791,44
9792,44
9793,44
9794,44
9795,44
9796,44
9797,44
9798,44
9799,45
9800,45
9801,45
9802,45
9803,45
9804,45
9805,45
9806,45
9807,44
9808,45
9809,45
9810,45
9811,45
9812,45
9813,45
9814,45
9815,45
9816,45
9817,45
9818,45
9819,45
9820,45
9821,45
9822,45
9823,45
9824,45
9825,45
9826,45
9827,45
9828,45
9829,45
9830,45
9831,45
9832,45
9833,45
9834,45
9835,45
9836,45
9837,45
9838,45
9839,45
9840,45
9841,45
9842,45
9843,45
9844,45
9845,45
9846,45
9847,45
9848,45
9849,45
9850,45
9851,45
9852,45
9853,45
9854,45
9855,45
9856,45
9857,45
9858,45
9859,45
9860,45
9861,45
9862,45
9863,45
9864,45
9865,45
9866,45
9867,45
9868,45
9869,45
9870,44
9871,44
9872,44
9873,45
9874,45
9875,45
9876,45
9877,45
9878,45
9879,45
9880,45
9881,45
9882,45
9883,45
9884,45
9885,45
9886,45
9887,45
9888,45
9889,45
9890,45
9891,45
9892,45
9893,45
9894,45
9895,45
9896,45
9897,45
9898,45
9899,45
9900,45
9901,45
9902,45
9903,45
9904,45
9905,44
9906,44
9907,44
9908,44
9909,44
9910,44
9911,44
9912,44
9913,44
9914,44
9915,44
9916,44
9917,44
9918,44
9919,44
9920,44
9921,44
9922,44
9923,44
9924,44
9925,44
9926,44
9927,44
9928,44
9929,44
9930,44
9931,44
9932,44
9933,44
9934,44
9935,44
9936,44
9937,44
9938,44
9939,44
9940,44
9941,44
9942,44
9943,44
9944,44
9945,44
9946,44
9947,44
9948,44
9949,44
9950,44
9951,44
9952,44
9953,44
9954,44
9955,44
9956,44
9957,44
9958,44
9959,44
9960,44
9961,44
9962,44
9963,44
9964,44
9965,44
9966,44
9967,44
9968,44
9969,44
9970,44
9971,44
9972,44
9973,44
9974,44
9975,44
9976,44
9977,44
9978,44
9979,44
9980,44
9981,44
9982,44
9983,44
9984,44
9985,44
9986,44
9987,44
9988,44
9989,44
9990,44
9991,44
9992,44
9993,44
9994,44
9995,44
9996,44
9997,44
9998,44
9999,44
10000,44
10001,44
10002,44
10003,44
10004,44
10005,44
10006,44
10007,44
10008,44
10009,44
10010,44
10011,44
10012,44
10013,44
10014,44
10015,44
10016,44
10017,44
10018,44
10019,44
10020,44
10021,44
10022,44
10023,44
10024,44
10025,44
10026,44
10027,44
10028,44
10029,44
10030,44
10031,44
10032,44
10033,44
10034,44
10035,44
10036,44
10037,44
10038,44
10039,44
10040,44
10041,44
10042,44
10043,44
10044,44
10045,44
10046,44
10047,44
10048,44
10049,44
10050,44
10051,44
10052,44
10053,44
10054,44
10055,44
10056,44
10057,44
10058,44
10059,44
10060,44
10061,44
10062,44
10063,44
10064,44
10065,44
10066,44
10067,44
10068,44
10069,44
10070,44
10071,44
10072,44
10073,44
10074,44
10075,44
10076,44
10077,44
10078,44
10079,44
10080,44
10081,44
10082,44
10083,44
10084,44
10085,44
10086,44
10087,44
10088,44
10089,44
10090,44
10091,44
10092,44
10093,44
10094,44
10095,44
10096,44
10097,44
10098,44
10099,44
10100,44
10101,44
10102,44
10103,44
10104,44
10105,44
10106,44
10107,44
10108,44
10109,44
10110,44
10111,44
10112,44
10113,44
10114,44
10115,44
10116,44
10117,44
10118,44
10119,44
10120,44
10121,44
10122,44
10123,44
10124,44
10125,44
10126,44
10127,44
10128,44
10129,44
10130,44
10131,44
10132,44
10133,44
10134,44
10135,44
10136,44
10137,44
10138,44
10139,44
10140,44
10141,44
10142,44
10143,44
10144,44
10145,44
10146,44
10147,44
10148,44
10149,44
10150,44
10151,44
10152,44
10153,44
10154,44
10155,44
10156,44
10157,44
10158,44
10159,44
10160,44
10161,44
10162,44
10163,44
10164,45
10165,45
10166,45
10167,45
10168,45
10169,45
10170,45
10171,45
10172,45
10173,45
10174,44
10175,44
10176,44
10177,44
10178,44
10179,44
10180,44
10181,44
10182,44
10183,44
10184,44
10185,44
10186,44
10187,44
10188,44
10189,44
10190,44
10191,44
10192,44
10193,44
10194,44
10195,44
10196,44
10197,44
10198,44
10199,44
10200,44
10201,44
10202,44
10203,44
10204,44
10205,44
10206,44
10207,44
10208,44
10209,44
10210,44
10211,44
10212,44
10213,44
10214,44
10215,44
10216,44
10217,44
10218,44
10219,44
10220,44
10221,44
10222,44
10223,44
10224,44
10225,44
10226,44
10227,44
10228,44
10229,44
10230,44
10231,44
10232,44
10233,44
10234,44
10235,44
10236,44
10237,44
10238,44
10239,44
10240,44
10241,44
10242,44
10243,44
10244,44
10245,44
10246,44
10247,44
10248,44
10249,44
10250,44
10251,44
10252,44
10253,44
10254,44
10255,44
10256,44
10257,44
10258,44
10259,44
10260,44
10261,44
10262,44
10263,44
10264,44
10265,44
10266,44
10267,44
10268,44
10269,44
10270,44
10271,44
10272,44
10273,44
10274,44
10275,44
10276,44
10277,44
10278,44
10279,44
10280,44
10281,44
10282,44
10283,44
10284,44
10285,44
10286,44
10287,44
10288,44
10289,44
10290,44
10291,44
10292,44
10293,44
10294,44
10295,44
10296,44
10297,44
10298,44
10299,44
10300,44
10301,44
10302,44
10303,44
10304,44
10305,44
10306,44
10307,44
10308,44
10309,44
10310,44
10311,44
10312,44
10313,44
10314,44
10315,44
10316,44
10317,44
10318,44
10319,44
10320,44
10321,44
10322,44
10323,44
10324,44
10325,44
10326,44
10327,44
10328,44
10329,44
10330,44
10331,44
10332,44
10333,44
10334,44
10335,44
10336,44
10337,44
10338,44
10339,44
10340,44
10341,44
10342,44
10343,44
10344,44
10345,44
10346,44
10347,44
10348,44
10349,44
10350,44
10351,44
10352,44
10353,44
10354,44
10355,44
10356,44
10357,44
10358,44
10359,44
10360,44
10361,44
10362,44
10363,44
10364,44
10365,44
10366,44
10367,44
10368,44
10369,44
10370,44
10371,44
10372,44
10373,44
10374,44
10375,44
10376,44
10377,44
10378,44
10379,44
10380,44
10381,44
10382,44
10383,44
10384,44
10385,44
10386,45
10387,45
10388,45
10389,45
10390,45
10391,45
10392,45
10393,45
10394,45
10395,45
10396,45
10397,45
10398,45
10399,45
10400,45
10401,45
10402,45
10403,45
10404,45
10405,45
10406,45
10407,45
10408,45
10409,45
10410,45
10411,45
10412,45
10413,45
10414,45
10415,45
10416,45
10417,45
10418,45
10419,45
10420,45
10421,45
10422,45
10423,45
10424,45
10425,45
10426,45
10427,45
10428,45
10429,45
10430,45
10431,45
10432,45
10433,44
10434,44
10435,44
10436,44
10437,44
10438,44
10439,44
10440,44
10441,44
10442,44
10443,44
10444,44
10445,44
10446,44
10447,44
10448,44
10449,44
10450,44
10451,44
10452,44
10453,44
10454,44
10455,44
10456,44
10457,44
10458,44
10459,44
10460,44
10461,44
10462,44
10463,44
10464,44
10465,44
10466,44
10467,44
10468,44
10469,44
10470,44
10471,44
10472,44
10473,44
10474,44
10475,44
10476,44
10477,44
10478,44
10479,44
10480,44
10481,44
10482,44
10483,44
10484,44
10485,44
10486,45
10487,45
10488,45
10489,45
10490,45
10491,45
10492,44
10493,44
10494,44
10495,44
10496,44
10497,44
10498,44
10499,44
10500,44
10501,44
10502,44
10503,44
10504,44
10505,44
10506,44
10507,44
10508,44
10509,45
10510,45
10511,45
10512,45
10513,45
10514,45
10515,44
10516,45
10517,45
10518,44
10519,44
10520,44
10521,44
10522,44
10523,44
10524,44
10525,44
10526,44
10527,44
10528,44
10529,44
10530,44
10531,44
10532,44
10533,44
10534,44
10535,44
10536,44
10537,44
10538,44
10539,44
10540,44
10541,44
10542,44
10543,44
10544,44
10545,44
10546,44
10547,44
10548,44
10549,44
10550,44
10551,44
10552,44
10553,44
10554,44
10555,44
10556,44
10557,44
10558,44
10559,44
10560,44
10561,44
10562,44
10563,44
10564,44
10565,44
10566,44
10567,44
10568,44
10569,44
10570,44
10571,44
10572,44
10573,44
10574,44
10575,44
10576,44
10577,44
10578,44
10579,44
10580,44
10581,44
10582,44
10583,44
10584,44
10585,44
10586,44
10587,44
10588,44
10589,44
10590,44
10591,44
10592,44
10593,44
10594,44
10595,44
10596,44
10597,44
10598,44
10599,44
10600,44
10601,44
10602,44
10603,44
10604,44
10605,44
10606,44
10607,44
10608,44
10609,44
10610,44
10611,44
10612,44
10613,44
10614,44
10615,44
10616,44
10617,44
10618,44
10619,44
10620,44
10621,44
10622,44
10623,44
10624,44
10625,44
10626,44
10627,44
10628,44
10629,44
10630,44
10631,44
10632,44
10633,44
10634,44
10635,44
10636,44
10637,44
10638,44
10639,44
10640,44
10641,44
10642,44
10643,44
10644,44
10645,44
10646,44
10647,44
10648,44
10649,44
10650,44
10651,44
10652,44
10653,44
10654,44
10655,44
10656,44
10657,44
10658,44
10659,44
10660,44
10661,44
10662,44
10663,44
10664,44
10665,44
10666,44
10667,44
10668,44
10669,44
10670,44
10671,44
10672,44
10673,44
10674,44
10675,44
10676,44
10677,44
10678,44
10679,44
10680,44
10681,44
10682,44
10683,44
10684,44
10685,44
10686,44
10687,44
10688,44
10689,44
10690,44
10691,44
10692,44
10693,44
10694,44
10695,44
10696,44
10697,44
10698,44
10699,44
10700,44
10701,44
10702,44
10703,44
10704,44
10705,44
10706,44
10707,44
10708,44
10709,44
10710,44
10711,44
10712,44
10713,44
10714,44
10715,44
10716,44
10717,44
10718,44
10719,44
10720,44
10721,44
10722,44
10723,44
10724,44
10725,44
10726,44
10727,44
10728,44
10729,44
10730,44
10731,44
10732,44
10733,44
10734,44
10735,44
10736,44
10737,44
10738,44
10739,44
10740,44
10741,44
10742,44
10743,44
10744,44
10745,44
10746,44
10747,44
10748,44
10749,44
10750,44
10751,44
10752,44
10753,44
10754,44
10755,44
10756,44
10757,44
10758,44
10759,44
10760,44
10761,44
10762,44
10763,44
10764,44
10765,44
10766,44
10767,44
10768,44
10769,44
10770,44
10771,44
10772,44
10773,44
10774,44
10775,44
10776,44
10777,44
10778,44
10779,44
10780,44
10781,44
10782,44
10783,44
10784,44
10785,44
10786,44
10787,44
10788,44
10789,44
10790,44
10791,44
10792,44
10793,44
10794,44
10795,44
10796,44
10797,44
10798,44
10799,44
10800,44
10801,44
10802,44
10803,44
10804,44
10805,44
10806,44
10807,44
10808,44
10809,44
10810,44
10811,44
10812,44
10813,44
10814,44
10815,44
10816,44
10817,44
10818,44
10819,44
10820,44
10821,44
10822,44
10823,44
10824,44
10825,44
10826,44
10827,44
10828,44
10829,44
10830,44
10831,44
10832,44
10833,44
10834,44
10835,44
10836,44
10837,44
10838,44
10839,44
10840,44
10841,44
10842,44
10843,44
10844,44
10845,44
10846,44
10847,44
10848,44
10849,44
10850,44
10851,44
10852,44
10853,44
10854,44
10855,44
10856,44
10857,44
10858,44
10859,44
10860,44
10861,44
10862,44
10863,44
10864,44
10865,44
10866,44
10867,44
10868,44
10869,44
10870,44
10871,44
10872,44
10873,44
10874,44
10875,44
10876,44
10877,44
10878,44
10879,44
10880,44
10881,44
10882,45
10883,45
10884,45
10885,45
10886,45
10887,45
10888,45
10889,44
10890,45
10891,45
10892,44
10893,44
10894,44
10895,44
10896,44
10897,44
10898,44
10899,44
10900,44
10901,44
10902,44
10903,44
10904,44
10905,44
10906,44
10907,44
10908,44
10909,44
10910,44
10911,44
10912,44
10913,44
10914,44
10915,44
10916,44
10917,44
10918,44
10919,44
10920,44
10921,44
10922,44
10923,44
10924,44
10925,44
10926,44
10927,44
10928,44
10929,44
10930,44
10931,44
10932,44
10933,45
10934,45
10935,45
10936,45
10937,45
10938,45
10939,45
10940,45
10941,45
10942,45
10943,45
10944,45
10945,45
10946,45
10947,45
10948,45
10949,45
10950,45
10951,45
10952,45
10953,45
10954,45
10955,45
10956,45
10957,44
10958,44
10959,44
10960,44
10961,44
10962,44
10963,44
10964,44
10965,44
10966,44
10967,44
10968,44
10969,44
10970,44
10971,44
10972,44
10973,44
10974,44
10975,44
10976,44
10977,44
10978,44
10979,44
10980,44
10981,44
10982,44
10983,44
10984,44
10985,44
10986,44
10987,44
10988,44
10989,44
10990,44
10991,44
10992,44
10993,44
10994,44
10995,44
10996,44
10997,44
10998,44
10999,44
11000,44
11001,44
11002,44
11003,44
11004,44
11005,44
11006,44
11007,44
11008,44
11009,44
11010,44
11011,44
11012,44
11013,44
11014,44
11015,44
11016,44
11017,44
11018,44
11019,44
11020,44
11021,44
11022,44
11023,44
11024,44
11025,44
11026,44
11027,44
11028,44
11029,44
11030,44
11031,44
11032,44
11033,44
11034,44
11035,44
11036,44
11037,44
11038,44
11039,44
11040,44
11041,44
11042,44
11043,44
11044,44
11045,44
11046,44
11047,44
11048,44
11049,44
11050,44
11051,44
11052,44
11053,44
11054,44
11055,44
11056,44
11057,44
11058,44
11059,44
11060,44
11061,44
11062,44
11063,44
11064,44
11065,44
11066,44
11067,44
11068,44
11069,44
11070,44
11071,44
11072,44
11073,44
11074,44
11075,44
11076,44
11077,44
11078,44
11079,44
11080,44
11081,44
11082,44
11083,44
11084,44
11085,44
11086,44
11087,44
11088,44
11089,44
11090,44
11091,44
11092,44
11093,44
11094,44
11095,44
11096,44
11097,44
11098,44
11099,44
11100,44
11101,44
11102,44
11103,44
11104,44
11105,44
11106,44
11107,44
11108,44
11109,44
11110,44
11111,44
11112,44
11113,44
11114,44
11115,44
11116,44
11117,44
11118,44
11119,44
11120,44
11121,44
11122,44
11123,44
11124,44
11125,44
11126,44
11127,44
11128,44
11129,44
11130,44
11131,44
11132,44
11133,44
11134,44
11135,44
11136,44
11137,44
11138,44
11139,44
11140,44
11141,44
11142,44
11143,44
11144,44
11145,44
11146,44
11147,44
11148,44
11149,44
11150,44
11151,44
11152,44
11153,44
11154,44
11155,44
11156,44
11157,44
11158,44
11159,44
11160,44
11161,44
11162,44
11163,44
11164,44
11165,44
11166,44
11167,44
11168,44
11169,44
11170,44
11171,44
11172,44
11173,44
11174,44
11175,44
11176,44
11177,44
11178,44
11179,44
11180,44
11181,44
11182,44
11183,44
11184,44
11185,44
11186,44
11187,44
11188,44
11189,44
11190,44
11191,44
11192,44
11193,44
11194,44
11195,44
11196,44
11197,44
11198,44
11199,44
11200,44
11201,44
11202,44
11203,44
11204,44
11205,44
11206,44
11207,44
11208,44
11209,44
11210,44
11211,44
11212,44
11213,44
11214,44
11215,44
11216,44
11217,44
11218,44
11219,44
11220,44
11221,44
11222,44
11223,44
11224,44
11225,44
11226,44
11227,44
11228,44
11229,44
11230,44
11231,44
11232,44
11233,44
11234,44
11235,44
11236,44
11237,44
11238,44
11239,44
11240,44
11241,44
11242,44
11243,44
11244,44
11245,44
11246,44
11247,44
11248,44
11249,44
11250,44
11251,44
11252,44
11253,44
11254,44
11255,44
11256,44
11257,44
11258,44
11259,44
11260,44
11261,44
11262,44
11263,44
11264,44
11265,44
11266,44
11267,44
11268,44
11269,44
11270,44
11271,44
11272,44
11273,44
11274,44
11275,44
11276,44
11277,44
11278,44
11279,44
11280,44
11281,44
11282,44
11283,44
11284,44
11285,44
11286,44
11287,44
11288,44
11289,44
11290,44
11291,44
11292,44
11293,44
11294,44
11295,44
11296,44
11297,44
11298,44
11299,44
11300,44
11301,44
11302,44
11303,44
11304,44
11305,44
11306,44
11307,44
11308,44
11309,44
11310,44
11311,44
11312,44
11313,44
11314,44
11315,44
11316,44
11317,44
11318,44
11319,44
11320,44
11321,44
11322,44
11323,44
11324,44
11325,44
11326,44
11327,44
11328,45
11329,45
11330,45
11331,45
11332,45
11333,45
11334,45
11335,45
11336,45
11337,45
11338,45
11339,45
11340,45
11341,45
11342,45
11343,45
11344,45
11345,45
11346,45
11347,45
11348,45
11349,45
11350,45
11351,45
11352,45
11353,45
11354,45
11355,45
11356,45
11357,45
11358,45
11359,45
11360,45
11361,45
11362,45
11363,45
11364,45
11365,45
11366,45
11367,45
11368,45
11369,45
11370,44
11371,44
11372,44
11373,45
11374,44
11375,44
11376,44
11377,44
11378,44
11379,45
11380,45
11381,45
11382,45
11383,45
11384,45
11385,45
11386,45
11387,45
11388,45
11389,45
11390,45
11391,45
11392,45
11393,44
11394,44
11395,44
11396,44
11397,44
11398,44
11399,44
11400,44
11401,44
11402,44
11403,44
11404,44
11405,44
11406,44
11407,44
11408,44
11409,44
11410,44
11411,44
11412,44
11413,44
11414,44
11415,44
11416,44
11417,44
11418,44
11419,44
11420,44
11421,44
11422,44
11423,44
11424,44
11425,44
11426,44
11427,44
11428,44
11429,44
11430,44
11431,44
11432,44
11433,44
11434,44
11435,44
11436,44
11437,44
11438,44
11439,44
11440,44
11441,45
11442,45
11443,45
11444,45
11445,45
11446,45
11447,45
11448,45
11449,45
11450,45
11451,45
11452,45
11453,45
11454,45
11455,45
11456,45
11457,45
11458,45
11459,45
11460,45
11461,45
11462,45
11463,45
11464,45
11465,45
11466,45
11467,45
11468,45
11469,45
11470,45
11471,45
11472,45
11473,45
11474,44
11475,44
11476,44
11477,44
11478,44
11479,44
11480,44
11481,44
11482,44
11483,44
11484,44
11485,44
11486,44
11487,44
11488,44
11489,44
11490,44
11491,44
11492,44
11493,44
11494,44
11495,44
11496,44
11497,44
11498,44
11499,44
11500,44
11501,44
11502,44
11503,44
11504,44
11505,44
11506,44
11507,44
11508,44
11509,44
11510,44
11511,44
11512,44
11513,44
11514,44
11515,44
11516,44
11517,44
11518,44
11519,44
11520,44
11521,44
11522,44
11523,44
11524,44
11525,44
11526,44
11527,44
11528,44
11529,44
11530,44
11531,44
11532,44
11533,45
11534,44
11535,44
11536,45
11537,45
11538,45
11539,45
11540,45
11541,45
11542,45
11543,45
11544,45
11545,45
11546,45
11547,45
11548,45
11549,45
11550,45
11551,45
11552,45
11553,45
11554,45
11555,45
11556,45
11557,45
11558,45
11559,45
11560,45
11561,45
11562,45
11563,45
11564,45
11565,45
11566,44
11567,44
11568,44
11569,44
11570,44
11571,44
11572,44
11573,44
11574,44
11575,44
11576,44
11577,44
11578,44
11579,44
11580,44
11581,44
11582,44
11583,44
11584,44
11585,44
11586,44
11587,44
11588,44
11589,44
11590,44
11591,44
11592,44
11593,44
11594,44
11595,44
11596,44
11597,44
11598,44
11599,44
11600,44
11601,44
11602,44
11603,44
11604,44
11605,44
11606,44
11607,44
11608,44
11609,44
11610,44
11611,44
11612,44
11613,44
11614,44
11615,44
11616,44
11617,44
11618,44
11619,44
11620,44
11621,44
11622,44
11623,44
11624,44
11625,44
11626,44
11627,45
11628,45
11629,45
11630,45
11631,45
11632,44
11633,44
11634,44
11635,44
11636,44
11637,44
11638,44
11639,44
11640,44
11641,44
11642,44
11643,44
11644,44
11645,44
11646,44
11647,44
11648,44
11649,44
11650,44
11651,44
11652,44
11653,44
11654,44
11655,45
11656,45
11657,45
11658,45
11659,45
11660,45
11661,45
11662,45
11663,45
11664,45
11665,45
11666,45
11667,45
11668,45
11669,45
11670,45
11671,45
11672,45
11673,45
11674,45
11675,45
11676,45
11677,45
11678,45
11679,45
11680,45
11681,45
11682,45
11683,45
11684,45
11685,45
11686,45
11687,45
11688,45
11689,45
11690,45
11691,45
11692,45
11693,45
11694,45
11695,45
11696,45
11697,45
11698,45
11699,45
11700,45
11701,45
11702,45
11703,45
11704,45
11705,44
11706,44
11707,44
11708,44
11709,44
11710,44
11711,44
11712,44
11713,44
11714,44
11715,44
11716,44
11717,44
11718,44
11719,44
11720,44
11721,44
11722,44
11723,44
11724,44
11725,44
11726,44
11727,44
11728,44
11729,44
11730,44
11731,44
11732,44
11733,44
11734,44
11735,44
11736,44
11737,44
11738,44
11739,44
11740,44
11741,44
11742,44
11743,44
11744,44
11745,44
11746,44
11747,44
11748,44
11749,44
11750,44
11751,44
11752,44
11753,44
11754,44
11755,44
11756,44
11757,44
11758,44
11759,44
11760,44
11761,44
11762,44
11763,44
11764,44
11765,44
11766,44
11767,44
11768,44
11769,44
11770,44
11771,44
11772,44
11773,44
11774,44
11775,44
11776,44
11777,44
11778,44
11779,44
11780,44
11781,44
11782,44
11783,44
11784,44
11785,44
11786,44
11787,44
11788,44
11789,44
11790,44
11791,44
11792,44
11793,44
11794,44
11795,44
11796,44
11797,44
11798,44
11799,44
11800,44
11801,44
11802,44
11803,44
11804,44
11805,44
11806,44
11807,44
11808,44
11809,44
11810,44
11811,44
11812,44
11813,44
11814,44
11815,44
11816,44
11817,44
11818,44
11819,44
11820,44
11821,44
11822,44
11823,44
11824,44
11825,44
11826,44
11827,44
11828,44
11829,44
11830,44
11831,44
11832,44
11833,44
11834,44
11835,44
11836,44
11837,44
11838,44
11839,44
11840,44
11841,44
11842,44
11843,44
11844,44
11845,44
11846,44
11847,44
11848,44
11849,44
11850,44
11851,44
11852,44
11853,44
11854,44
11855,44
11856,44
11857,44
11858,44
11859,44
11860,44
11861,44
11862,44
11863,44
11864,44
11865,44
11866,44
11867,44
11868,44
11869,44
11870,44
11871,44
11872,44
11873,44
11874,44
11875,44
11876,44
11877,44
11878,44
11879,44
11880,44
11881,44
11882,44
11883,44
11884,44
11885,44
11886,44
11887,44
11888,44
11889,44
11890,44
11891,44
11892,44
11893,44
11894,44
11895,44
11896,44
11897,44
11898,44
11899,44
11900,44
11901,44
11902,44
11903,44
11904,44
11905,44
11906,44
11907,44
11908,44
11909,44
11910,44
11911,44
11912,44
11913,44
11914,44
11915,44
11916,44
11917,44
11918,44
11919,44
11920,44
11921,44
11922,44
11923,44
11924,44
11925,44
11926,44
11927,44
11928,44
11929,44
11930,44
11931,44
11932,44
11933,44
11934,44
11935,44
11936,44
11937,44
11938,44
11939,44
11940,44
11941,44
11942,44
11943,44
11944,44
11945,44
11946,44
11947,44
11948,44
11949,44
11950,44
11951,44
11952,44
11953,44
11954,44
11955,44
11956,44
11957,44
11958,44
11959,44
11960,44
11961,44
11962,44
11963,44
11964,44
11965,44
11966,44
11967,44
11968,44
11969,44
11970,44
11971,44
11972,44
11973,44
11974,44
11975,44
11976,44
11977,44
11978,44
11979,44
11980,44
11981,44
11982,44
11983,44
11984,44
11985,44
11986,44
11987,44
11988,44
11989,44
11990,44
11991,44
11992,44
11993,44
11994,44
11995,44
11996,44
11997,44
11998,44
11999,44
12000,44
12001,44
12002,44
12003,44
12004,44
12005,44
12006,44
12007,44
12008,44
12009,44
12010,44
12011,44
12012,44
12013,44
12014,44
12015,44
12016,44
12017,44
12018,44
12019,44
12020,44
12021,44
12022,44
12023,44
12024,44
12025,43
12026,43
12027,43
12028,43
12029,43
12030,43
12031,43
12032,43
12033,43
12034,43
12035,43
12036,43
12037,43
12038,43
12039,43
12040,43
12041,43
12042,43
12043,43
12044,43
12045,43
12046,43
12047,43
12048,43
12049,43
12050,43
12051,43
12052,44
12053,44
12054,44
12055,44
12056,44
12057,44
12058,44
12059,44
12060,44
12061,44
12062,44
12063,44
12064,44
12065,44
12066,44
12067,44
12068,44
12069,44
12070,44
12071,44
12072,44
12073,44
12074,44
12075,44
12076,44
12077,44
12078,44
12079,44
12080,44
12081,44
12082,44
12083,44
12084,44
12085,44
12086,44
12087,44
12088,44
12089,44
12090,44
12091,44
12092,44
12093,44
12094,44
12095,44
12096,44
12097,44
12098,44
12099,44
12100,44
12101,44
12102,44
12103,44
12104,44
12105,44
12106,44
12107,44
12108,44
12109,44
12110,44
12111,44
12112,44
12113,44
12114,44
12115,44
12116,44
12117,44
12118,44
12119,44
12120,44
12121,44
12122,44
12123,44
12124,44
12125,44
12126,44
12127,44
12128,44
12129,44
12130,44
12131,44
12132,44
12133,44
12134,44
12135,44
12136,44
12137,44
12138,44
12139,44
12140,44
12141,44
12142,44
12143,44
12144,44
12145,44
12146,44
12147,44
12148,44
12149,44
12150,44
12151,44
12152,44
12153,44
12154,44
12155,44
12156,44
12157,44
12158,44
12159,44
12160,44
12161,44
12162,44
12163,44
12164,44
12165,43
12166,43
12167,43
12168,43
12169,43
12170,43
12171,43
12172,43
12173,43
12174,43
12175,43
12176,43
12177,43
12178,43
12179,44
12180,44
12181,44
12182,44
12183,43
12184,43
12185,43
12186,44
12187,44
12188,43
12189,43
12190,43
12191,43
12192,43
12193,43
12194,43
12195,43
12196,43
12197,43
12198,43
12199,43
12200,44
12201,44
12202,44
12203,44
12204,44
12205,44
12206,44
12207,44
12208,44
12209,44
12210,44
12211,44
12212,44
12213,44
12214,44
12215,44
12216,44
12217,44
12218,44
12219,44
12220,44
12221,44
12222,44
12223,44
12224,44
12225,44
12226,44
12227,44
12228,44
12229,44
12230,44
12231,44
12232,44
12233,44
12234,44
12235,44
12236,44
12237,44
12238,44
12239,44
12240,44
12241,44
12242,44
12243,44
12244,44
12245,44
12246,44
12247,44
12248,44
12249,44
12250,44
12251,44
12252,44
12253,44
12254,44
12255,44
12256,44
12257,44
12258,44
12259,44
12260,44
12261,44
12262,44
12263,44
12264,44
12265,44
12266,44
12267,44
12268,44
12269,44
12270,44
12271,44
12272,44
12273,44
12274,44
12275,44
12276,44
12277,44
12278,44
12279,44
12280,44
12281,44
12282,44
12283,44
12284,44
12285,44
12286,44
12287,44
12288,44
12289,44
12290,44
12291,44
12292,44
12293,44
12294,44
12295,44
12296,44
12297,44
12298,44
12299,44
12300,44
12301,44
12302,44
12303,44
12304,44
12305,44
12306,44
12307,44
12308,44
12309,44
12310,44
12311,44
12312,44
12313,44
12314,44
12315,44
12316,44
12317,44
12318,44
12319,44
12320,44
12321,44
12322,44
12323,44
12324,44
12325,44
12326,44
12327,44
12328,44
12329,44
12330,44
12331,44
12332,44
12333,44
12334,44
12335,44
12336,44
12337,44
12338,44
12339,44
12340,44
12341,44
12342,44
12343,44
12344,44
12345,44
12346,44
12347,44
12348,44
12349,44
12350,44
12351,44
12352,44
12353,44
12354,44
12355,44
12356,44
12357,44
12358,44
12359,44
12360,44
12361,44
12362,44
12363,44
12364,44
12365,44
12366,44
12367,44
12368,44
12369,44
12370,44
12371,44
12372,44
12373,44
12374,44
12375,44
12376,44
12377,44
12378,44
12379,44
12380,44
12381,44
12382,44
12383,44
12384,44
12385,44
12386,44
12387,44
12388,44
12389,44
12390,44
12391,44
12392,44
12393,44
12394,44
12395,44
12396,44
12397,44
12398,44
12399,44
12400,44
12401,44
12402,44
12403,44
12404,44
12405,44
12406,44
12407,44
12408,44
12409,44
12410,44
12411,44
12412,44
12413,44
12414,44
12415,44
12416,44
12417,44
12418,44
12419,44
12420,44
12421,44
12422,44
12423,44
12424,44
12425,44
12426,44
12427,44
12428,44
12429,44
12430,44
12431,44
12432,44
12433,44
12434,44
12435,44
12436,44
12437,44
12438,44
12439,44
12440,44
12441,44
12442,44
12443,44
12444,44
12445,44
12446,44
12447,44
12448,44
12449,44
12450,44
12451,44
12452,44
12453,44
12454,44
12455,44
12456,44
12457,44
12458,44
12459,44
12460,44
12461,44
12462,44
12463,44
12464,44
12465,44
12466,44
12467,44
12468,44
12469,44
12470,44
12471,44
12472,44
12473,44
12474,44
12475,44
12476,44
12477,44
12478,44
12479,44
12480,44
12481,44
12482,44
12483,44
12484,44
12485,44
12486,44
12487,44
12488,44
12489,44
12490,44
12491,44
12492,44
12493,44
12494,44
12495,44
12496,44
12497,44
12498,44
12499,44
12500,44
12501,44
12502,44
12503,44
12504,44
12505,44
12506,44
12507,44
12508,44
12509,44
12510,44
12511,44
12512,44
12513,44
12514,44
12515,44
12516,44
12517,44
12518,44
12519,44
12520,44
12521,44
12522,44
12523,44
12524,44
12525,44
12526,44
12527,44
12528,44
12529,44
12530,44
12531,44
12532,44
12533,44
12534,44
12535,44
12536,44
12537,44
12538,44
12539,44
12540,45
12541,45
12542,45
12543,45
12544,45
12545,45
12546,45
12547,45
12548,45
12549,45
12550,45
12551,45
12552,45
12553,45
12554,45
12555,45
12556,45
12557,45
12558,45
12559,45
12560,45
12561,45
12562,45
12563,45
12564,45
12565,45
12566,45
12567,45
12568,45
12569,45
12570,45
12571,45
12572,45
12573,45
12574,45
12575,45
12576,45
12577,45
12578,45
12579,44
12580,44
12581,44
12582,44
12583,44
12584,44
12585,44
12586,44
12587,44
12588,44
12589,44
12590,44
12591,44
12592,44
12593,44
12594,44
12595,44
12596,44
12597,44
12598,44
12599,44
12600,44
12601,44
12602,44
12603,44
12604,44
12605,44
12606,44
12607,44
12608,44
12609,44
12610,44
12611,44
12612,44
12613,44
12614,44
12615,44
12616,45
12617,45
12618,44
12619,44
12620,44
12621,45
12622,44
12623,44
12624,44
12625,44
12626,44
12627,44
12628,44
12629,44
12630,44
12631,45
12632,45
12633,45
12634,45
12635,45
12636,45
12637,45
12638,44
12639,44
12640,44
12641,44
12642,44
12643,44
12644,44
12645,44
12646,44
12647,44
12648,44
12649,44
12650,44
12651,44
12652,44
12653,44
12654,44
12655,44
12656,44
12657,44
12658,44
12659,44
12660,44
12661,44
12662,44
12663,44
12664,44
12665,44
12666,44
12667,44
12668,44
12669,44
12670,44
12671,44
12672,44
12673,44
12674,45
12675,45
12676,45
12677,45
12678,45
12679,45
12680,45
12681,45
12682,45
12683,45
12684,45
12685,45
12686,45
12687,45
12688,45
12689,45
12690,45
12691,45
12692,45
12693,45
12694,45
12695,45
12696,45
12697,45
12698,45
12699,45
12700,45
12701,45
12702,45
12703,45
12704,45
12705,45
12706,45
12707,45
12708,45
12709,45
12710,45
12711,45
12712,45
12713,45
12714,45
12715,45
12716,45
12717,45
12718,45
12719,45
12720,45
12721,45
12722,45
12723,45
12724,45
12725,45
12726,45
12727,45
12728,45
12729,45
12730,45
12731,45
12732,45
12733,45
12734,45
12735,45
12736,45
12737,45
12738,45
12739,45
12740,45
12741,45
12742,45
12743,45
12744,45
12745,45
12746,45
12747,45
12748,45
12749,45
12750,45
12751,45
12752,45
12753,45
12754,45
12755,45
12756,45
12757,44
12758,44
12759,44
12760,44
12761,44
12762,44
12763,44
12764,44
12765,44
12766,44
12767,44
12768,44
12769,44
12770,44
12771,44
12772,44
12773,44
12774,44
12775,44
12776,44
12777,44
12778,44
12779,44
12780,44
12781,44
12782,44
12783,44
12784,44
12785,44
12786,44
12787,44
12788,44
12789,44
12790,44
12791,44
12792,44
12793,44
12794,44
12795,44
12796,44
12797,44
12798,44
12799,44
12800,44
12801,44
12802,44
12803,44
12804,44
12805,44
12806,44
12807,44
12808,44
12809,44
12810,44
12811,44
12812,44
12813,44
12814,44
12815,44
12816,44
12817,44
12818,44
12819,44
12820,44
12821,44
12822,44
12823,44
12824,44
12825,44
12826,44
12827,44
12828,44
12829,44
12830,44
12831,44
12832,44
12833,44
12834,44
12835,44
12836,44
12837,44
12838,44
12839,44
12840,44
12841,44
12842,44
12843,44
12844,44
12845,45
12846,45
12847,45
12848,45
12849,45
12850,45
12851,45
12852,45
12853,44
12854,45
12855,45
12856,45
12857,45
12858,45
12859,44
12860,44
12861,44
12862,44
12863,44
12864,44
12865,44
12866,44
12867,44
12868,44
12869,44
12870,44
12871,44
12872,44
12873,44
12874,44
12875,44
12876,44
12877,44
12878,44
12879,44
12880,44
12881,44
12882,44
12883,44
12884,44
12885,44
12886,44
12887,44
12888,44
12889,44
12890,44
12891,44
12892,44
12893,44
12894,44
12895,44
12896,44
12897,44
12898,44
12899,44
12900,44
12901,44
12902,44
12903,44
12904,44
12905,44
12906,44
12907,44
12908,44
12909,44
12910,44
12911,44
12912,44
12913,44
12914,44
12915,44
12916,44
12917,44
12918,44
12919,44
12920,44
12921,44
12922,44
12923,44
12924,44
12925,44
12926,44
12927,44
12928,44
12929,44
12930,44
12931,44
12932,44
12933,44
12934,44
12935,44
12936,44
12937,44
12938,45
12939,45
12940,45
12941,45
12942,45
12943,45
12944,45
12945,45
12946,45
12947,45
12948,45
12949,45
12950,45
12951,45
12952,45
12953,45
12954,45
12955,45
12956,45
12957,45
12958,45
12959,45
12960,45
12961,45
12962,45
12963,45
12964,45
12965,45
12966,45
12967,45
12968,45
12969,45
12970,45
12971,45
12972,45
12973,45
12974,45
12975,45
12976,45
12977,45
12978,45
12979,45
12980,45
12981,45
12982,45
12983,45
12984,45
12985,45
12986,45
12987,45
12988,45
12989,45
12990,45
12991,45
12992,45
12993,45
12994,45
12995,45
12996,45
12997,45
12998,45
12999,45
13000,45
13001,45
13002,45
13003,45
13004,45
13005,45
13006,45
13007,45
13008,45
13009,45
13010,45
13011,45
13012,45
13013,45
13014,45
13015,45
13016,45
13017,45
13018,45
13019,45
13020,45
13021,45
13022,45
13023,45
13024,45
13025,45
13026,45
13027,45
13028,45
13029,45
13030,45
13031,45
13032,45
13033,45
13034,45
13035,45
13036,45
13037,45
13038,45
13039,45
13040,45
13041,45
13042,45
13043,45
13044,45
13045,45
13046,45
13047,45
13048,45
13049,45
13050,45
13051,45
13052,45
13053,45
13054,45
13055,45
13056,45
13057,45
13058,45
13059,45
13060,45
13061,45
13062,45
13063,45
13064,45
13065,45
13066,45
13067,45
13068,45
13069,45
13070,45
13071,45
13072,45
13073,45
13074,45
13075,45
13076,45
13077,45
13078,45
13079,45
13080,45
13081,45
13082,45
13083,44
13084,44
13085,44
13086,44
13087,44
13088,44
13089,44
13090,44
13091,44
13092,44
13093,44
13094,44
13095,44
13096,44
13097,44
13098,44
13099,44
13100,44
13101,44
13102,44
13103,44
13104,44
13105,44
13106,44
13107,44
13108,44
13109,44
13110,44
13111,44
13112,44
13113,44
13114,44
13115,44
13116,44
13117,44
13118,44
13119,44
13120,44
13121,44
13122,44
13123,44
13124,44
13125,44
13126,44
13127,44
13128,44
13129,44
13130,44
13131,44
13132,44
13133,44
13134,44
13135,44
13136,44
13137,44
13138,44
13139,44
13140,44
13141,44
13142,44
13143,44
13144,44
13145,44
13146,44
13147,44
13148,44
13149,44
13150,44
13151,44
13152,44
13153,44
13154,44
13155,44
13156,44
13157,44
13158,44
13159,44
13160,44
13161,44
13162,44
13163,44
13164,44
13165,44
13166,44
13167,44
13168,44
13169,44
13170,44
13171,44
13172,44
13173,44
13174,44
13175,44
13176,44
13177,44
13178,44
13179,44
13180,44
13181,44
13182,44
13183,44
13184,44
13185,44
13186,44
13187,44
13188,44
13189,44
13190,44
13191,44
13192,44
13193,44
13194,44
13195,44
13196,44
13197,44
13198,44
13199,44
13200,44
13201,44
13202,44
13203,44
13204,44
13205,44
13206,44
13207,44
13208,44
13209,44
13210,44
13211,44
13212,44
13213,44
13214,44
13215,44
13216,44
13217,44
13218,44
13219,44
13220,44
13221,44
13222,44
13223,44
13224,44
13225,44
13226,44
13227,44
13228,44
13229,44
13230,44
13231,44
13232,44
13233,44
13234,44
13235,44
13236,44
13237,44
13238,44
13239,44
13240,44
13241,44
13242,44
13243,44
13244,44
13245,44
13246,44
13247,44
13248,44
13249,44
13250,44
13251,44
13252,44
13253,44
13254,44
13255,44
13256,44
13257,44
13258,44
13259,44
13260,44
13261,44
13262,44
13263,44
13264,44
13265,44
13266,44
13267,44
13268,44
13269,44
13270,44
13271,44
13272,44
13273,44
13274,44
13275,44
13276,44
13277,44
13278,44
13279,44
13280,44
13281,44
13282,44
13283,44
13284,44
13285,44
13286,44
13287,44
13288,44
13289,44
13290,44
13291,44
13292,44
13293,44
13294,44
13295,44
13296,44
13297,44
13298,44
13299,44
13300,44
13301,44
13302,45
13303,45
13304,45
13305,45
13306,45
13307,45
13308,45
13309,45
13310,45
13311,45
13312,45
13313,45
13314,45
13315,44
13316,44
13317,44
13318,44
13319,44
13320,44
13321,44
13322,44
13323,44
13324,44
13325,44
13326,44
13327,44
13328,44
13329,44
13330,44
13331,44
13332,44
13333,44
13334,44
13335,44
13336,44
13337,44
13338,44
13339,44
13340,44
13341,44
13342,44
13343,44
13344,44
13345,44
13346,44
13347,44
13348,44
13349,44
13350,44
13351,44
13352,44
13353,44
13354,44
13355,44
13356,44
13357,44
13358,44
13359,44
13360,44
13361,44
13362,44
13363,44
13364,44
13365,44
13366,44
13367,44
13368,44
13369,44
13370,44
13371,44
13372,44
13373,44
13374,44
13375,44
13376,44
13377,44
13378,44
13379,44
13380,44
13381,44
13382,44
13383,44
13384,44
13385,44
13386,44
13387,44
13388,44
13389,44
13390,44
13391,44
13392,44
13393,44
13394,44
13395,44
13396,44
13397,44
13398,44
13399,44
13400,44
13401,44
13402,44
13403,44
13404,44
13405,44
13406,44
13407,44
13408,44
13409,44
13410,44
13411,44
13412,44
13413,44
13414,44
13415,44
13416,44
13417,44
13418,44
13419,44
13420,44
13421,44
13422,44
13423,44
13424,44
13425,44
13426,44
13427,44
13428,44
13429,44
13430,44
13431,44
13432,44
13433,44
13434,44
13435,44
13436,44
13437,44
13438,44
13439,44
13440,44
13441,44
13442,44
13443,44
13444,44
13445,44
13446,44
13447,44
13448,44
13449,44
13450,44
13451,44
13452,44
13453,44
13454,44
13455,44
13456,44
13457,44
13458,44
13459,44
13460,44
13461,44
13462,44
13463,44
13464,44
13465,44
13466,44
13467,44
13468,44
13469,44
13470,44
13471,44
13472,44
13473,44
13474,44
13475,44
13476,44
13477,44
13478,44
13479,44
13480,44
13481,44
13482,44
13483,44
13484,44
13485,44
13486,44
13487,44
13488,44
13489,44
13490,44
13491,44
13492,44
13493,44
13494,44
13495,44
13496,44
13497,44
13498,44
13499,44
13500,44
13501,44
13502,44
13503,44
13504,44
13505,44
13506,44
13507,44
13508,44
13509,44
13510,44
13511,44
13512,44
13513,44
13514,44
13515,44
13516,44
13517,44
13518,44
13519,44
13520,44
13521,44
13522,44
13523,44
13524,44
13525,44
13526,44
13527,44
13528,44
13529,44
13530,44
13531,44
13532,44
13533,44
13534,44
13535,44
13536,44
13537,44
13538,44
13539,44
13540,44
13541,44
13542,44
13543,44
13544,44
13545,44
13546,44
13547,44
13548,44
13549,44
13550,44
13551,44
13552,44
13553,44
13554,44
13555,44
13556,44
13557,44
13558,44
13559,44
13560,44
13561,44
13562,44
13563,44
13564,44
13565,44
13566,44
13567,44
13568,44
13569,44
13570,44
13571,44
13572,44
13573,44
13574,44
13575,44
13576,44
13577,44
13578,44
13579,44
13580,44
13581,44
13582,44
13583,44
13584,44
13585,44
13586,44
13587,44
13588,44
13589,44
13590,44
13591,44
13592,44
13593,44
13594,44
13595,44
13596,44
13597,44
13598,44
13599,44
13600,44
13601,44
13602,44
13603,44
13604,44
13605,44
13606,44
13607,44
13608,44
13609,44
13610,44
13611,44
13612,44
13613,44
13614,44
13615,44
13616,44
13617,44
13618,44
13619,44
13620,44
13621,44
13622,44
13623,44
13624,44
13625,44
13626,44
13627,44
13628,44
13629,44
13630,44
13631,44
13632,44
13633,44
13634,44
13635,44
13636,44
13637,44
13638,44
13639,44
13640,44
13641,44
13642,44
13643,44
13644,44
13645,44
13646,44
13647,44
13648,44
13649,44
13650,44
13651,44
13652,44
13653,44
13654,44
13655,44
13656,44
13657,44
13658,44
13659,44
13660,44
13661,44
13662,44
13663,44
13664,44
13665,44
13666,44
13667,44
13668,44
13669,44
13670,44
13671,44
13672,44
13673,44
13674,44
13675,44
13676,44
13677,44
13678,44
13679,44
13680,44
13681,44
13682,44
13683,44
13684,44
13685,44
13686,44
13687,44
13688,44
13689,44
13690,44
13691,44
13692,44
13693,44
13694,44
13695,44
13696,44
13697,44
13698,44
13699,44
13700,44
13701,44
13702,44
13703,44
13704,44
13705,44
13706,44
13707,44
13708,44
13709,44
13710,44
13711,44
13712,44
13713,44
13714,44
13715,44
13716,44
13717,44
13718,44
13719,44
13720,44
13721,44
13722,44
13723,44
13724,44
13725,44
13726,44
13727,44
13728,44
13729,44
13730,44
13731,45
13732,45
13733,45
13734,45
13735,45
13736,45
13737,45
13738,45
13739,45
13740,45
13741,45
13742,45
13743,45
13744,45
13745,45
13746,45
13747,45
13748,45
13749,45
13750,45
13751,45
13752,45
13753,45
13754,45
13755,45
13756,45
13757,45
13758,45
13759,45
13760,45
13761,45
13762,45
13763,45
13764,45
13765,45
13766,45
13767,45
13768,45
13769,45
13770,45
13771,45
13772,45
13773,45
13774,45
13775,45
13776,44
13777,44
13778,44
13779,44
13780,44
13781,44
13782,44
13783,44
13784,44
13785,44
13786,44
13787,44
13788,44
13789,44
13790,44
13791,44
13792,44
13793,44
13794,44
13795,44
13796,44
13797,44
13798,44
13799,44
13800,44
13801,44
13802,44
13803,44
13804,44
13805,44
13806,44
13807,44
13808,44
13809,44
13810,44
13811,44
13812,44
13813,44
13814,44
13815,44
13816,44
13817,44
13818,44
13819,44
13820,44
13821,44
13822,44
13823,44
13824,44
13825,44
13826,44
13827,44
13828,44
13829,44
13830,44
13831,44
13832,44
13833,44
13834,44
13835,45
13836,45
13837,45
13838,45
13839,45
13840,45
13841,45
13842,45
13843,45
13844,45
13845,45
13846,45
13847,45
13848,45
13849,45
13850,45
13851,45
13852,45
13853,45
13854,45
13855,45
13856,45
13857,45
13858,45
13859,45
13860,45
13861,45
13862,45
13863,45
13864,45
13865,45
13866,45
13867,45
13868,45
13869,45
13870,45
13871,45
13872,45
13873,45
13874,45
13875,45
13876,45
13877,45
13878,45
13879,45
13880,45
13881,45
13882,45
13883,45
13884,45
13885,45
13886,45
13887,45
13888,45
13889,45
13890,45
13891,45
13892,45
13893,45
13894,45
13895,45
13896,45
13897,45
13898,45
13899,45
13900,45
13901,45
13902,45
13903,45
13904,45
13905,45
13906,45
13907,45
13908,45
13909,45
13910,45
13911,45
13912,45
13913,45
13914,45
13915,45
13916,45
13917,45
13918,45
13919,45
13920,45
13921,45
13922,45
13923,45
13924,45
13925,44
13926,44
13927,44
13928,44
13929,44
13930,44
13931,44
13932,44
13933,44
13934,44
13935,44
13936,44
13937,44
13938,44
13939,44
13940,44
13941,44
13942,44
13943,44
13944,44
13945,44
13946,44
13947,44
13948,44
13949,44
13950,44
13951,44
13952,44
13953,44
13954,44
13955,44
13956,44
13957,44
13958,44
13959,44
13960,44
13961,44
13962,44
13963,44
13964,44
13965,44
13966,44
13967,44
13968,44
13969,44
13970,44
13971,44
13972,44
13973,44
13974,44
13975,44
13976,44
13977,44
13978,44
13979,44
13980,44
13981,44
13982,44
13983,44
13984,44
13985,44
13986,44
13987,44
13988,44
13989,44
13990,44
13991,44
13992,44
13993,44
13994,44
13995,44
13996,44
13997,44
13998,44
13999,44
14000,44
14001,44
14002,45
14003,45
14004,45
14005,45
14006,45
14007,45
14008,45
14009,45
14010,45
14011,45
14012,45
14013,45
14014,45
14015,45
14016,45
14017,45
14018,45
14019,45
14020,45
14021,45
14022,45
14023,45
14024,45
14025,45
14026,45
14027,45
14028,45
14029,45
14030,45
14031,45
14032,45
14033,45
14034,45
14035,45
14036,45
14037,45
14038,45
14039,45
14040,45
14041,45
14042,45
14043,45
14044,45
14045,45
14046,45
14047,45
14048,45
14049,45
14050,45
14051,45
14052,45
14053,45
14054,45
14055,45
14056,45
14057,45
14058,45
14059,45
14060,45
14061,45
14062,45
14063,45
14064,45
14065,45
14066,45
14067,45
14068,45
14069,45
14070,45
14071,45
14072,45
14073,45
14074,45
14075,45
14076,45
14077,45
14078,45
14079,45
14080,45
14081,45
14082,45
14083,45
14084,45
14085,45
14086,45
14087,44
14088,44
14089,44
14090,44
14091,44
14092,44
14093,44
14094,44
14095,44
14096,44
14097,44
14098,44
14099,44
14100,44
14101,44
14102,44
14103,44
14104,44
14105,44
14106,44
14107,44
14108,44
14109,44
14110,44
14111,44
14112,44
14113,44
14114,44
14115,44
14116,44
14117,44
14118,44
14119,44
14120,44
14121,44
14122,44
14123,44
14124,44
14125,44
14126,44
14127,44
14128,44
14129,44
14130,44
14131,44
14132,44
14133,44
14134,44
14135,44
14136,44
14137,44
14138,44
14139,44
14140,44
14141,44
14142,44
14143,44
14144,44
14145,44
14146,44
14147,44
14148,44
14149,44
14150,44
14151,44
14152,44
14153,44
14154,44
14155,44
14156,44
14157,44
14158,44
14159,44
14160,44
14161,44
14162,44
14163,44
14164,44
14165,44
14166,44
14167,44
14168,44
14169,45
14170,45
14171,45
14172,45
14173,45
14174,45
14175,45
14176,45
14177,45
14178,45
14179,45
14180,45
14181,45
14182,45
14183,45
14184,45
14185,45
14186,45
14187,45
14188,45
14189,45
14190,45
14191,45
14192,45
14193,45
14194,45
14195,45
14196,45
14197,45
14198,45
14199,45
14200,45
14201,45
14202,45
14203,45
14204,45
14205,45
14206,45
14207,45
14208,45
14209,45
14210,45
14211,45
14212,45
14213,45
14214,45
14215,45
14216,45
14217,45
14218,45
14219,45
14220,45
14221,45
14222,45
14223,45
14224,45
14225,44
14226,44
14227,44
14228,44
14229,44
14230,44
14231,44
14232,44
14233,44
14234,44
14235,44
14236,44
14237,44
14238,44
14239,44
14240,44
14241,44
14242,44
14243,44
14244,44
14245,44
14246,44
14247,44
14248,44
14249,44
14250,44
14251,44
14252,44
14253,44
14254,44
14255,44
14256,44
14257,44
14258,44
14259,44
14260,44
14261,44
14262,44
14263,44
14264,44
14265,44
14266,44
14267,44
14268,44
14269,44
14270,44
14271,44
14272,44
14273,44
14274,44
14275,44
14276,44
14277,44
14278,44
14279,44
14280,44
14281,44
14282,44
14283,44
14284,44
14285,44
14286,44
14287,44
14288,44
14289,44
14290,44
14291,44
14292,44
14293,44
14294,44
14295,44
14296,44
14297,44
14298,44
14299,44
14300,44
14301,44
14302,44
14303,44
14304,44
14305,44
14306,44
14307,44
14308,44
14309,44
14310,44
14311,44
14312,44
14313,44
14314,44
14315,44
14316,44
14317,44
14318,44
14319,44
14320,44
14321,44
14322,44
14323,44
14324,44
14325,44
14326,44
14327,44
14328,44
14329,44
14330,44
14331,44
14332,44
14333,44
14334,44
14335,44
14336,44
14337,44
14338,44
14339,44
14340,44
14341,44
14342,44
14343,44
14344,44
14345,44
14346,44
14347,44
14348,44
14349,44
14350,44
14351,44
14352,44
14353,44
14354,44
14355,44
14356,44
14357,44
14358,44
14359,44
14360,44
14361,44
14362,44
14363,44
14364,44
14365,44
14366,44
14367,44
14368,44
14369,44
14370,44
14371,44
14372,44
14373,44
14374,44
14375,44
14376,44
14377,44
14378,44
14379,44
14380,44
14381,44
14382,44
14383,44
14384,44
14385,44
14386,44
14387,44
14388,44
14389,44
14390,44
14391,44
14392,44
14393,44
14394,44
14395,44
14396,44
14397,44
14398,44
14399,44
14400,44
14401,44
14402,44
14403,44
14404,44
14405,44
14406,44
14407,44
14408,44
14409,44
14410,44
14411,44
14412,44
14413,44
14414,44
14415,44
14416,44
14417,44
14418,44
14419,44
14420,44
14421,44
14422,44
14423,44
14424,44
14425,44
14426,44
14427,44
14428,44
14429,44
14430,44
14431,44
14432,44
14433,44
14434,44
14435,44
14436,44
14437,44
14438,44
14439,44
14440,44
14441,44
14442,44
14443,44
14444,44
14445,44
14446,44
14447,44
14448,44
14449,44
14450,44
14451,44
14452,44
14453,44
14454,44
14455,44
14456,44
14457,44
14458,44
14459,44
14460,44
14461,44
14462,44
14463,44
14464,44
14465,44
14466,44
14467,44
14468,44
14469,44
14470,44
14471,44
14472,44
14473,44
14474,44
14475,44
14476,44
14477,44
14478,44
14479,44
14480,44
14481,44
14482,44
14483,44
14484,44
14485,44
14486,44
14487,44
14488,44
14489,44
14490,44
14491,44
14492,44
14493,44
14494,44
14495,44
14496,44
14497,44
14498,44
14499,44
14500,44
14501,44
14502,44
14503,44
14504,44
14505,44
14506,44
14507,44
14508,44
14509,44
14510,44
14511,44
14512,44
14513,44
14514,44
14515,44
14516,44
14517,44
14518,44
14519,44
14520,44
14521,44
14522,44
14523,44
14524,44
14525,44
14526,44
14527,44
14528,44
14529,44
14530,44
14531,44
14532,44
14533,44
14534,44
14535,44
14536,44
14537,44
14538,44
14539,44
14540,44
14541,44
14542,44
14543,44
14544,44
14545,44
14546,44
14547,44
14548,44
14549,44
14550,44
14551,44
14552,44
14553,44
14554,44
14555,44
14556,44
14557,44
14558,44
14559,44
14560,44
14561,44
14562,44
14563,44
14564,44
14565,44
14566,44
14567,44
14568,44
14569,44
14570,44
14571,44
14572,44
14573,44
14574,44
14575,44
14576,44
14577,44
14578,44
14579,44
14580,44
14581,44
14582,45
14583,45
14584,44
14585,44
14586,45
14587,45
14588,45
14589,45
14590,45
14591,45
14592,45
14593,45
14594,45
14595,45
14596,45
14597,45
14598,45
14599,45
14600,45
14601,45
14602,45
14603,45
14604,45
14605,45
14606,45
14607,45
14608,45
14609,45
14610,45
14611,45
14612,45
14613,45
14614,45
14615,45
14616,45
14617,45
14618,45
14619,45
14620,45
14621,45
14622,45
14623,45
14624,45
14625,44
14626,44
14627,44
14628,44
14629,44
14630,44
14631,44
14632,44
14633,44
14634,44
14635,44
14636,44
14637,44
14638,44
14639,44
14640,44
14641,44
14642,44
14643,44
14644,44
14645,44
14646,44
14647,44
14648,44
14649,44
14650,44
14651,44
14652,44
14653,44
14654,44
14655,44
14656,44
14657,44
14658,44
14659,44
14660,44
14661,44
14662,44
14663,44
14664,44
14665,44
14666,44
14667,44
14668,44
14669,44
14670,44
14671,44
14672,44
14673,44
14674,44
14675,44
14676,44
14677,44
14678,44
14679,44
14680,44
14681,44
14682,44
14683,44
14684,44
14685,44
14686,44
14687,44
14688,44
14689,44
14690,44
14691,44
14692,44
14693,44
14694,44
14695,44
14696,44
14697,44
14698,44
14699,44
14700,44
14701,44
14702,44
14703,44
14704,44
14705,44
14706,44
14707,44
14708,44
14709,44
14710,44
14711,44
14712,44
14713,44
14714,44
14715,44
14716,44
14717,44
14718,44
14719,44
14720,44
14721,44
14722,44
14723,44
14724,44
14725,44
14726,44
14727,44
14728,44
14729,44
14730,44
14731,44
14732,44
14733,44
14734,44
14735,44
14736,44
14737,44
14738,44
14739,44
14740,44
14741,44
14742,44
14743,44
14744,44
14745,44
14746,44
14747,44
14748,44
14749,44
14750,44
14751,44
14752,44
14753,44
14754,44
14755,44
14756,44
14757,44
14758,44
14759,44
14760,44
14761,44
14762,44
14763,44
14764,44
14765,44
14766,44
14767,44
14768,44
14769,44
14770,44
14771,44
14772,44
14773,44
14774,44
14775,44
14776,44
14777,44
14778,44
14779,44
14780,44
14781,43
14782,44
14783,44
14784,44
14785,44
14786,44
14787,44
14788,44
14789,44
14790,44
14791,44
14792,44
14793,44
14794,44
14795,44
14796,44
14797,44
14798,44
14799,44
14800,44
14801,44
14802,44
14803,44
14804,44
14805,44
14806,44
14807,44
14808,44
14809,44
14810,44
14811,44
14812,44
14813,44
14814,44
14815,44
14816,44
14817,44
14818,44
14819,44
14820,44
14821,44
14822,44
14823,44
14824,44
14825,44
14826,44
14827,44
14828,44
14829,44
14830,44
14831,44
14832,44
14833,44
14834,44
14835,44
14836,44
14837,44
14838,44
14839,44
14840,44
14841,44
14842,44
14843,44
14844,44
14845,44
14846,44
14847,44
14848,44
14849,44
14850,44
14851,44
14852,44
14853,44
14854,44
14855,44
14856,44
14857,44
14858,44
14859,44
14860,44
14861,44
14862,44
14863,44
14864,44
14865,44
14866,44
14867,44
14868,44
14869,44
14870,44
14871,43
14872,43
14873,43
14874,43
14875,43
14876,43
14877,43
14878,43
14879,43
14880,43
14881,43
14882,43
14883,43
14884,43
14885,43
14886,43
14887,43
14888,43
14889,43
14890,43
14891,43
14892,43
14893,43
14894,43
14895,43
14896,43
14897,43
14898,43
14899,43
14900,43
14901,43
14902,43
14903,43
14904,43
14905,43
14906,43
14907,43
14908,43
14909,43
14910,43
14911,43
14912,43
14913,43
14914,43
14915,43
14916,43
14917,43
14918,43
14919,43
14920,43
14921,43
14922,43
14923,43
14924,43
14925,43
14926,43
14927,43
14928,43
14929,43
14930,43
14931,43
14932,43
14933,43
14934,43
14935,43
14936,43
14937,43
14938,43
14939,43
14940,43
14941,43
14942,43
14943,43
14944,43
14945,43
14946,43
14947,43
14948,43
14949,43
14950,43
14951,43
14952,43
14953,43
14954,44
14955,44
14956,44
14957,44
14958,44
14959,44
14960,44
14961,44
14962,44
14963,44
14964,44
14965,44
14966,44
14967,44
14968,44
14969,44
14970,44
14971,44
14972,44
14973,44
14974,44
14975,44
14976,44
14977,44
14978,44
14979,44
14980,44
14981,44
14982,44
14983,44
14984,44
14985,44
14986,44
14987,44
14988,44
14989,44
14990,44
14991,44
14992,44
14993,44
14994,44
14995,45
14996,45
14997,45
14998,45
14999,45
15000,45
15001,45
15002,45
15003,45
15004,45
15005,44
15006,44
15007,44
15008,44
15009,44
15010,44
15011,44
15012,44
15013,44
15014,44
15015,44
15016,44
15017,44
15018,44
15019,44
15020,44
15021,44
15022,44
15023,44
15024,44
15025,44
15026,44
15027,44
15028,44
15029,44
15030,44
15031,44
15032,44
15033,44
15034,44
15035,44
15036,44
15037,44
15038,44
15039,44
15040,44
15041,44
15042,44
15043,44
15044,44
15045,44
15046,44
15047,44
15048,44
15049,44
15050,44
15051,44
15052,44
15053,44
15054,44
15055,44
15056,44
15057,44
15058,44
15059,44
15060,44
15061,44
15062,44
15063,44
15064,44
15065,44
15066,44
15067,44
15068,44
15069,44
15070,44
15071,44
15072,44
15073,44
15074,44
15075,44
15076,44
15077,44
15078,44
15079,44
15080,44
15081,44
15082,44
15083,44
15084,44
15085,44
15086,44
15087,44
15088,44
15089,44
15090,44
15091,44
15092,44
15093,44
15094,44
15095,44
15096,44
15097,44
15098,44
15099,44
15100,44
15101,44
15102,44
15103,44
15104,43
15105,43
15106,43
15107,43
15108,43
15109,43
15110,43
15111,43
15112,43
15113,43
15114,43
15115,43
15116,43
15117,43
15118,43
15119,43
15120,43
15121,43
15122,43
15123,43
15124,43
15125,43
15126,43
15127,43
15128,43
15129,43
15130,43
15131,43
15132,43
15133,43
15134,43
15135,43
15136,43
15137,43
15138,44
15139,44
15140,44
15141,44
15142,44
15143,44
15144,44
15145,44
15146,44
15147,44
15148,44
15149,44
15150,44
15151,44
15152,44
15153,44
15154,44
15155,44
15156,44
15157,44
15158,44
15159,44
15160,44
15161,44
15162,44
15163,44
15164,44
15165,44
15166,44
15167,44
15168,44
15169,44
15170,44
15171,44
15172,44
15173,44
15174,44
15175,44
15176,44
15177,44
15178,44
15179,44
15180,44
15181,44
15182,44
15183,44
15184,44
15185,44
15186,44
15187,44
15188,44
15189,45
15190,45
15191,45
15192,45
15193,45
15194,45
15195,45
15196,45
15197,45
15198,45
15199,45
15200,45
15201,45
15202,45
15203,45
15204,45
15205,45
15206,44
15207,44
15208,45
15209,45
15210,45
15211,45
15212,45
15213,45
15214,45
15215,44
15216,44
15217,44
15218,44
15219,44
15220,44
15221,44
15222,44
15223,44
15224,44
15225,44
15226,44
15227,44
15228,44
15229,44
15230,44
15231,44
15232,44
15233,44
15234,44
15235,44
15236,44
15237,44
15238,44
15239,44
15240,44
15241,44
15242,44
15243,44
15244,44
15245,44
15246,44
15247,44
15248,44
15249,44
15250,44
15251,44
15252,44
15253,44
15254,44
15255,44
15256,44
15257,44
15258,44
15259,44
15260,44
15261,44
15262,44
15263,44
15264,44
15265,44
15266,44
15267,44
15268,44
15269,44
15270,44
15271,44
15272,44
15273,44
15274,44
15275,44
15276,44
15277,44
15278,44
15279,44
15280,44
15281,44
15282,44
15283,44
15284,44
15285,44
15286,44
15287,44
15288,44
15289,44
15290,44
15291,44
15292,44
15293,44
15294,44
15295,44
15296,44
15297,44
15298,44
15299,44
15300,44
15301,44
15302,44
15303,44
15304,44
15305,44
15306,44
15307,44
15308,44
15309,44
15310,44
15311,44
15312,44
15313,44
15314,44
15315,44
15316,44
15317,44
15318,44
15319,44
15320,44
15321,44
15322,44
15323,44
15324,44
15325,44
15326,44
15327,44
15328,44
15329,44
15330,44
15331,44
15332,44
15333,44
15334,44
15335,44
15336,44
15337,44
15338,44
15339,44
15340,44
15341,44
15342,44
15343,44
15344,44
15345,44
15346,44
15347,44
15348,44
15349,44
15350,44
15351,44
15352,44
15353,44
15354,44
15355,44
15356,44
15357,44
15358,44
15359,44
15360,44
15361,44
15362,44
15363,44
15364,44
15365,44
15366,44
15367,44
15368,44
15369,44
15370,44
15371,44
15372,44
15373,44
15374,44
15375,44
15376,44
15377,44
15378,44
15379,44
15380,44
15381,44
15382,44
15383,44
15384,44
15385,44
15386,44
15387,44
15388,44
15389,44
15390,44
15391,44
15392,44
15393,44
15394,44
15395,44
15396,44
15397,44
15398,44
15399,44
15400,44
15401,44
15402,44
15403,44
15404,44
15405,44
15406,44
15407,44
15408,44
15409,44
15410,44
15411,44
15412,44
15413,44
15414,44
15415,44
15416,44
15417,44
15418,44
15419,44
15420,44
15421,44
15422,44
15423,44
15424,44
15425,44
15426,44
15427,44
15428,44
15429,44
15430,44
15431,44
15432,44
15433,44
15434,44
15435,44
15436,44
15437,44
15438,44
15439,44
15440,44
15441,44
15442,44
15443,44
15444,44
15445,44
15446,44
15447,44
15448,44
15449,44
15450,44
15451,44
15452,44
15453,44
15454,44
15455,44
15456,44
15457,44
15458,44
15459,44
15460,44
15461,44
15462,44
15463,44
15464,44
15465,44
15466,44
15467,44
15468,44
15469,44
15470,44
15471,44
15472,44
15473,44
15474,44
15475,44
15476,44
15477,44
15478,44
15479,44
15480,44
15481,44
15482,44
15483,44
15484,44
15485,44
15486,44
15487,44
15488,44
15489,44
15490,44
15491,44
15492,44
15493,44
15494,44
15495,44
15496,44
15497,44
15498,44
15499,44
15500,44
15501,44
15502,44
15503,44
15504,44
15505,44
15506,44
15507,44
15508,44
15509,44
15510,44
15511,44
15512,44
15513,44
15514,44
15515,44
15516,44
15517,44
15518,44
15519,44
15520,44
15521,44
15522,44
15523,44
15524,44
15525,44
15526,44
15527,44
15528,44
15529,44
15530,44
15531,44
15532,44
15533,44
15534,44
15535,44
15536,44
15537,44
15538,44
15539,44
15540,44
15541,44
15542,44
15543,44
15544,44
15545,44
15546,44
15547,44
15548,44
15549,44
15550,44
15551,44
15552,44
15553,44
15554,44
15555,44
15556,44
15557,44
15558,44
15559,44
15560,44
15561,44
15562,44
15563,44
15564,44
15565,44
15566,44
15567,44
15568,44
15569,44
15570,44
15571,44
15572,44
15573,44
15574,44
15575,44
15576,44
15577,44
15578,44
15579,44
15580,44
15581,44
15582,44
15583,44
15584,44
15585,44
15586,44
15587,44
15588,44
15589,44
15590,44
15591,44
15592,44
15593,44
15594,44
15595,44
15596,44
15597,44
15598,44
15599,44
15600,44
15601,44
15602,44
15603,44
15604,44
15605,44
15606,44
15607,44
15608,44
15609,44
15610,44
15611,44
15612,44
15613,44
15614,44
15615,44
15616,44
15617,44
15618,44
15619,44
15620,44
15621,44
15622,44
15623,44
15624,44
15625,44
15626,44
15627,44
15628,44
15629,44
15630,45
15631,45
15632,45
15633,45
15634,45
15635,45
15636,45
15637,45
15638,45
15639,45
15640,45
15641,45
15642,45
15643,45
15644,45
15645,45
15646,45
15647,45
15648,45
15649,45
15650,45
15651,45
15652,45
15653,45
15654,45
15655,45
15656,45
15657,45
15658,45
15659,45
15660,45
15661,45
15662,45
15663,45
15664,45
15665,45
15666,45
15667,45
15668,44
15669,44
15670,44
15671,44
15672,44
15673,44
15674,44
15675,44
15676,44
15677,44
15678,44
15679,44
15680,44
15681,44
15682,44
15683,44
15684,44
15685,44
15686,44
15687,44
15688,44
15689,44
15690,44
15691,44
15692,44
15693,44
15694,44
15695,44
15696,44
15697,44
15698,44
15699,44
15700,44
15701,44
15702,44
15703,44
15704,44
15705,44
15706,44
15707,44
15708,44
15709,44
15710,44
15711,44
15712,44
15713,44
15714,44
15715,44
15716,44
15717,44
15718,44
15719,44
15720,44
15721,44
15722,44
15723,44
15724,44
15725,44
15726,44
15727,44
15728,44
15729,44
15730,44
15731,44
15732,44
15733,44
15734,44
15735,44
15736,44
15737,44
15738,44
15739,44
15740,44
15741,44
15742,44
15743,44
15744,44
15745,44
15746,44
15747,44
15748,44
15749,44
15750,44
15751,44
15752,44
15753,44
15754,44
15755,44
15756,44
15757,44
15758,44
15759,44
15760,44
15761,44
15762,44
15763,44
15764,44
15765,44
15766,44
15767,44
15768,44
15769,44
15770,44
15771,44
15772,44
15773,44
15774,44
15775,44
15776,44
15777,44
15778,44
15779,44
15780,44
15781,44
15782,44
15783,44
15784,44
15785,44
15786,44
15787,44
15788,44
15789,44
15790,44
15791,44
15792,44
15793,44
15794,44
15795,44
15796,44
15797,44
15798,44
15799,44
15800,44
15801,44
15802,44
15803,44
15804,44
15805,44
15806,44
15807,44
15808,44
15809,44
15810,44
15811,44
15812,44
15813,44
15814,44
15815,44
15816,44
15817,44
15818,44
15819,44
15820,44
15821,44
15822,44
15823,44
15824,44
15825,44
15826,44
15827,44
15828,44
15829,44
15830,44
15831,44
15832,44
15833,44
15834,44
15835,44
15836,44
15837,44
15838,44
15839,44
15840,44
15841,44
15842,44
15843,44
15844,44
15845,44
15846,44
15847,44
15848,44
15849,44
15850,44
15851,44
15852,45
15853,45
15854,45
15855,45
15856,45
15857,45
15858,45
15859,45
15860,45
15861,45
15862,45
15863,45
15864,45
15865,45
15866,45
15867,45
15868,45
15869,45
15870,45
15871,45
15872,45
15873,45
15874,45
15875,45
15876,45
15877,45
15878,45
15879,45
15880,45
15881,45
15882,45
15883,45
15884,45
15885,45
15886,45
15887,45
15888,45
15889,45
15890,45
15891,45
15892,45
15893,45
15894,45
15895,45
15896,45
15897,45
15898,45
15899,45
15900,45
15901,45
15902,45
15903,45
15904,45
15905,45
15906,45
15907,45
15908,45
15909,45
15910,45
15911,45
15912,45
15913,44
15914,44
15915,44
15916,44
15917,44
15918,44
15919,44
15920,44
15921,44
15922,44
15923,44
15924,44
15925,44
15926,44
15927,44
15928,44
15929,44
15930,44
15931,44
15932,44
15933,44
15934,44
15935,44
15936,44
15937,44
15938,44
15939,44
15940,44
15941,44
15942,44
15943,44
15944,44
15945,44
15946,44
15947,44
15948,44
15949,44
15950,44
15951,44
15952,44
15953,44
15954,44
15955,44
15956,44
15957,44
15958,44
15959,44
15960,44
15961,44
15962,44
15963,44
15964,44
15965,44
15966,44
15967,44
15968,44
15969,44
15970,44
15971,44
15972,44
15973,44
15974,44
15975,44
15976,44
15977,44
15978,44
15979,45
15980,45
15981,45
15982,45
15983,45
15984,45
15985,45
15986,45
15987,45
15988,45
15989,45
15990,45
15991,45
15992,45
15993,45
15994,45
15995,45
15996,45
15997,45
15998,45
15999,45
16000,45
16001,45
16002,45
16003,45
16004,45
16005,45
16006,45
16007,45
16008,45
16009,45
16010,45
16011,45
16012,45
16013,45
16014,45
16015,45
16016,45
16017,45
16018,45
16019,45
16020,45
16021,45
16022,45
16023,45
16024,45
16025,45
16026,45
16027,45
16028,45
16029,45
16030,45
16031,45
16032,45
16033,45
16034,44
16035,44
16036,45
16037,45
16038,45
16039,45
16040,45
16041,45
16042,45
16043,45
16044,45
16045,45
16046,45
16047,45
16048,45
16049,45
16050,44
16051,44
16052,45
16053,45
16054,45
16055,45
16056,45
16057,45
16058,45
16059,45
16060,45
16061,45
16062,45
16063,45
16064,45
16065,45
16066,45
16067,45
16068,45
16069,45
16070,45
16071,45
16072,45
16073,45
16074,45
16075,45
16076,45
16077,45
16078,45
16079,45
16080,44
16081,44
16082,44
16083,45
16084,45
16085,45
16086,45
16087,45
16088,45
16089,45
16090,45
16091,45
16092,45
16093,45
16094,45
16095,45
16096,45
16097,45
16098,45
16099,45
16100,45
16101,45
16102,45
16103,45
16104,45
16105,45
16106,45
16107,45
16108,45
16109,45
16110,45
16111,45
16112,45
16113,45
16114,45
16115,45
16116,45
16117,45
16118,45
16119,45
16120,45
16121,45
16122,45
16123,45
16124,44
16125,44
16126,44
16127,44
16128,45
16129,45
16130,45
16131,45
16132,45
16133,45
16134,45
16135,45
16136,45
16137,45
16138,45
16139,45
16140,45
16141,45
16142,45
16143,45
16144,45
16145,45
16146,45
16147,44
16148,44
16149,44
16150,44
16151,44
16152,44
16153,44
16154,44
16155,44
16156,44
16157,44
16158,44
16159,44
16160,44
16161,44
16162,44
16163,44
16164,44
16165,44
16166,44
16167,44
16168,44
16169,44
16170,44
16171,44
16172,44
16173,44
16174,44
16175,44
16176,44
16177,44
16178,44
16179,44
16180,44
16181,44
16182,44
16183,44
16184,44
16185,44
16186,44
16187,44
16188,44
16189,44
16190,44
16191,44
16192,44
16193,44
16194,44
16195,44
16196,44
16197,44
16198,44
16199,44
16200,44
16201,44
16202,44
16203,44
16204,44
16205,44
16206,44
16207,44
16208,44
16209,44
16210,44
16211,44
16212,44
16213,44
16214,44
16215,44
16216,44
16217,44
16218,44
16219,44
16220,44
16221,44
16222,45
16223,45
16224,45
16225,44
16226,44
16227,44
16228,44
16229,44
16230,45
16231,45
16232,44
16233,44
16234,44
16235,44
16236,44
16237,44
16238,44
16239,44
16240,44
16241,44
16242,44
16243,45
16244,45
16245,44
16246,44
16247,44
16248,44
16249,44
16250,44
16251,44
16252,44
16253,44
16254,44
16255,44
16256,44
16257,44
16258,44
16259,44
16260,44
16261,44
16262,44
16263,44
16264,44
16265,44
16266,44
16267,44
16268,44
16269,44
16270,44
16271,44
16272,44
16273,44
16274,44
16275,44
16276,44
16277,44
16278,44
16279,44
16280,44
16281,44
16282,44
16283,44
16284,44
16285,44
16286,44
16287,44
16288,44
16289,44
16290,44
16291,44
16292,44
16293,44
16294,44
16295,44
16296,44
16297,44
16298,44
16299,44
16300,44
16301,44
16302,44
16303,44
16304,44
16305,44
16306,44
16307,44
16308,44
16309,44
16310,44
16311,44
16312,44
16313,44
16314,44
16315,44
16316,44
16317,44
16318,44
16319,44
16320,44
16321,44
16322,44
16323,44
16324,44
16325,44
16326,44
16327,44
16328,44
16329,44
16330,44
16331,44
16332,44
16333,44
16334,44
16335,44
16336,44
16337,44
16338,44
16339,44
16340,44
16341,44
16342,44
16343,44
16344,44
16345,44
16346,44
16347,44
16348,44
16349,44
16350,44
16351,44
16352,44
16353,44
16354,44
16355,44
16356,44
16357,44
16358,44
16359,44
16360,44
16361,44
16362,44
16363,44
16364,44
16365,44
16366,44
16367,44
16368,44
16369,44
16370,44
16371,44
16372,44
16373,44
16374,44
16375,44
16376,44
16377,44
16378,44
16379,44
16380,44
16381,44
16382,44
16383,44
16384,44
16385,44
16386,44
16387,44
16388,44
16389,44
16390,44
16391,44
16392,44
16393,44
16394,44
16395,44
16396,44
16397,44
16398,44
16399,44
16400,44
16401,44
16402,44
16403,44
16404,44
16405,44
16406,44
16407,44
16408,44
16409,44
16410,44
16411,44
16412,44
16413,44
16414,44
16415,44
16416,44
16417,44
16418,44
16419,44
16420,44
16421,44
16422,44
16423,44
16424,44
16425,44
16426,44
16427,44
16428,44
16429,44
16430,44
16431,45
16432,45
16433,45
16434,45
16435,45
16436,45
16437,45
16438,45
16439,45
16440,45
16441,45
16442,45
16443,45
16444,45
16445,45
16446,45
16447,45
16448,45
16449,45
16450,45
16451,45
16452,45
16453,45
16454,44
16455,44
16456,44
16457,44
16458,44
16459,44
16460,44
16461,44
16462,44
16463,44
16464,44
16465,44
16466,44
16467,44
16468,44
16469,44
16470,44
16471,44
16472,44
16473,44
16474,44
16475,44
16476,44
16477,44
16478,44
16479,44
16480,44
16481,44
16482,44
16483,44
16484,44
16485,44
16486,44
16487,44
16488,44
16489,44
16490,44
16491,44
16492,44
16493,44
16494,44
16495,44
16496,44
16497,44
16498,44
16499,44
16500,44
16501,44
16502,44
16503,44
16504,44
16505,44
16506,44
16507,44
16508,44
16509,44
16510,44
16511,44
16512,44
16513,44
16514,44
16515,44
16516,44
16517,44
16518,44
16519,44
16520,44
16521,44
16522,44
16523,44
16524,44
16525,44
16526,44
16527,44
16528,44
16529,44
16530,44
16531,44
16532,44
16533,44
16534,44
16535,44
16536,44
16537,44
16538,44
16539,44
16540,44
16541,44
16542,44
16543,44
16544,44
16545,44
16546,44
16547,44
16548,44
16549,44
16550,44
16551,44
16552,44
16553,44
16554,44
16555,44
16556,44
16557,44
16558,44
16559,44
16560,44
16561,44
16562,44
16563,44
16564,44
16565,44
16566,44
16567,44
16568,44
16569,44
16570,44
16571,44
16572,44
16573,44
16574,44
16575,44
16576,44
16577,44
16578,44
16579,44
16580,44
16581,44
16582,44
16583,44
16584,44
16585,44
16586,44
16587,44
16588,44
16589,44
16590,44
16591,44
16592,44
16593,44
16594,44
16595,44
16596,44
16597,44
16598,44
16599,44
16600,44
16601,44
16602,44
16603,44
16604,44
16605,44
16606,44
16607,44
16608,44
16609,44
16610,44
16611,44
16612,44
16613,44
16614,44
16615,44
16616,44
16617,44
16618,44
16619,44
16620,44
16621,44
16622,44
16623,44
16624,44
16625,44
16626,44
16627,44
16628,44
16629,44
16630,44
16631,44
16632,44
16633,44
16634,44
16635,44
16636,44
16637,44
16638,44
16639,44
16640,44
16641,44
16642,44
16643,44
16644,44
16645,44
16646,44
16647,44
16648,44
16649,44
16650,44
16651,44
16652,44
16653,44
16654,44
16655,44
16656,44
16657,44
16658,44
16659,44
16660,44
16661,44
16662,44
16663,44
16664,44
16665,44
16666,44
16667,44
16668,44
16669,44
16670,44
16671,44
16672,44
16673,44
16674,44
16675,44
16676,45
16677,45
16678,45
16679,45
16680,45
16681,45
16682,45
16683,45
16684,45
16685,45
16686,45
16687,45
16688,45
16689,45
16690,45
16691,45
16692,45
16693,45
16694,45
16695,45
16696,45
16697,45
16698,45
16699,45
16700,45
16701,45
16702,45
16703,45
16704,45
16705,45
16706,45
16707,45
16708,45
16709,45
16710,45
16711,45
16712,45
16713,45
16714,45
16715,44
16716,45
16717,45
16718,44
16719,44
16720,44
16721,44
16722,44
16723,44
16724,44
16725,44
16726,44
16727,44
16728,44
16729,44
16730,44
16731,44
16732,44
16733,44
16734,44
16735,44
16736,44
16737,44
16738,44
16739,44
16740,44
16741,44
16742,44
16743,44
16744,44
16745,44
16746,44
16747,44
16748,44
16749,44
16750,44
16751,44
16752,44
16753,44
16754,44
16755,44
16756,44
16757,44
16758,44
16759,44
16760,44
16761,44
16762,44
16763,44
16764,44
16765,44
16766,44
16767,44
16768,44
16769,44
16770,44
16771,44
16772,44
16773,44
16774,44
16775,44
16776,44
16777,44
16778,44
16779,44
16780,44
16781,44
16782,44
16783,44
16784,44
16785,44
16786,44
16787,44
16788,44
16789,44
16790,44
16791,44
16792,44
16793,44
16794,44
16795,44
16796,44
16797,44
16798,44
16799,44
16800,44
16801,44
16802,44
16803,44
16804,44
16805,44
16806,44
16807,44
16808,44
16809,44
16810,44
16811,44
16812,44
16813,44
16814,44
16815,44
16816,44
16817,44
16818,44
16819,44
16820,44
16821,44
16822,44
16823,44
16824,44
16825,44
16826,44
16827,44
16828,44
16829,44
16830,44
16831,44
16832,44
16833,44
16834,44
16835,44
16836,44
16837,44
16838,44
16839,44
16840,44
16841,44
16842,44
16843,44
16844,44
16845,44
16846,44
16847,44
16848,44
16849,44
16850,44
16851,44
16852,44
16853,44
16854,44
16855,44
16856,44
16857,44
16858,44
16859,44
16860,44
16861,44
16862,44
16863,44
16864,44
16865,44
16866,44
16867,44
16868,44
16869,44
16870,44
16871,44
16872,44
16873,44
16874,44
16875,44
16876,44
16877,44
16878,44
16879,44
16880,44
16881,44
16882,44
16883,44
16884,44
16885,44
16886,44
16887,44
16888,45
16889,45
16890,45
16891,45
16892,45
16893,45
16894,45
16895,45
16896,45
16897,45
16898,45
16899,45
16900,45
16901,45
16902,45
16903,45
16904,45
16905,45
16906,45
16907,45
16908,45
16909,45
16910,45
16911,45
16912,45
16913,45
16914,45
16915,45
16916,45
16917,45
16918,45
16919,45
16920,45
16921,45
16922,45
16923,45
16924,45
16925,45
16926,45
16927,45
16928,45
16929,45
16930,45
16931,45
16932,45
16933,44
16934,44
16935,45
16936,45
16937,45
16938,45
16939,44
16940,45
16941,45
16942,45
16943,45
16944,45
16945,44
16946,44
16947,44
16948,44
16949,44
16950,44
16951,44
16952,44
16953,44
16954,44
16955,44
16956,44
16957,44
16958,44
16959,44
16960,44
16961,44
16962,44
16963,44
16964,44
16965,44
16966,44
16967,44
16968,44
16969,44
16970,44
16971,44
16972,44
16973,44
16974,44
16975,44
16976,44
16977,44
16978,44
16979,44
16980,44
16981,44
16982,44
16983,44
16984,44
16985,44
16986,44
16987,44
16988,44
16989,44
16990,44
16991,44
16992,44
16993,44
16994,44
16995,44
16996,44
16997,44
16998,44
16999,44
17000,44
17001,44
17002,44
17003,44
17004,44
17005,44
17006,44
17007,44
17008,44
17009,44
17010,44
17011,44
17012,44
17013,44
17014,44
17015,44
17016,44
17017,44
17018,44
17019,44
17020,44
17021,44
17022,44
17023,44
17024,44
17025,44
17026,44
17027,44
17028,44
17029,44
17030,44
17031,44
17032,44
17033,44
17034,44
17035,44
17036,44
17037,44
17038,44
17039,44
17040,44
17041,44
17042,44
17043,44
17044,44
17045,44
17046,44
17047,44
17048,44
17049,44
17050,44
17051,44
17052,44
17053,44
17054,44
17055,44
17056,44
17057,44
17058,44
17059,44
17060,44
17061,44
17062,44
17063,44
17064,44
17065,44
17066,44
17067,44
17068,44
17069,44
17070,44
17071,44
17072,44
17073,44
17074,44
17075,44
17076,44
17077,44
17078,44
17079,44
17080,44
17081,44
17082,44
17083,44
17084,44
17085,44
17086,44
17087,44
17088,44
17089,44
17090,44
17091,44
17092,44
17093,44
17094,44
17095,44
17096,44
17097,44
17098,44
17099,44
17100,44
17101,44
17102,44
17103,44
17104,44
17105,44
17106,44
17107,44
17108,44
17109,44
17110,44
17111,44
17112,44
17113,44
17114,44
17115,44
17116,44
17117,44
17118,44
17119,44
17120,44
17121,44
17122,44
17123,44
17124,44
17125,44
17126,44
17127,44
17128,44
17129,44
17130,44
17131,44
17132,44
17133,44
17134,44
17135,44
17136,44
17137,44
17138,44
17139,44
17140,44
17141,44
17142,44
17143,44
17144,44
17145,44
17146,44
17147,44
17148,44
17149,44
17150,44
17151,44
17152,44
17153,44
17154,44
17155,44
17156,44
17157,44
17158,44
17159,44
17160,44
17161,44
17162,44
17163,44
17164,44
17165,44
17166,44
17167,44
17168,44
17169,44
17170,44
17171,44
17172,44
17173,44
17174,44
17175,44
17176,44
17177,44
17178,44
17179,44
17180,44
17181,44
17182,44
17183,44
17184,44
17185,44
17186,44
17187,44
17188,44
17189,44
17190,44
17191,44
17192,44
17193,44
17194,44
17195,44
17196,44
17197,44
17198,44
17199,44
17200,44
17201,44
17202,44
17203,44
17204,44
17205,44
17206,44
17207,44
17208,44
17209,44
17210,44
17211,44
17212,44
17213,44
17214,44
17215,44
17216,44
17217,44
17218,44
17219,44
17220,44
17221,44
17222,44
17223,44
17224,44
17225,44
17226,44
17227,44
17228,44
17229,44
17230,44
17231,44
17232,44
17233,44
17234,44
17235,44
17236,44
17237,44
17238,44
17239,44
17240,44
17241,44
17242,44
17243,44
17244,44
17245,44
17246,44
17247,44
17248,44
17249,44
17250,44
17251,44
17252,44
17253,44
17254,44
17255,44
17256,44
17257,44
17258,44
17259,44
17260,44
17261,44
17262,44
17263,44
17264,44
17265,44
17266,44
17267,44
17268,44
17269,44
17270,44
17271,44
17272,44
17273,44
17274,44
17275,44
17276,44
17277,44
17278,44
17279,44
17280,44
17281,44
17282,44
17283,44
17284,44
17285,44
17286,44
17287,44
17288,44
17289,44
17290,44
17291,44
17292,44
17293,44
17294,44
17295,44
17296,44
17297,44
17298,44
17299,44
17300,44
17301,44
17302,44
17303,44
17304,44
17305,44
17306,44
17307,44
17308,44
17309,44
17310,44
17311,44
17312,44
17313,44
17314,44
17315,44
17316,44
17317,44
17318,44
17319,44
17320,44
17321,44
17322,44
17323,44
17324,44
17325,44
17326,44
17327,44
17328,44
17329,44
17330,44
17331,44
17332,44
17333,44
17334,44
17335,44
17336,44
17337,44
17338,44
17339,44
17340,44
17341,44
17342,44
17343,44
17344,44
17345,44
17346,44
17347,44
17348,44
17349,44
17350,44
17351,44
17352,44
17353,44
17354,44
17355,44
17356,44
17357,44
17358,44
17359,44
17360,44
17361,44
17362,44
17363,44
17364,44
17365,44
17366,44
17367,44
17368,44
17369,44
17370,44
17371,44
17372,44
17373,44
17374,44
17375,44
17376,44
17377,44
17378,44
17379,44
17380,44
17381,45
17382,45
17383,45
17384,45
17385,45
17386,45
17387,45
17388,45
17389,45
17390,45
17391,45
17392,45
17393,45
17394,45
17395,45
17396,45
17397,45
17398,45
17399,45
17400,45
17401,45
17402,45
17403,45
17404,45
17405,45
17406,45
17407,45
17408,45
17409,45
17410,45
17411,45
17412,45
17413,45
17414,45
17415,45
17416,45
17417,45
17418,45
17419,45
17420,45
17421,45
17422,45
17423,45
17424,45
17425,45
17426,44
17427,44
17428,44
17429,44
17430,44
17431,44
17432,44
17433,44
17434,44
17435,44
17436,44
17437,44
17438,44
17439,44
17440,44
17441,44
17442,44
17443,44
17444,44
17445,44
17446,44
17447,44
17448,44
17449,44
17450,44
17451,44
17452,44
17453,44
17454,44
17455,44
17456,44
17457,44
17458,44
17459,44
17460,44
17461,44
17462,44
17463,44
17464,44
17465,44
17466,44
17467,44
17468,44
17469,44
17470,44
17471,44
17472,44
17473,44
17474,44
17475,44
17476,44
17477,44
17478,44
17479,44
17480,44
17481,44
17482,44
17483,44
17484,44
17485,44
17486,44
17487,44
17488,44
17489,44
17490,44
17491,44
17492,44
17493,44
17494,44
17495,44
17496,44
17497,44
17498,44
17499,44
17500,44
17501,44
17502,44
17503,44
17504,44
17505,44
17506,44
17507,44
17508,44
17509,44
17510,44
17511,44
17512,44
17513,44
17514,44
17515,44
17516,44
17517,44
17518,44
17519,44
17520,44
17521,44
17522,44
17523,44
17524,44
17525,44
17526,44
17527,44
17528,44
17529,44
17530,44
17531,44
17532,44
17533,44
17534,44
17535,44
17536,44
17537,44
17538,44
17539,44
17540,44
17541,44
17542,44
17543,44
17544,44
17545,44
17546,44
17547,44
17548,44
17549,44
17550,44
17551,44
17552,44
17553,44
17554,44
17555,44
17556,44
17557,44
17558,44
17559,44
17560,44
17561,44
17562,44
17563,44
17564,44
17565,44
17566,44
17567,44
17568,44
17569,44
17570,44
17571,44
17572,44
17573,44
17574,44
17575,44
17576,44
17577,44
17578,44
17579,44
17580,44
17581,44
17582,44
17583,44
17584,44
17585,44
17586,44
17587,44
17588,44
17589,44
17590,44
17591,44
17592,44
17593,44
17594,44
17595,44
17596,44
17597,44
17598,44
17599,44
17600,44
17601,44
17602,44
17603,44
17604,44
17605,44
17606,44
17607,44
17608,44
17609,44
17610,44
17611,44
17612,44
17613,44
17614,44
17615,44
17616,44
17617,44
17618,44
17619,44
17620,44
17621,44
17622,44
17623,44
17624,44
17625,44
17626,44
17627,44
17628,44
17629,44
17630,44
17631,44
17632,44
17633,44
17634,44
17635,44
17636,44
17637,44
17638,44
17639,44
17640,44
17641,44
17642,44
17643,44
17644,44
17645,44
17646,44
17647,44
17648,44
17649,44
17650,44
17651,44
17652,44
17653,44
17654,44
17655,44
17656,44
17657,44
17658,44
17659,44
17660,44
17661,44
17662,44
17663,44
17664,44
17665,44
17666,44
17667,44
17668,44
17669,44
17670,45
17671,45
17672,45
17673,45
17674,45
17675,45
17676,45
17677,45
17678,45
17679,45
17680,45
17681,45
17682,45
17683,45
17684,45
17685,45
17686,45
17687,45
17688,45
17689,45
17690,45
17691,45
17692,45
17693,44
17694,44
17695,44
17696,44
17697,44
17698,44
17699,44
17700,44
17701,44
17702,44
17703,44
17704,44
17705,44
17706,44
17707,44
17708,44
17709,44
17710,44
17711,44
17712,44
17713,44
17714,44
17715,44
17716,44
17717,44
17718,44
17719,44
17720,44
17721,44
17722,44
17723,44
17724,44
17725,44
17726,44
17727,44
17728,44
17729,44
17730,44
17731,44
17732,44
17733,45
17734,45
17735,45
17736,45
17737,45
17738,45
17739,45
17740,45
17741,45
17742,45
17743,45
17744,45
17745,45
17746,45
17747,45
17748,45
17749,45
17750,45
17751,45
17752,45
17753,45
17754,45
17755,45
17756,45
17757,45
17758,45
17759,45
17760,45
17761,45
17762,45
17763,45
17764,45
17765,45
17766,45
17767,45
17768,45
17769,45
17770,45
17771,45
17772,45
17773,45
17774,45
17775,45
17776,45
17777,45
17778,45
17779,44
17780,44
17781,44
17782,44
17783,44
17784,44
17785,44
17786,44
17787,44
17788,44
17789,44
17790,44
17791,44
17792,44
17793,44
17794,44
17795,44
17796,44
17797,44
17798,44
17799,44
17800,44
17801,44
17802,44
17803,44
17804,44
17805,44
17806,44
17807,44
17808,44
17809,44
17810,44
17811,44
17812,44
17813,44
17814,44
17815,44
17816,44
17817,44
17818,44
17819,44
17820,44
17821,44
17822,44
17823,44
17824,44
17825,44
17826,44
17827,44
17828,44
17829,44
17830,44
17831,44
17832,44
17833,44
17834,44
17835,44
17836,44
17837,44
17838,44
17839,44
17840,44
17841,44
17842,44
17843,44
17844,44
17845,44
17846,44
17847,44
17848,44
17849,44
17850,44
17851,44
17852,44
17853,44
17854,44
17855,44
17856,44
17857,44
17858,44
17859,44
17860,44
17861,44
17862,44
17863,44
17864,44
17865,44
17866,44
17867,44
17868,44
17869,44
17870,44
17871,44
17872,44
17873,44
17874,44
17875,44
17876,44
17877,44
17878,44
17879,44
17880,44
17881,44
17882,44
17883,44
17884,44
17885,44
17886,44
17887,44
17888,44
17889,44
17890,44
17891,44
17892,44
17893,44
17894,44
17895,44
17896,44
17897,44
17898,44
17899,44
17900,44
17901,44
17902,44
17903,44
17904,44
17905,44
17906,44
17907,44
17908,44
17909,44
17910,44
17911,44
17912,44
17913,44
17914,44
17915,44
17916,44
17917,44
17918,44
17919,44
17920,44
17921,44
17922,44
17923,44
17924,44
17925,44
17926,44
17927,44
17928,44
17929,44
17930,44
17931,44
17932,44
17933,44
17934,44
17935,44
17936,44
17937,44
17938,44
17939,44
17940,44
17941,44
17942,44
17943,44
17944,44
17945,44
17946,43
17947,43
17948,43
17949,43
17950,44
17951,44
17952,44
17953,44
17954,44
17955,44
17956,44
17957,44
17958,44
17959,44
17960,44
17961,44
17962,44
17963,44
17964,44
17965,44
17966,44
17967,44
17968,44
17969,44
17970,44
17971,44
17972,44
17973,44
17974,44
17975,44
17976,44
17977,44
17978,44
17979,44
17980,44
17981,44
17982,44
17983,44
17984,44
17985,44
17986,44
17987,44
17988,44
17989,44
17990,44
17991,44
17992,44
17993,44
17994,44
17995,44
17996,44
17997,44
17998,44
17999,44
18000,44
18001,44
18002,44
18003,44
18004,44
18005,44
18006,44
18007,44
18008,44
18009,44
18010,44
18011,44
18012,44
18013,44
18014,44
18015,44
18016,44
18017,44
18018,44
18019,44
18020,44
18021,44
18022,44
18023,44
18024,44
18025,44
18026,44
18027,44
18028,44
18029,44
18030,44
18031,44
18032,44
18033,44
18034,44
18035,44
18036,44
18037,44
18038,44
18039,44
18040,44
18041,44
18042,44
18043,44
18044,44
18045,44
18046,44
18047,44
18048,44
18049,44
18050,44
18051,44
18052,44
18053,44
18054,44
18055,44
18056,44
18057,44
18058,44
18059,44
18060,44
18061,44
18062,44
18063,44
18064,44
18065,44
18066,44
18067,44
18068,44
18069,44
18070,44
18071,44
18072,44
18073,44
18074,44
18075,44
18076,44
18077,44
18078,44
18079,44
18080,44
18081,44
18082,44
18083,44
18084,44
18085,44
18086,44
18087,44
18088,44
18089,44
18090,44
18091,44
18092,44
18093,44
18094,44
18095,44
18096,44
18097,44
18098,44
18099,44
18100,44
18101,44
18102,44
18103,44
18104,44
18105,44
18106,44
18107,44
18108,44
18109,44
18110,44
18111,44
18112,44
18113,44
18114,44
18115,44
18116,44
18117,44
18118,44
18119,44
18120,44
18121,44
18122,44
18123,44
18124,44
18125,44
18126,44
18127,44
18128,44
18129,44
18130,44
18131,44
18132,44
18133,44
18134,44
18135,44
18136,44
18137,44
18138,44
18139,44
18140,44
18141,44
18142,44
18143,44
18144,44
18145,44
18146,44
18147,44
18148,44
18149,44
18150,44
18151,44
18152,44
18153,44
18154,44
18155,44
18156,44
18157,44
18158,44
18159,44
18160,44
18161,44
18162,44
18163,44
18164,44
18165,44
18166,44
18167,44
18168,44
18169,44
18170,44
18171,44
18172,44
18173,44
18174,44
18175,44
18176,44
18177,44
18178,44
18179,44
18180,44
18181,44
18182,44
18183,44
18184,44
18185,44
18186,44
18187,44
18188,44
18189,44
18190,44
18191,44
18192,44
18193,44
18194,44
18195,44
18196,44
18197,44
18198,44
18199,44
18200,44
18201,44
18202,44
18203,44
18204,44
18205,44
18206,44
18207,44
18208,44
18209,44
18210,44
18211,44
18212,44
18213,44
18214,44
18215,44
18216,44
18217,44
18218,44
18219,44
18220,44
18221,44
18222,44
18223,44
18224,44
18225,44
18226,44
18227,44
18228,44
18229,44
18230,44
18231,44
18232,44
18233,44
18234,44
18235,44
18236,44
18237,44
18238,44
18239,44
18240,44
18241,44
18242,44
18243,44
18244,44
18245,44
18246,44
18247,44
18248,44
18249,44
18250,44
18251,44
18252,44
18253,44
18254,44
18255,44
18256,44
18257,44
18258,44
18259,44
18260,44
18261,44
18262,44
18263,44
18264,44
18265,44
18266,44
18267,44
18268,44
18269,44
18270,44
18271,44
18272,44
18273,44
18274,44
18275,44
18276,44
18277,44
18278,44
18279,44
18280,44
18281,44
18282,44
18283,44
18284,44
18285,44
18286,44
18287,44
18288,44
18289,44
18290,44
18291,44
18292,44
18293,44
18294,44
18295,44
18296,44
18297,44
18298,44
18299,44
18300,44
18301,44
18302,44
18303,44
18304,44
18305,44
18306,44
18307,44
18308,44
18309,44
18310,44
18311,44
18312,44
18313,44
18314,44
18315,44
18316,44
18317,44
18318,44
18319,44
18320,44
18321,44
18322,44
18323,44
18324,44
18325,44
18326,44
18327,44
18328,44
18329,44
18330,44
18331,44
18332,44
18333,44
18334,44
18335,44
18336,44
18337,44
18338,44
18339,44
18340,44
18341,44
18342,44
18343,44
18344,44
18345,44
18346,44
18347,44
18348,44
18349,44
18350,44
18351,44
18352,44
18353,44
18354,44
18355,44
18356,44
18357,44
18358,44
18359,44
18360,44
18361,44
18362,44
18363,44
18364,44
18365,44
18366,44
18367,44
18368,44
18369,44
18370,45
18371,45
18372,45
18373,45
18374,45
18375,45
18376,45
18377,45
18378,45
18379,45
18380,45
18381,45
18382,45
18383,45
18384,45
18385,45
18386,45
18387,45
18388,45
18389,45
18390,45
18391,45
18392,45
18393,45
18394,45
18395,45
18396,45
18397,45
18398,45
18399,45
18400,45
18401,45
18402,45
18403,45
18404,45
18405,45
18406,45
18407,45
18408,45
18409,45
18410,45
18411,45
18412,45
18413,45
18414,45
18415,45
18416,45
18417,45
18418,45
18419,45
18420,45
18421,45
18422,45
18423,45
18424,45
18425,45
18426,45
18427,45
18428,45
18429,45
18430,45
18431,45
18432,45
18433,45
18434,45
18435,45
18436,45
18437,45
18438,45
18439,45
18440,45
18441,45
18442,45
18443,45
18444,45
18445,45
18446,45
18447,45
18448,45
18449,45
18450,45
18451,45
18452,45
18453,45
18454,45
18455,45
18456,45
18457,45
18458,45
18459,45
18460,45
18461,45
18462,45
18463,45
18464,45
18465,45
18466,45
18467,45
18468,45
18469,45
18470,45
18471,45
18472,45
18473,45
18474,45
18475,45
18476,45
18477,45
18478,45
18479,45
18480,44
18481,44
18482,44
18483,44
18484,44
18485,44
18486,44
18487,44
18488,44
18489,44
18490,44
18491,44
18492,44
18493,44
18494,44
18495,44
18496,44
18497,44
18498,44
18499,44
18500,44
18501,44
18502,44
18503,44
18504,44
18505,44
18506,44
18507,44
18508,44
18509,44
18510,44
18511,44
18512,44
18513,44
18514,44
18515,44
18516,44
18517,44
18518,44
18519,44
18520,44
18521,44
18522,44
18523,44
18524,44
18525,44
18526,44
18527,44
18528,44
18529,44
18530,44
18531,44
18532,44
18533,44
18534,44
18535,44
18536,44
18537,44
18538,44
18539,44
18540,44
18541,44
18542,44
18543,44
18544,44
18545,44
18546,44
18547,44
18548,44
18549,44
18550,44
18551,44
18552,44
18553,44
18554,44
18555,44
18556,44
18557,44
18558,44
18559,44
18560,44
18561,44
18562,44
18563,44
18564,44
18565,44
18566,44
18567,44
18568,44
18569,44
18570,44
18571,44
18572,44
18573,44
18574,44
18575,44
18576,44
18577,44
18578,44
18579,44
18580,44
18581,44
18582,44
18583,44
18584,44
18585,44
18586,44
18587,44
18588,44
18589,44
18590,44
18591,44
18592,44
18593,44
18594,44
18595,44
18596,44
18597,44
18598,44
18599,44
18600,44
18601,44
18602,44
18603,44
18604,44
18605,44
18606,44
18607,44
18608,44
18609,44
18610,44
18611,44
18612,44
18613,44
18614,44
18615,44
18616,44
18617,44
18618,44
18619,44
18620,44
18621,44
18622,44
18623,44
18624,44
18625,44
18626,44
18627,44
18628,44
18629,44
18630,44
18631,44
18632,44
18633,44
18634,44
18635,44
18636,44
18637,44
18638,44
18639,44
18640,44
18641,44
18642,44
18643,44
18644,44
18645,44
18646,44
18647,44
18648,44
18649,44
18650,44
18651,44
18652,44
18653,44
18654,44
18655,44
18656,44
18657,44
18658,44
18659,44
18660,44
18661,44
18662,44
18663,44
18664,44
18665,44
18666,44
18667,44
18668,44
18669,44
18670,44
18671,45
18672,45
18673,45
18674,45
18675,45
18676,45
18677,45
18678,45
18679,45
18680,45
18681,45
18682,45
18683,45
18684,45
18685,45
18686,45
18687,45
18688,45
18689,45
18690,45
18691,45
18692,45
18693,45
18694,45
18695,45
18696,45
18697,45
18698,45
18699,45
18700,45
18701,45
18702,45
18703,45
18704,45
18705,45
18706,45
18707,45
18708,45
18709,45
18710,45
18711,45
18712,45
18713,45
18714,45
18715,45
18716,45
18717,45
18718,45
18719,45
18720,45
18721,45
18722,45
18723,45
18724,45
18725,45
18726,45
18727,45
18728,45
18729,45
18730,45
18731,45
18732,45
18733,45
18734,45
18735,45
18736,45
18737,45
18738,45
18739,45
18740,45
18741,45
18742,45
18743,45
18744,45
18745,45
18746,45
18747,45
18748,45
18749,45
18750,45
18751,45
18752,45
18753,45
18754,45
18755,45
18756,45
18757,45
18758,45
18759,45
18760,45
18761,45
18762,45
18763,45
18764,45
18765,45
18766,45
18767,45
18768,45
18769,45
18770,45
18771,45
18772,45
18773,45
18774,45
18775,45
18776,45
18777,45
18778,45
18779,45
18780,45
18781,45
18782,45
18783,45
18784,45
18785,45
18786,45
18787,45
18788,45
18789,45
18790,45
18791,45
18792,45
18793,45
18794,45
18795,45
18796,45
18797,45
18798,45
18799,45
18800,45
18801,45
18802,45
18803,45
18804,45
18805,45
18806,45
18807,45
18808,45
18809,45
18810,45
18811,45
18812,45
18813,45
18814,45
18815,45
18816,45
18817,45
18818,45
18819,45
18820,45
18821,45
18822,45
18823,45
18824,45
18825,45
18826,45
18827,45
18828,45
18829,45
18830,45
18831,45
18832,45
18833,45
18834,45
18835,45
18836,45
18837,45
18838,45
18839,45
18840,45
18841,45
18842,45
18843,45
18844,45
18845,45
18846,45
18847,45
18848,45
18849,44
18850,44
18851,44
18852,44
18853,44
18854,44
18855,44
18856,44
18857,44
18858,44
18859,44
18860,44
18861,44
18862,44
18863,44
18864,44
18865,44
18866,44
18867,44
18868,44
18869,44
18870,44
18871,44
18872,44
18873,44
18874,44
18875,44
18876,44
18877,44
18878,44
18879,44
18880,44
18881,44
18882,44
18883,44
18884,44
18885,44
18886,44
18887,44
18888,44
18889,44
18890,44
18891,44
18892,44
18893,44
18894,44
18895,44
18896,44
18897,44
18898,44
18899,44
18900,44
18901,44
18902,44
18903,44
18904,44
18905,44
18906,44
18907,44
18908,44
18909,44
18910,44
18911,44
18912,44
18913,44
18914,44
18915,44
18916,44
18917,44
18918,44
18919,44
18920,44
18921,44
18922,44
18923,44
18924,44
18925,44
18926,44
18927,44
18928,44
18929,44
18930,44
18931,44
18932,44
18933,44
18934,44
18935,44
18936,44
18937,44
18938,44
18939,44
18940,44
18941,44
18942,44
18943,44
18944,44
18945,44
18946,44
18947,44
18948,44
18949,44
18950,44
18951,44
18952,44
18953,44
18954,44
18955,44
18956,44
18957,44
18958,44
18959,44
18960,44
18961,44
18962,44
18963,44
18964,44
18965,44
18966,44
18967,44
18968,44
18969,44
18970,44
18971,44
18972,44
18973,44
18974,44
18975,44
18976,44
18977,44
18978,44
18979,44
18980,44
18981,44
18982,44
18983,44
18984,44
18985,44
18986,44
18987,44
18988,44
18989,44
18990,44
18991,44
18992,44
18993,44
18994,44
18995,44
18996,44
18997,44
18998,44
18999,44
19000,44
19001,44
19002,44
19003,44
19004,44
19005,44
19006,44
19007,44
19008,44
19009,44
19010,44
19011,44
19012,44
19013,44
19014,44
19015,44
19016,44
19017,44
19018,44
19019,44
19020,44
19021,44
19022,44
19023,44
19024,44
19025,44
19026,44
19027,44
19028,44
19029,44
19030,44
19031,44
19032,44
19033,44
19034,44
19035,44
19036,44
19037,44
19038,44
19039,44
19040,44
19041,44
19042,44
19043,44
19044,44
19045,44
19046,44
19047,44
19048,44
19049,44
19050,44
19051,44
19052,44
19053,44
19054,44
19055,44
19056,44
19057,44
19058,44
19059,44
19060,44
19061,44
19062,44
19063,44
19064,44
19065,44
19066,44
19067,44
19068,44
19069,44
19070,44
19071,44
19072,44
19073,44
19074,44
19075,44
19076,44
19077,44
19078,44
19079,44
19080,44
19081,44
19082,44
19083,44
19084,44
19085,44
19086,44
19087,44
19088,44
19089,44
19090,44
19091,44
19092,44
19093,44
19094,44
19095,44
19096,44
19097,44
19098,44
19099,44
19100,44
19101,44
19102,44
19103,44
19104,44
19105,44
19106,44
19107,44
19108,44
19109,44
19110,44
19111,44
19112,44
19113,44
19114,44
19115,44
19116,44
19117,44
19118,44
19119,44
19120,44
19121,44
19122,44
19123,44
19124,44
19125,44
19126,44
19127,44
19128,44
19129,44
19130,44
19131,44
19132,44
19133,44
19134,44
19135,44
19136,44
19137,44
19138,44
19139,44
19140,44
19141,44
19142,44
19143,44
19144,44
19145,45
19146,45
19147,45
19148,45
19149,45
19150,45
19151,45
19152,45
19153,45
19154,45
19155,44
19156,44
19157,44
19158,44
19159,44
19160,44
19161,44
19162,44
19163,44
19164,44
19165,44
19166,44
19167,44
19168,44
19169,44
19170,44
19171,44
19172,44
19173,44
19174,44
19175,44
19176,44
19177,44
19178,44
19179,44
19180,44
19181,44
19182,44
19183,44
19184,44
19185,44
19186,44
19187,44
19188,44
19189,44
19190,44
19191,44
19192,44
19193,44
19194,44
19195,44
19196,44
19197,44
19198,44
19199,44
19200,44
19201,44
19202,44
19203,44
19204,44
19205,44
19206,44
19207,44
19208,44
19209,44
19210,44
19211,44
19212,44
19213,44
19214,44
19215,44
19216,44
19217,44
19218,44
19219,44
19220,44
19221,44
19222,44
19223,44
19224,44
19225,44
19226,44
19227,44
19228,44
19229,44
19230,44
19231,44
19232,44
19233,44
19234,44
19235,44
19236,44
19237,44
19238,44
19239,44
19240,44
19241,44
19242,44
19243,44
19244,44
19245,44
19246,44
19247,44
19248,44
19249,44
19250,45
19251,45
19252,45
19253,45
19254,45
19255,45
19256,45
19257,45
19258,45
19259,45
19260,45
19261,45
19262,45
19263,45
19264,45
19265,45
19266,45
19267,45
19268,45
19269,44
19270,44
19271,44
19272,44
19273,44
19274,44
19275,44
19276,44
19277,44
19278,44
19279,44
19280,44
19281,44
19282,44
19283,44
19284,44
19285,44
19286,44
19287,44
19288,44
19289,44
19290,44
19291,44
19292,44
19293,44
19294,44
19295,44
19296,44
19297,44
19298,44
19299,45
19300,45
19301,44
19302,44
19303,44
19304,44
19305,44
19306,44
19307,44
19308,44
19309,44
19310,44
19311,44
19312,44
19313,44
19314,44
19315,44
19316,44
19317,44
19318,44
19319,44
19320,44
19321,44
19322,44
19323,44
19324,44
19325,44
19326,44
19327,44
19328,44
19329,44
19330,44
19331,44
19332,44
19333,44
19334,44
19335,44
19336,44
19337,44
19338,44
19339,44
19340,44
19341,44
19342,44
19343,44
19344,44
19345,44
19346,44
19347,44
19348,44
19349,44
19350,44
19351,44
19352,44
19353,44
19354,44
19355,44
19356,44
19357,44
19358,44
19359,44
19360,44
19361,44
19362,44
19363,44
19364,44
19365,44
19366,44
19367,44
19368,44
19369,44
19370,44
19371,44
19372,44
19373,44
19374,44
19375,44
19376,44
19377,44
19378,44
19379,44
19380,44
19381,44
19382,44
19383,44
19384,44
19385,44
19386,44
19387,44
19388,44
19389,44
19390,44
19391,44
19392,44
19393,44
19394,44
19395,44
19396,44
19397,44
19398,44
19399,44
19400,44
19401,44
19402,44
19403,44
19404,44
19405,44
19406,44
19407,44
19408,44
19409,44
19410,44
19411,44
19412,44
19413,44
19414,44
19415,44
19416,44
19417,44
19418,44
19419,44
19420,44
19421,44
19422,44
19423,44
19424,44
19425,44
19426,44
19427,44
19428,44
19429,44
19430,44
19431,44
19432,44
19433,44
19434,44
19435,44
19436,44
19437,44
19438,44
19439,44
19440,44
19441,44
19442,44
19443,44
19444,44
19445,44
19446,44
19447,44
19448,44
19449,44
19450,44
19451,44
19452,44
19453,44
19454,44
19455,44
19456,44
19457,44
19458,44
19459,44
19460,44
19461,44
19462,44
19463,44
19464,44
19465,44
19466,44
19467,44
19468,44
19469,44
19470,44
19471,44
19472,44
19473,44
19474,44
19475,44
19476,44
19477,44
19478,44
19479,44
19480,44
19481,44
19482,44
19483,44
19484,44
19485,44
19486,44
19487,44
19488,44
19489,45
19490,44
19491,45
19492,45
19493,45
19494,45
19495,45
19496,45
19497,45
19498,45
19499,45
19500,45
19501,45
19502,45
19503,45
19504,45
19505,45
19506,45
19507,45
19508,45
19509,45
19510,45
19511,44
19512,44
19513,44
19514,44
19515,44
19516,44
19517,44
19518,44
19519,44
19520,44
19521,44
19522,44
19523,44
19524,44
19525,44
19526,44
19527,44
19528,44
19529,44
19530,44
19531,44
19532,44
19533,44
19534,44
19535,44
19536,44
19537,44
19538,44
19539,44
19540,44
19541,44
19542,44
19543,44
19544,44
19545,44
19546,44
19547,44
19548,44
19549,44
19550,44
19551,44
19552,44
19553,44
19554,44
19555,45
19556,45
19557,45
19558,45
19559,45
19560,45
19561,45
19562,45
19563,45
19564,45
19565,45
19566,45
19567,45
19568,44
19569,44
19570,44
19571,44
19572,44
19573,44
19574,44
19575,44
19576,44
19577,44
19578,44
19579,44
19580,44
19581,44
19582,44
19583,44
19584,44
19585,44
19586,44
19587,44
19588,44
19589,44
19590,44
19591,44
19592,44
19593,44
19594,44
19595,44
19596,44
19597,44
19598,44
19599,44
19600,44
19601,44
19602,44
19603,44
19604,44
19605,44
19606,44
19607,44
19608,44
19609,44
19610,44
19611,44
19612,44
19613,44
19614,44
19615,44
19616,44
19617,44
19618,44
19619,44
19620,44
19621,44
19622,44
19623,44
19624,44
19625,44
19626,44
19627,44
19628,44
19629,44
19630,44
19631,44
19632,44
19633,44
19634,44
19635,44
19636,44
19637,44
19638,44
19639,44
19640,44
19641,44
19642,44
19643,44
19644,44
19645,44
19646,44
19647,44
19648,44
19649,44
19650,44
19651,44
19652,44
19653,44
19654,44
19655,44
19656,44
19657,44
19658,44
19659,44
19660,44
19661,44
19662,44
19663,44
19664,44
19665,44
19666,44
19667,44
19668,44
19669,44
19670,44
19671,44
19672,44
19673,44
19674,44
19675,44
19676,44
19677,44
19678,44
19679,44
19680,45
19681,45
19682,45
19683,45
19684,45
19685,45
19686,45
19687,45
19688,45
19689,45
19690,45
19691,45
19692,45
19693,45
19694,45
19695,45
19696,45
19697,45
19698,45
19699,45
19700,45
19701,45
19702,45
19703,45
19704,45
19705,45
19706,45
19707,45
19708,45
19709,45
19710,45
19711,45
19712,45
19713,45
19714,45
19715,45
19716,45
19717,45
19718,45
19719,45
19720,45
19721,45
19722,45
19723,45
19724,44
19725,44
19726,44
19727,44
19728,44
19729,44
19730,44
19731,44
19732,44
19733,44
19734,44
19735,44
19736,44
19737,44
19738,44
19739,44
19740,44
19741,44
19742,44
19743,44
19744,44
19745,44
19746,44
19747,44
19748,44
19749,44
19750,44
19751,44
19752,44
19753,44
19754,44
19755,44
19756,44
19757,44
19758,44
19759,44
19760,44
19761,44
19762,44
19763,44
19764,44
19765,44
19766,44
19767,44
19768,44
19769,44
19770,44
19771,44
19772,44
19773,44
19774,44
19775,44
19776,44
19777,44
19778,44
19779,44
19780,44
19781,44
19782,44
19783,44
19784,44
19785,44
19786,44
19787,44
19788,44
19789,44
19790,44
19791,44
19792,44
19793,44
19794,44
19795,44
19796,44
19797,44
19798,44
19799,44
19800,45
19801,44
19802,44
19803,45
19804,45
19805,45
19806,45
19807,45
19808,45
19809,45
19810,45
19811,45
19812,45
19813,45
19814,45
19815,45
19816,45
19817,45
19818,45
19819,45
19820,45
19821,45
19822,45
19823,45
19824,45
19825,45
19826,45
19827,45
19828,45
19829,45
19830,45
19831,45
19832,45
19833,45
19834,45
19835,45
19836,45
19837,45
19838,45
19839,45
19840,45
19841,45
19842,45
19843,45
19844,45
19845,45
19846,45
19847,45
19848,45
19849,45
19850,45
19851,45
19852,45
19853,45
19854,45
19855,45
19856,45
19857,44
19858,44
19859,44
19860,44
19861,44
19862,44
19863,44
19864,44
19865,44
19866,44
19867,44
19868,44
19869,44
19870,44
19871,44
19872,44
19873,44
19874,44
19875,44
19876,44
19877,44
19878,44
19879,44
19880,44
19881,44
19882,44
19883,44
19884,44
19885,44
19886,44
19887,44
19888,44
19889,44
19890,44
19891,44
19892,44
19893,44
19894,44
19895,44
19896,44
19897,44
19898,44
19899,44
19900,44
19901,44
19902,44
19903,44
19904,44
19905,44
19906,44
19907,44
19908,44
19909,44
19910,44
19911,44
19912,44
19913,44
19914,44
19915,44
19916,44
19917,44
19918,44
19919,44
19920,44
19921,44
19922,44
19923,44
19924,44
19925,44
19926,44
19927,44
19928,44
19929,44
19930,44
19931,44
19932,44
19933,44
19934,44
19935,44
19936,44
19937,44
19938,44
19939,44
19940,44
19941,44
19942,44
19943,44
19944,44
19945,44
19946,44
19947,44
19948,44
19949,44
19950,44
19951,44
19952,44
19953,44
19954,44
19955,44
19956,44
19957,44
19958,44
19959,44
19960,44
19961,44
19962,44
19963,44
19964,44
19965,44
19966,44
19967,44
19968,44
19969,44
19970,44
19971,44
19972,44
19973,44
19974,44
19975,44
19976,44
19977,44
19978,44
19979,44
19980,44
19981,44
19982,44
19983,44
19984,44
19985,44
19986,44
19987,44
19988,44
19989,44
19990,44
19991,44
19992,44
19993,44
19994,44
19995,44
19996,44
19997,44
19998,44
19999,44
20000,44
20001,44
20002,44
20003,44
20004,44
20005,44
20006,44
20007,44
20008,44
20009,44
20010,44
20011,44
20012,44
20013,44
20014,44
20015,44
20016,44
20017,44
20018,44
20019,44
20020,44
20021,44
20022,44
20023,44
20024,44
20025,44
20026,44
20027,44
20028,44
20029,44
20030,44
20031,44
20032,44
20033,44
20034,44
20035,44
20036,44
20037,44
20038,44
20039,44
20040,44
20041,44
20042,44
20043,44
20044,44
20045,44
20046,44
20047,44
20048,44
20049,44
20050,44
20051,44
20052,44
20053,44
20054,44
20055,44
20056,44
20057,44
20058,44
20059,44
20060,44
20061,44
20062,44
20063,44
20064,44
20065,44
20066,44
20067,44
20068,44
20069,44
20070,44
20071,44
20072,44
20073,44
20074,44
20075,44
20076,44
20077,44
20078,44
20079,44
20080,44
20081,44
20082,44
20083,44
20084,44
20085,44
20086,44
20087,44
20088,44
20089,44
20090,44
20091,44
20092,44
20093,44
20094,44
20095,44
20096,44
20097,44
20098,44
20099,44
20100,44
20101,44
20102,44
20103,44
20104,44
20105,44
20106,44
20107,44
20108,44
20109,44
20110,44
20111,44
20112,44
20113,44
20114,44
20115,44
20116,44
20117,44
20118,44
20119,44
20120,44
20121,44
20122,44
20123,44
20124,44
20125,44
20126,44
20127,44
20128,44
20129,44
20130,44
20131,44
20132,44
20133,44
20134,44
20135,44
20136,44
20137,44
20138,44
20139,44
20140,44
20141,44
20142,44
20143,44
20144,44
20145,44
20146,44
20147,44
20148,44
20149,44
20150,44
20151,44
20152,44
20153,44
20154,44
20155,44
20156,44
20157,44
20158,44
20159,44
20160,44
20161,44
20162,44
20163,44
20164,44
20165,44
20166,44
20167,44
20168,44
20169,44
20170,44
20171,44
20172,44
20173,44
20174,44
20175,44
20176,44
20177,44
20178,44
20179,44
20180,44
20181,44
20182,44
20183,44
20184,44
20185,44
20186,44
20187,44
20188,44
20189,44
20190,44
20191,44
20192,44
20193,44
20194,44
20195,44
20196,44
20197,44
20198,44
20199,44
20200,44
20201,44
20202,44
20203,44
20204,44
20205,44
20206,44
20207,44
20208,44
20209,44
20210,44
20211,44
20212,44
20213,44
20214,44
20215,44
20216,44
20217,44
20218,44
20219,44
20220,44
20221,44
20222,44
20223,44
20224,44
20225,44
20226,44
20227,44
20228,44
20229,44
20230,44
20231,44
20232,44
20233,44
20234,44
20235,44
20236,44
20237,44
20238,44
20239,44
20240,44
20241,44
20242,44
20243,44
20244,44
20245,44
20246,44
20247,44
20248,44
20249,44
20250,44
20251,44
20252,44
20253,44
20254,44
20255,44
20256,44
20257,44
20258,44
20259,44
20260,44
20261,44
20262,44
20263,44
20264,44
20265,44
20266,44
20267,44
20268,44
20269,44
20270,44
20271,44
20272,44
20273,44
20274,44
20275,44
20276,44
20277,44
20278,44
20279,44
20280,44
20281,44
20282,44
20283,44
20284,44
20285,44
20286,44
20287,44
20288,44
20289,44
20290,44
20291,44
20292,44
20293,44
20294,44
20295,44
20296,44
20297,44
20298,44
20299,44
20300,44
20301,44
20302,44
20303,44
20304,44
20305,44
20306,44
20307,44
20308,44
20309,44
20310,44
20311,44
20312,44
20313,44
20314,44
20315,44
20316,44
20317,44
20318,44
20319,44
20320,44
20321,44
20322,44
20323,44
20324,44
20325,44
20326,44
20327,44
20328,44
20329,44
20330,44
20331,44
20332,44
20333,44
20334,44
20335,44
20336,44
20337,44
20338,44
20339,44
20340,44
20341,44
20342,44
20343,44
20344,44
20345,44
20346,44
20347,44
20348,44
20349,44
20350,44
20351,44
20352,44
20353,44
20354,44
20355,44
20356,44
20357,44
20358,44
20359,44
20360,44
20361,44
20362,44
20363,44
20364,44
20365,44
20366,44
20367,44
20368,44
20369,44
20370,44
20371,44
20372,44
20373,44
20374,44
20375,44
20376,44
20377,44
20378,44
20379,44
20380,44
20381,44
20382,44
20383,44
20384,44
20385,44
20386,44
20387,44
20388,44
20389,44
20390,44
20391,44
20392,44
20393,44
20394,44
20395,44
20396,44
20397,44
20398,44
20399,45
20400,45
20401,44
20402,44
20403,45
20404,45
20405,45
20406,45
20407,45
20408,44
20409,45
20410,45
20411,45
20412,45
20413,45
20414,45
20415,45
20416,45
20417,45
20418,45
20419,45
20420,45
20421,45
20422,45
20423,45
20424,45
20425,45
20426,45
20427,45
20428,45
20429,45
20430,45
20431,45
20432,45
20433,45
20434,45
20435,45
20436,45
20437,45
20438,44
20439,44
20440,44
20441,44
20442,44
20443,44
20444,44
20445,44
20446,44
20447,44
20448,44
20449,44
20450,44
20451,44
20452,44
20453,44
20454,44
20455,44
20456,44
20457,44
20458,44
20459,44
20460,44
20461,44
20462,44
20463,44
20464,44
20465,44
20466,44
20467,44
20468,44
20469,44
20470,44
20471,44
20472,44
20473,44
20474,44
20475,44
20476,44
20477,44
20478,44
20479,44
20480,44
20481,44
20482,44
20483,44
20484,44
20485,44
20486,44
20487,44
20488,44
20489,44
20490,44
20491,44
20492,44
20493,44
20494,44
20495,44
20496,44
20497,44
20498,44
20499,44
20500,44
20501,44
20502,44
20503,44
20504,44
20505,44
20506,44
20507,44
20508,44
20509,44
20510,44
20511,44
20512,44
20513,44
20514,44
20515,44
20516,44
20517,44
20518,44
20519,44
20520,44
20521,44
20522,44
20523,44
20524,44
20525,44
20526,44
20527,44
20528,44
20529,44
20530,44
20531,44
20532,44
20533,44
20534,44
20535,44
20536,44
20537,44
20538,44
20539,44
20540,44
20541,44
20542,44
20543,44
20544,44
20545,44
20546,44
20547,44
20548,44
20549,44
20550,44
20551,44
20552,44
20553,44
20554,44
20555,44
20556,44
20557,44
20558,44
20559,44
20560,44
20561,44
20562,44
20563,44
20564,44
20565,44
20566,44
20567,44
20568,44
20569,44
20570,44
20571,44
20572,44
20573,44
20574,44
20575,44
20576,44
20577,44
20578,44
20579,44
20580,44
20581,44
20582,44
20583,44
20584,44
20585,44
20586,44
20587,44
20588,44
20589,44
20590,44
20591,44
20592,44
20593,44
20594,44
20595,44
20596,44
20597,44
20598,44
20599,44
20600,44
20601,44
20602,44
20603,44
20604,44
20605,44
20606,44
20607,44
20608,44
20609,44
20610,44
20611,44
20612,44
20613,44
20614,44
20615,44
20616,44
20617,44
20618,44
20619,44
20620,44
20621,44
20622,44
20623,44
20624,44
20625,44
20626,44
20627,44
20628,44
20629,44
20630,44
20631,44
20632,44
20633,44
20634,44
20635,44
20636,44
20637,44
20638,44
20639,44
20640,44
20641,44
20642,44
20643,44
20644,44
20645,44
20646,44
20647,44
20648,44
20649,44
20650,44
20651,44
20652,44
20653,44
20654,44
20655,44
20656,44
20657,44
20658,44
20659,44
20660,44
20661,44
20662,44
20663,44
20664,44
20665,44
20666,44
20667,44
20668,44
20669,44
20670,44
20671,44
20672,44
20673,44
20674,44
20675,44
20676,44
20677,44
20678,44
20679,44
20680,44
20681,44
20682,44
20683,44
20684,44
20685,44
20686,44
20687,44
20688,44
20689,44
20690,44
20691,44
20692,44
20693,44
20694,44
20695,44
20696,44
20697,44
20698,44
20699,44
20700,44
20701,45
20702,45
20703,45
20704,45
20705,45
20706,45
20707,45
20708,45
20709,45
20710,45
20711,45
20712,45
20713,45
20714,45
20715,45
20716,45
20717,45
20718,45
20719,45
20720,45
20721,45
20722,45
20723,45
20724,45
20725,45
20726,45
20727,45
20728,45
20729,45
20730,45
20731,45
20732,45
20733,45
20734,45
20735,45
20736,45
20737,45
20738,45
20739,45
20740,45
20741,45
20742,45
20743,45
20744,45
20745,45
20746,45
20747,45
20748,45
20749,45
20750,45
20751,45
20752,45
20753,45
20754,45
20755,45
20756,45
20757,45
20758,45
20759,45
20760,44
20761,44
20762,44
20763,44
20764,44
20765,44
20766,44
20767,44
20768,44
20769,44
20770,44
20771,44
20772,44
20773,44
20774,44
20775,44
20776,44
20777,44
20778,44
20779,44
20780,44
20781,44
20782,44
20783,44
20784,44
20785,44
20786,44
20787,44
20788,44
20789,44
20790,44
20791,44
20792,44
20793,44
20794,44
20795,44
20796,44
20797,44
20798,44
20799,44
20800,44
20801,44
20802,44
20803,44
20804,44
20805,44
20806,44
20807,44
20808,44
20809,44
20810,44
20811,44
20812,44
20813,44
20814,44
20815,44
20816,45
20817,45
20818,45
20819,45
20820,45
20821,45
20822,45
20823,45
20824,45
20825,45
20826,45
20827,45
20828,45
20829,45
20830,45
20831,45
20832,45
20833,45
20834,45
20835,45
20836,45
20837,45
20838,45
20839,45
20840,45
20841,45
20842,44
20843,44
20844,44
20845,44
20846,44
20847,44
20848,44
20849,44
20850,44
20851,44
20852,44
20853,44
20854,44
20855,44
20856,44
20857,44
20858,44
20859,44
20860,44
20861,44
20862,44
20863,44
20864,44
20865,44
20866,44
20867,44
20868,44
20869,44
20870,44
20871,44
20872,44
20873,44
20874,44
20875,44
20876,44
20877,44
20878,44
20879,44
20880,44
20881,44
20882,44
20883,44
20884,44
20885,44
20886,44
20887,44
20888,44
20889,44
20890,45
20891,45
20892,45
20893,45
20894,45
20895,45
20896,45
20897,45
20898,45
20899,45
20900,45
20901,45
20902,45
20903,45
20904,45
20905,45
20906,45
20907,45
20908,45
20909,45
20910,45
20911,45
20912,45
20913,45
20914,45
20915,44
20916,44
20917,45
20918,44
20919,44
20920,44
20921,44
20922,44
20923,44
20924,44
20925,44
20926,44
20927,44
20928,44
20929,44
20930,44
20931,44
20932,44
20933,44
20934,44
20935,44
20936,44
20937,44
20938,44
20939,44
20940,44
20941,44
20942,44
20943,44
20944,44
20945,44
20946,44
20947,44
20948,44
20949,44
20950,44
20951,44
20952,44
20953,44
20954,44
20955,44
20956,44
20957,44
20958,44
20959,44
20960,44
20961,44
20962,44
20963,44
20964,44
20965,44
20966,44
20967,44
20968,44
20969,44
20970,44
20971,44
20972,44
20973,44
20974,44
20975,44
20976,44
20977,44
20978,44
20979,44
20980,44
20981,44
20982,44
20983,44
20984,44
20985,44
20986,44
20987,44
20988,44
20989,44
20990,44
20991,44
20992,44
20993,44
20994,44
20995,44
20996,44
20997,44
20998,44
20999,44
21000,44
21001,44
21002,44
21003,44
21004,44
21005,44
21006,45
21007,45
21008,45
21009,45
21010,45
21011,45
21012,45
21013,45
21014,45
21015,45
21016,45
21017,45
21018,45
21019,45
21020,45
21021,45
21022,45
21023,45
21024,45
21025,45
21026,45
21027,45
21028,45
21029,45
21030,45
21031,45
21032,45
21033,45
21034,45
21035,45
21036,45
21037,45
21038,45
21039,45
21040,45
21041,45
21042,45
21043,45
21044,45
21045,45
21046,45
21047,45
21048,45
21049,45
21050,45
21051,45
21052,45
21053,45
21054,45
21055,44
21056,44
21057,44
21058,44
21059,44
21060,44
21061,44
21062,44
21063,44
21064,44
21065,44
21066,44
21067,44
21068,44
21069,44
21070,44
21071,44
21072,44
21073,44
21074,44
21075,44
21076,44
21077,44
21078,44
21079,44
21080,44
21081,44
21082,44
21083,44
21084,44
21085,44
21086,44
21087,44
21088,44
21089,44
21090,44
21091,44
21092,44
21093,44
21094,44
21095,44
21096,44
21097,44
21098,44
21099,44
21100,44
21101,44
21102,44
21103,44
21104,44
21105,44
21106,44
21107,44
21108,44
21109,44
21110,44
21111,44
21112,44
21113,44
21114,44
21115,44
21116,44
21117,44
21118,44
21119,44
21120,44
21121,44
21122,44
21123,44
21124,44
21125,44
21126,44
21127,44
21128,44
21129,44
21130,44
21131,44
21132,44
21133,44
21134,44
21135,44
21136,44
21137,44
21138,44
21139,44
21140,45
21141,45
21142,44
21143,44
21144,44
21145,44
21146,44
21147,44
21148,44
21149,44
21150,44
21151,44
21152,44
21153,44
21154,44
21155,44
21156,44
21157,44
21158,44
21159,44
21160,44
21161,44
21162,44
21163,44
21164,44
21165,44
21166,44
21167,44
21168,44
21169,44
21170,44
21171,44
21172,44
21173,44
21174,44
21175,44
21176,44
21177,44
21178,44
21179,44
21180,44
21181,44
21182,44
21183,44
21184,44
21185,44
21186,44
21187,44
21188,44
21189,44
21190,44
21191,44
21192,44
21193,44
21194,44
21195,44
21196,44
21197,44
21198,44
21199,44
21200,44
21201,44
21202,44
21203,44
21204,44
21205,44
21206,44
21207,44
21208,44
21209,44
21210,44
21211,44
21212,44
21213,44
21214,45
21215,45
21216,45
21217,45
21218,45
21219,45
21220,45
21221,45
21222,45
21223,45
21224,45
21225,45
21226,45
21227,45
21228,45
21229,45
21230,45
21231,45
21232,45
21233,45
21234,45
21235,45
21236,45
21237,45
21238,45
21239,45
21240,45
21241,45
21242,45
21243,45
21244,45
21245,45
21246,45
21247,45
21248,45
21249,45
21250,45
21251,45
21252,45
21253,45
21254,45
21255,45
21256,45
21257,45
21258,45
21259,45
21260,45
21261,45
21262,45
21263,45
21264,45
21265,45
21266,45
21267,45
21268,45
21269,44
21270,44
21271,44
21272,44
21273,44
21274,44
21275,44
21276,44
21277,44
21278,44
21279,44
21280,44
21281,44
21282,44
21283,44
21284,44
21285,44
21286,44
21287,44
21288,44
21289,44
21290,44
21291,44
21292,44
21293,44
21294,44
21295,44
21296,44
21297,44
21298,44
21299,44
21300,44
21301,44
21302,44
21303,44
21304,44
21305,44
21306,44
21307,44
21308,44
21309,44
21310,44
21311,44
21312,44
21313,44
21314,44
21315,44
21316,44
21317,44
21318,44
21319,44
21320,44
21321,44
21322,44
21323,44
21324,44
21325,44
21326,44
21327,44
21328,44
21329,44
21330,44
21331,44
21332,44
21333,44
21334,44
21335,44
21336,44
21337,44
21338,44
21339,44
21340,44
21341,44
21342,44
21343,44
21344,44
21345,44
21346,44
21347,44
21348,44
21349,44
21350,44
21351,44
21352,44
21353,44
21354,44
21355,44
21356,44
21357,44
21358,44
21359,44
21360,44
21361,44
21362,44
21363,44
21364,44
21365,44
21366,44
21367,44
21368,44
21369,44
21370,44
21371,44
21372,44
21373,44
21374,44
21375,44
21376,44
21377,44
21378,44
21379,44
21380,44
21381,44
21382,44
21383,44
21384,44
21385,44
21386,44
21387,44
21388,44
21389,44
21390,44
21391,44
21392,44
21393,44
21394,44
21395,44
21396,44
21397,44
21398,44
21399,44
21400,44
21401,44
21402,44
21403,44
21404,44
21405,44
21406,44
21407,44
21408,44
21409,44
21410,44
21411,44
21412,44
21413,44
21414,44
21415,44
21416,44
21417,44
21418,44
21419,44
21420,44
21421,44
21422,44
21423,44
21424,44
21425,45
21426,45
21427,45
21428,45
21429,45
21430,45
21431,45
21432,45
21433,45
21434,45
21435,45
21436,45
21437,45
21438,45
21439,45
21440,45
21441,45
21442,45
21443,45
21444,45
21445,45
21446,45
21447,45
21448,45
21449,45
21450,45
21451,45
21452,45
21453,45
21454,45
21455,45
21456,45
21457,45
21458,45
21459,45
21460,45
21461,45
21462,45
21463,45
21464,45
21465,45
21466,45
21467,44
21468,44
21469,44
21470,44
21471,44
21472,44
21473,44
21474,44
21475,44
21476,44
21477,44
21478,44
21479,44
21480,44
21481,44
21482,44
21483,44
21484,44
21485,44
21486,44
21487,44
21488,44
21489,44
21490,44
21491,44
21492,44
21493,44
21494,44
21495,44
21496,44
21497,44
21498,44
21499,44
21500,44
21501,44
21502,44
21503,44
21504,44
21505,44
21506,44
21507,44
21508,44
21509,44
21510,44
21511,44
21512,44
21513,44
21514,44
21515,44
21516,44
21517,44
21518,44
21519,44
21520,44
21521,44
21522,44
21523,44
21524,44
21525,44
21526,44
21527,44
21528,44
21529,45
21530,45
21531,45
21532,45
21533,45
21534,45
21535,45
21536,45
21537,45
21538,45
21539,45
21540,45
21541,45
21542,45
21543,45
21544,45
21545,45
21546,45
21547,45
21548,45
21549,45
21550,45
21551,45
21552,45
21553,45
21554,45
21555,45
21556,45
21557,45
21558,45
21559,45
21560,45
21561,45
21562,45
21563,45
21564,45
21565,45
21566,45
21567,45
21568,45
21569,45
21570,45
21571,45
21572,45
21573,45
21574,45
21575,45
21576,45
21577,45
21578,45
21579,45
21580,45
21581,45
21582,44
21583,44
21584,44
21585,44
21586,44
21587,44
21588,44
21589,44
21590,44
21591,44
21592,44
21593,44
21594,44
21595,44
21596,44
21597,44
21598,44
21599,44
21600,44
21601,44
21602,44
21603,44
21604,44
21605,44
21606,44
21607,44
21608,44
21609,44
21610,44
21611,45
21612,45
21613,45
21614,45
21615,45
21616,45
21617,45
21618,45
21619,45
21620,45
21621,45
21622,45
21623,45
21624,45
21625,45
21626,45
21627,45
21628,45
21629,45
21630,45
21631,45
21632,45
21633,45
21634,45
21635,45
21636,45
21637,45
21638,45
21639,45
21640,44
21641,44
21642,44
21643,44
21644,44
21645,44
21646,44
21647,44
21648,44
21649,44
21650,44
21651,44
21652,44
21653,44
21654,44
21655,44
21656,44
21657,44
21658,44
21659,44
21660,44
21661,44
21662,44
21663,44
21664,44
21665,44
21666,44
21667,44
21668,44
21669,44
21670,44
21671,44
21672,44
21673,44
21674,44
21675,44
21676,44
21677,44
21678,44
21679,44
21680,44
21681,44
21682,44
21683,44
21684,44
21685,44
21686,44
21687,44
21688,44
21689,44
21690,44
21691,44
21692,44
21693,44
21694,44
21695,44
21696,44
21697,44
21698,44
21699,44
21700,44
21701,44
21702,44
21703,44
21704,44
21705,45
21706,45
21707,45
21708,45
21709,45
21710,45
21711,45
21712,45
21713,45
21714,45
21715,45
21716,45
21717,45
21718,45
21719,45
21720,45
21721,45
21722,45
21723,45
21724,45
21725,45
21726,45
21727,45
21728,45
21729,45
21730,45
21731,45
21732,45
21733,45
21734,45
21735,45
21736,45
21737,45
21738,45
21739,45
21740,45
21741,45
21742,45
21743,45
21744,45
21745,45
21746,45
21747,45
21748,45
21749,45
21750,45
21751,44
21752,44
21753,44
21754,44
21755,44
21756,44
21757,44
21758,44
21759,44
21760,44
21761,44
21762,44
21763,44
21764,44
21765,44
21766,44
21767,44
21768,44
21769,44
21770,44
21771,45
21772,45
21773,45
21774,45
21775,45
21776,45
21777,45
21778,45
21779,45
21780,45
21781,45
21782,45
21783,45
21784,45
21785,45
21786,45
21787,45
21788,45
21789,45
21790,45
21791,45
21792,45
21793,45
21794,45
21795,45
21796,45
21797,45
21798,45
21799,45
21800,45
21801,45
21802,45
21803,45
21804,45
21805,45
21806,45
21807,45
21808,45
21809,45
21810,45
21811,45
21812,45
21813,45
21814,45
21815,45
21816,45
21817,45
21818,45
21819,45
21820,45
21821,45
21822,45
21823,45
21824,45
21825,45
21826,45
21827,45
21828,45
21829,45
21830,45
21831,45
21832,45
21833,45
21834,45
21835,45
21836,45
21837,45
21838,45
21839,45
21840,45
21841,45
21842,45
21843,45
21844,45
21845,45
21846,45
21847,45
21848,45
21849,45
21850,45
21851,45
21852,45
21853,45
21854,45
21855,45
21856,45
21857,45
21858,45
21859,45
21860,45
21861,45
21862,45
21863,45
21864,45
21865,45
21866,45
21867,45
21868,45
21869,45
21870,45
21871,45
21872,45
21873,45
21874,45
21875,45
21876,45
21877,45
21878,45
21879,45
21880,45
21881,45
21882,45
21883,45
21884,45
21885,45
21886,45
21887,45
21888,45
21889,45
21890,45
21891,45
21892,45
21893,45
21894,45
21895,45
21896,45
21897,45
21898,45
21899,45
21900,45
21901,45
21902,45
21903,45
21904,44
21905,44
21906,44
21907,44
21908,44
21909,44
21910,44
21911,44
21912,44
21913,44
21914,44
21915,44
21916,44
21917,44
21918,44
21919,44
21920,44
21921,44
21922,44
21923,44
21924,44
21925,44
21926,44
21927,44
21928,44
21929,44
21930,44
21931,44
21932,44
21933,44
21934,44
21935,44
21936,44
21937,44
21938,44
21939,44
21940,44
21941,44
21942,44
21943,44
21944,44
21945,44
21946,44
21947,44
21948,44
21949,44
21950,44
21951,44
21952,44
21953,44
21954,44
21955,44
21956,44
21957,44
21958,44
21959,44
21960,44
21961,44
21962,44
21963,44
21964,44
21965,44
21966,44
21967,44
21968,44
21969,44
21970,44
21971,44
21972,44
21973,44
21974,44
21975,44
21976,44
21977,44
21978,44
21979,44
21980,44
21981,44
21982,44
21983,44
21984,44
21985,44
21986,44
21987,44
21988,44
21989,44
21990,44
21991,44
21992,45
21993,45
21994,45
21995,45
21996,45
21997,45
21998,45
21999,45
22000,45
22001,45
22002,45
22003,45
22004,45
22005,45
22006,45
22007,45
22008,45
22009,45
22010,45
22011,45
22012,45
22013,45
22014,45
22015,45
22016,45
22017,45
22018,45
22019,45
22020,45
22021,45
22022,45
22023,45
22024,45
22025,45
22026,45
22027,45
22028,45
22029,45
22030,45
22031,45
22032,45
22033,45
22034,45
22035,45
22036,45
22037,45
22038,45
22039,45
22040,45
22041,45
22042,44
22043,44
22044,44
22045,44
22046,44
22047,44
22048,44
22049,44
22050,44
22051,44
22052,44
22053,44
22054,44
22055,44
22056,44
22057,44
22058,44
22059,44
22060,44
22061,44
22062,44
22063,44
22064,44
22065,44
22066,44
22067,44
22068,44
22069,44
22070,44
22071,44
22072,44
22073,44
22074,44
22075,44
22076,44
22077,44
22078,44
22079,44
22080,44
22081,44
22082,44
22083,44
22084,44
22085,44
22086,44
22087,44
22088,44
22089,44
22090,44
22091,44
22092,44
22093,44
22094,44
22095,44
22096,44
22097,44
22098,44
22099,44
22100,44
22101,44
22102,44
22103,44
22104,44
22105,44
22106,44
22107,44
22108,44
22109,44
22110,44
22111,44
22112,44
22113,44
22114,44
22115,44
22116,44
22117,44
22118,44
22119,44
22120,44
22121,44
22122,44
22123,44
22124,44
22125,44
22126,44
22127,44
22128,44
22129,44
22130,44
22131,44
22132,44
22133,44
22134,44
22135,44
22136,44
22137,44
22138,44
22139,44
22140,44
22141,44
22142,44
22143,44
22144,44
22145,44
22146,44
22147,44
22148,44
22149,44
22150,44
22151,44
22152,44
22153,44
22154,44
22155,44
22156,44
22157,44
22158,44
22159,44
22160,44
22161,44
22162,44
22163,44
22164,44
22165,44
22166,44
22167,44
22168,44
22169,44
22170,44
22171,44
22172,44
22173,44
22174,44
22175,44
22176,44
22177,44
22178,44
22179,44
22180,44
22181,44
22182,44
22183,44
22184,44
22185,44
22186,44
22187,44
22188,44
22189,44
22190,44
22191,44
22192,44
22193,44
22194,44
22195,44
22196,44
22197,44
22198,44
22199,44
22200,44
22201,44
22202,44
22203,44
22204,44
22205,44
22206,44
22207,44
22208,44
22209,44
22210,44
22211,44
22212,44
22213,44
22214,44
22215,44
22216,44
22217,44
22218,44
22219,44
22220,44
22221,44
22222,44
22223,44
22224,44
22225,44
22226,44
22227,44
22228,44
22229,44
22230,44
22231,44
22232,44
22233,45
22234,45
22235,45
22236,45
22237,45
22238,45
22239,45
22240,45
22241,45
22242,45
22243,45
22244,45
22245,45
22246,45
22247,45
22248,45
22249,45
22250,45
22251,45
22252,45
22253,45
22254,45
22255,45
22256,45
22257,45
22258,45
22259,45
22260,45
22261,45
22262,45
22263,45
22264,45
22265,45
22266,45
22267,45
22268,45
22269,45
22270,45
22271,44
22272,44
22273,44
22274,45
22275,45
22276,44
22277,44
22278,44
22279,44
22280,44
22281,44
22282,44
22283,44
22284,44
22285,44
22286,44
22287,44
22288,44
22289,44
22290,44
22291,44
22292,44
22293,44
22294,44
22295,44
22296,44
22297,44
22298,44
22299,44
22300,44
22301,44
22302,44
22303,44
22304,44
22305,44
22306,44
22307,44
22308,44
22309,44
22310,44
22311,44
22312,44
22313,44
22314,44
22315,44
22316,44
22317,44
22318,44
22319,44
22320,44
22321,44
22322,44
22323,44
22324,44
22325,44
22326,44
22327,44
22328,44
22329,44
22330,44
22331,44
22332,44
22333,44
22334,44
22335,44
22336,44
22337,44
22338,44
22339,44
22340,44
22341,44
22342,44
22343,44
22344,44
22345,44
22346,44
22347,44
22348,44
22349,44
22350,44
22351,44
22352,44
22353,44
22354,44
22355,44
22356,44
22357,44
22358,44
22359,44
22360,44
22361,44
22362,44
22363,44
22364,44
22365,44
22366,44
22367,44
22368,44
22369,44
22370,44
22371,44
22372,44
22373,44
22374,44
22375,44
22376,44
22377,44
22378,44
22379,44
22380,44
22381,44
22382,44
22383,44
22384,44
22385,44
22386,44
22387,44
22388,44
22389,44
22390,44
22391,44
22392,44
22393,44
22394,44
22395,44
22396,44
22397,44
22398,44
22399,44
22400,44
22401,44
22402,44
22403,44
22404,44
22405,44
22406,44
22407,44
22408,44
22409,44
22410,44
22411,44
22412,44
22413,44
22414,44
22415,44
22416,44
22417,44
22418,44
22419,44
22420,44
22421,44
22422,44
22423,44
22424,44
22425,44
22426,44
22427,44
22428,44
22429,44
22430,44
22431,44
22432,44
22433,44
22434,44
22435,44
22436,44
22437,44
22438,44
22439,44
22440,44
22441,44
22442,44
22443,44
22444,44
22445,44
22446,44
22447,44
22448,44
22449,44
22450,44
22451,44
22452,44
22453,44
22454,44
22455,44
22456,44
22457,44
22458,44
22459,44
22460,44
22461,44
22462,44
22463,44
22464,44
22465,44
22466,44
22467,44
22468,44
22469,44
22470,44
22471,44
22472,44
22473,44
22474,44
22475,44
22476,44
22477,44
22478,44
22479,44
22480,44
22481,44
22482,44
22483,44
22484,44
22485,44
22486,44
22487,44
22488,44
22489,44
22490,44
22491,44
22492,44
22493,44
22494,44
22495,44
22496,44
22497,44
22498,44
22499,44
22500,44
22501,44
22502,44
22503,44
22504,44
22505,44
22506,44
22507,44
22508,44
22509,44
22510,44
22511,44
22512,44
22513,44
22514,44
22515,44
22516,44
22517,44
22518,44
22519,44
22520,44
22521,44
22522,44
22523,44
22524,44
22525,44
22526,44
22527,44
22528,44
22529,44
22530,44
22531,44
22532,44
22533,44
22534,44
22535,44
22536,44
22537,44
22538,44
22539,44
22540,44
22541,44
22542,44
22543,44
22544,44
22545,44
22546,44
22547,44
22548,44
22549,44
22550,44
22551,44
22552,44
22553,44
22554,44
22555,44
22556,44
22557,44
22558,44
22559,44
22560,44
22561,44
22562,44
22563,44
22564,44
22565,44
22566,44
22567,44
22568,44
22569,44
22570,44
22571,44
22572,44
22573,44
22574,44
22575,44
22576,44
22577,44
22578,44
22579,44
22580,44
22581,44
22582,44
22583,44
22584,44
22585,44
22586,44
22587,44
22588,44
22589,44
22590,44
22591,44
22592,44
22593,44
22594,44
22595,44
22596,44
22597,44
22598,44
22599,44
22600,44
22601,44
22602,44
22603,44
22604,44
22605,44
22606,44
22607,44
22608,44
22609,44
22610,44
22611,44
22612,44
22613,44
22614,44
22615,44
22616,44
22617,44
22618,44
22619,44
22620,44
22621,44
22622,44
22623,44
22624,44
22625,44
22626,44
22627,44
22628,44
22629,44
22630,44
22631,44
22632,44
22633,44
22634,44
22635,44
22636,44
22637,44
22638,44
22639,44
22640,44
22641,44
22642,44
22643,44
22644,44
22645,44
22646,44
22647,44
22648,44
22649,44
22650,44
22651,44
22652,44
22653,44
22654,44
22655,44
22656,44
22657,44
22658,44
22659,44
22660,44
22661,44
22662,44
22663,44
22664,44
22665,44
22666,44
22667,44
22668,44
22669,44
22670,44
22671,44
22672,44
22673,44
22674,44
22675,44
22676,44
22677,44
22678,44
22679,44
22680,44
22681,44
22682,44
22683,44
22684,44
22685,44
22686,44
22687,44
22688,44
22689,44
22690,44
22691,44
22692,44
22693,44
22694,44
22695,44
22696,44
22697,44
22698,44
22699,44
22700,44
22701,44
22702,44
22703,44
22704,44
22705,44
22706,44
22707,44
22708,44
22709,44
22710,44
22711,44
22712,44
22713,44
22714,44
22715,43
22716,43
22717,43
22718,43
22719,43
22720,43
22721,43
22722,43
22723,43
22724,44
22725,43
22726,44
22727,44
22728,44
22729,44
22730,44
22731,44
22732,44
22733,44
22734,44
22735,44
22736,44
22737,44
22738,44
22739,44
22740,44
22741,44
22742,44
22743,44
22744,44
22745,44
22746,44
22747,44
22748,44
22749,44
22750,44
22751,44
22752,44
22753,44
22754,44
22755,44
22756,44
22757,44
22758,44
22759,44
22760,44
22761,44
22762,44
22763,44
22764,44
22765,44
22766,44
22767,44
22768,44
22769,44
22770,44
22771,44
22772,44
22773,44
22774,44
22775,44
22776,44
22777,44
22778,44
22779,44
22780,44
22781,44
22782,44
22783,44
22784,44
22785,44
22786,44
22787,44
22788,44
22789,44
22790,44
22791,44
22792,44
22793,44
22794,44
22795,44
22796,44
22797,44
22798,44
22799,44
22800,44
22801,44
22802,44
22803,44
22804,44
22805,44
22806,44
22807,44
22808,44
22809,44
22810,44
22811,44
22812,44
22813,44
22814,44
22815,44
22816,44
22817,44
22818,44
22819,44
22820,44
22821,44
22822,44
22823,44
22824,44
22825,44
22826,44
22827,44
22828,44
22829,44
22830,44
22831,44
22832,44
22833,44
22834,44
22835,44
22836,44
22837,44
22838,44
22839,44
22840,44
22841,44
22842,44
22843,44
22844,44
22845,44
22846,44
22847,44
22848,44
22849,44
22850,44
22851,44
22852,44
22853,44
22854,44
22855,44
22856,44
22857,44
22858,44
22859,44
22860,44
22861,44
22862,44
22863,44
22864,44
22865,44
22866,44
22867,44
22868,44
22869,44
22870,44
22871,44
22872,44
22873,44
22874,44
22875,44
22876,44
22877,44
22878,44
22879,44
22880,44
22881,44
22882,44
22883,44
22884,44
22885,44
22886,44
22887,44
22888,44
22889,44
22890,44
22891,44
22892,44
22893,44
22894,44
22895,44
22896,44
22897,44
22898,44
22899,44
22900,44
22901,44
22902,44
22903,44
22904,44
22905,44
22906,44
22907,44
22908,45
22909,45
22910,45
22911,45
22912,45
22913,45
22914,45
22915,45
22916,45
22917,45
22918,45
22919,45
22920,45
22921,45
22922,45
22923,45
22924,45
22925,45
22926,45
22927,45
22928,45
22929,45
22930,45
22931,45
22932,45
22933,45
22934,45
22935,44
22936,44
22937,44
22938,44
22939,44
22940,44
22941,44
22942,44
22943,44
22944,44
22945,44
22946,44
22947,44
22948,44
22949,44
22950,44
22951,44
22952,44
22953,44
22954,44
22955,44
22956,44
22957,44
22958,44
22959,44
22960,44
22961,44
22962,44
22963,44
22964,44
22965,44
22966,44
22967,44
22968,44
22969,44
22970,44
22971,44
22972,44
22973,44
22974,44
22975,44
22976,44
22977,44
22978,44
22979,44
22980,44
22981,44
22982,44
22983,44
22984,44
22985,44
22986,44
22987,44
22988,44
22989,44
22990,44
22991,44
22992,44
22993,44
22994,44
22995,44
22996,44
22997,44
22998,44
22999,44
23000,44
23001,44
23002,44
23003,44
23004,44
23005,44
23006,44
23007,44
23008,44
23009,44
23010,44
23011,44
23012,44
23013,44
23014,44
23015,44
23016,44
23017,44
23018,44
23019,44
23020,44
23021,44
23022,44
23023,44
23024,44
23025,44
23026,44
23027,44
23028,44
23029,44
23030,44
23031,44
23032,44
23033,44
23034,44
23035,44
23036,44
23037,44
23038,44
23039,44
23040,44
23041,44
23042,44
23043,44
23044,44
23045,44
23046,44
23047,44
23048,44
23049,44
23050,44
23051,44
23052,44
23053,44
23054,44
23055,44
23056,44
23057,44
23058,44
23059,44
23060,44
23061,44
23062,44
23063,44
23064,44
23065,44
23066,44
23067,44
23068,44
23069,44
23070,44
23071,44
23072,44
23073,44
23074,44
23075,44
23076,44
23077,44
23078,44
23079,44
23080,44
23081,44
23082,44
23083,44
23084,44
23085,44
23086,44
23087,44
23088,44
23089,44
23090,44
23091,44
23092,44
23093,44
23094,44
23095,44
23096,44
23097,44
23098,44
23099,44
23100,44
23101,44
23102,44
23103,44
23104,44
23105,44
23106,44
23107,44
23108,44
23109,44
23110,44
23111,44
23112,44
23113,44
23114,44
23115,44
23116,44
23117,44
23118,44
23119,44
23120,44
23121,44
23122,44
23123,44
23124,44
23125,44
23126,44
23127,44
23128,44
23129,44
23130,44
23131,44
23132,44
23133,44
23134,44
23135,44
23136,44
23137,44
23138,44
23139,44
23140,44
23141,44
23142,44
23143,44
23144,44
23145,44
23146,44
23147,44
23148,44
23149,44
23150,44
23151,44
23152,44
23153,44
23154,44
23155,44
23156,44
23157,44
23158,44
23159,44
23160,44
23161,44
23162,44
23163,44
23164,44
23165,44
23166,44
23167,44
23168,44
23169,44
23170,44
23171,44
23172,44
23173,44
23174,44
23175,44
23176,44
23177,44
23178,44
23179,44
23180,44
23181,44
23182,44
23183,44
23184,44
23185,44
23186,44
23187,44
23188,44
23189,44
23190,44
23191,44
23192,44
23193,44
23194,44
23195,44
23196,44
23197,44
23198,44
23199,44
23200,44
23201,44
23202,44
23203,44
23204,44
23205,44
23206,44
23207,44
23208,44
23209,44
23210,44
23211,44
23212,44
23213,44
23214,44
23215,44
23216,44
23217,44
23218,44
23219,44
23220,44
23221,44
23222,44
23223,44
23224,44
23225,44
23226,44
23227,44
23228,44
23229,44
23230,44
23231,44
23232,44
23233,44
23234,44
23235,44
23236,44
23237,44
23238,44
23239,44
23240,44
23241,44
23242,44
23243,44
23244,44
23245,44
23246,44
23247,44
23248,44
23249,44
23250,44
23251,44
23252,44
23253,44
23254,44
23255,44
23256,44
23257,44
23258,44
23259,44
23260,44
23261,44
23262,44
23263,44
23264,44
23265,44
23266,44
23267,44
23268,44
23269,44
23270,44
23271,44
23272,44
23273,44
23274,44
23275,44
23276,44
23277,44
23278,44
23279,44
23280,44
23281,44
23282,44
23283,44
23284,44
23285,44
23286,44
23287,44
23288,44
23289,44
23290,44
23291,44
23292,44
23293,44
23294,44
23295,44
23296,44
23297,44
23298,44
23299,44
23300,44
23301,44
23302,44
23303,44
23304,44
23305,44
23306,44
23307,44
23308,44
23309,44
23310,44
23311,44
23312,44
23313,44
23314,44
23315,44
23316,44
23317,44
23318,44
23319,44
23320,44
23321,44
23322,44
23323,44
23324,44
23325,44
23326,44
23327,44
23328,44
23329,44
23330,44
23331,44
23332,44
23333,44
23334,44
23335,44
23336,44
23337,44
23338,44
23339,44
23340,44
23341,44
23342,44
23343,44
23344,44
23345,44
23346,44
23347,44
23348,44
23349,44
23350,44
23351,44
23352,44
23353,44
23354,44
23355,44
23356,44
23357,44
23358,44
23359,44
23360,44
23361,44
23362,44
23363,44
23364,44
23365,44
23366,44
23367,44
23368,44
23369,44
23370,44
23371,44
23372,44
23373,44
23374,44
23375,44
23376,44
23377,44
23378,44
23379,44
23380,44
23381,44
23382,44
23383,44
23384,44
23385,44
23386,44
23387,44
23388,44
23389,44
23390,44
23391,44
23392,44
23393,44
23394,44
23395,44
23396,44
23397,44
23398,44
23399,44
23400,44
23401,44
23402,44
23403,44
23404,44
23405,44
23406,44
23407,44
23408,44
23409,44
23410,44
23411,44
23412,44
23413,44
23414,44
23415,44
23416,44
23417,44
23418,44
23419,44
23420,44
23421,44
23422,44
23423,44
23424,44
23425,44
23426,44
23427,44
23428,44
23429,44
23430,44
23431,44
23432,44
23433,44
23434,44
23435,44
23436,44
23437,44
23438,44
23439,44
23440,44
23441,44
23442,44
23443,44
23444,44
23445,44
23446,44
23447,44
23448,44
23449,44
23450,44
23451,44
23452,44
23453,44
23454,44
23455,44
23456,44
23457,44
23458,44
23459,44
23460,44
23461,44
23462,44
23463,44
23464,44
23465,44
23466,44
23467,44
23468,44
23469,44
23470,44
23471,44
23472,44
23473,44
23474,44
23475,44
23476,44
23477,44
23478,44
23479,44
23480,44
23481,44
23482,44
23483,44
23484,44
23485,44
23486,44
23487,44
23488,44
23489,44
23490,44
23491,44
23492,44
23493,44
23494,44
23495,44
23496,44
23497,44
23498,44
23499,44
23500,44
23501,44
23502,44
23503,44
23504,44
23505,44
23506,44
23507,44
23508,44
23509,44
23510,44
23511,44
23512,44
23513,44
23514,44
23515,44
23516,44
23517,44
23518,44
23519,44
23520,44
23521,44
23522,44
23523,44
23524,44
23525,44
23526,44
23527,44
23528,44
23529,44
23530,44
23531,44
23532,44
23533,44
23534,44
23535,44
23536,44
23537,44
23538,44
23539,44
23540,44
23541,44
23542,44
23543,44
23544,44
23545,44
23546,44
23547,44
23548,44
23549,44
23550,44
23551,44
23552,44
23553,44
23554,44
23555,44
23556,44
23557,44
23558,44
23559,44
23560,44
23561,44
23562,44
23563,44
23564,44
23565,44
23566,44
23567,44
23568,44
23569,44
23570,44
23571,44
23572,44
23573,44
23574,44
23575,44
23576,44
23577,44
23578,44
23579,44
23580,44
23581,44
23582,44
23583,44
23584,44
23585,44
23586,44
23587,44
23588,44
23589,44
23590,44
23591,44
23592,44
23593,44
23594,44
23595,44
23596,44
23597,44
23598,44
23599,44
23600,44
23601,44
23602,44
23603,44
23604,44
23605,44
23606,44
23607,44
23608,44
23609,44
23610,43
23611,43
23612,43
23613,43
23614,43
23615,43
23616,43
23617,43
23618,43
23619,43
23620,43
23621,43
23622,43
23623,43
23624,43
23625,43
23626,43
23627,43
23628,43
23629,43
23630,43
23631,43
23632,43
23633,43
23634,43
23635,43
23636,43
23637,43
23638,43
23639,43
23640,43
23641,43
23642,43
23643,43
23644,43
23645,43
23646,43
23647,43
23648,43
23649,43
23650,43
23651,43
23652,43
23653,43
23654,43
23655,43
23656,43
23657,43
23658,43
23659,43
23660,43
23661,43
23662,43
23663,43
23664,43
23665,43
23666,43
23667,43
23668,43
23669,43
23670,43
23671,43
23672,43
23673,43
23674,43
23675,43
23676,43
23677,43
23678,43
23679,43
23680,43
23681,43
23682,43
23683,43
23684,43
23685,43
23686,43
23687,43
23688,43
23689,43
23690,43
23691,43
23692,43
23693,43
23694,43
23695,43
23696,43
23697,43
23698,43
23699,43
23700,43
23701,43
23702,43
23703,43
23704,43
23705,43
23706,43
23707,43
23708,43
23709,43
23710,43
23711,43
23712,43
23713,43
23714,43
23715,43
23716,43
23717,44
23718,44
23719,44
23720,44
23721,44
23722,44
23723,44
23724,44
23725,44
23726,44
23727,44
23728,44
23729,44
23730,44
23731,44
23732,44
23733,44
23734,44
23735,44
23736,44
23737,44
23738,44
23739,44
23740,44
23741,44
23742,44
23743,44
23744,44
23745,44
23746,44
23747,44
23748,44
23749,44
23750,44
23751,44
23752,44
23753,44
23754,44
23755,44
23756,44
23757,44
23758,44
23759,44
23760,44
23761,44
23762,44
23763,44
23764,44
23765,44
23766,44
23767,44
23768,44
23769,44
23770,44
23771,44
23772,44
23773,44
23774,44
23775,44
23776,44
23777,44
23778,44
23779,44
23780,44
23781,44
23782,44
23783,44
23784,44
23785,44
23786,44
23787,44
23788,44
23789,44
23790,44
23791,44
23792,44
23793,44
23794,44
23795,44
23796,44
23797,44
23798,44
23799,44
23800,44
23801,44
23802,43
23803,43
23804,43
23805,43
23806,43
23807,43
23808,43
23809,43
23810,43
23811,43
23812,43
23813,44
23814,44
23815,44
23816,44
23817,43
23818,43
23819,44
23820,44
23821,44
23822,43
23823,43
23824,43
23825,43
23826,43
23827,43
23828,43
23829,43
23830,43
23831,43
23832,43
23833,43
23834,44
23835,44
23836,44
23837,44
23838,44
23839,44
23840,44
23841,44
23842,44
23843,44
23844,44
23845,44
23846,44
23847,44
23848,44
23849,44
23850,44
23851,44
23852,44
23853,44
23854,44
23855,44
23856,44
23857,44
23858,44
23859,44
23860,44
23861,44
23862,44
23863,44
23864,44
23865,44
23866,44
23867,44
23868,44
23869,44
23870,44
23871,44
23872,44
23873,44
23874,44
23875,44
23876,44
23877,44
23878,44
23879,44
23880,44
23881,44
23882,44
23883,44
23884,44
23885,44
23886,44
23887,44
23888,44
23889,44
23890,44
23891,44
23892,44
23893,44
23894,44
23895,44
23896,44
23897,44
23898,44
23899,44
23900,44
23901,44
23902,44
23903,44
23904,44
23905,44
23906,44
23907,44
23908,44
23909,44
23910,44
23911,44
23912,44
23913,44
23914,44
23915,44
23916,44
23917,44
23918,44
23919,44
23920,44
23921,44
23922,44
23923,44
23924,44
23925,44
23926,44
23927,44
23928,44
23929,44
23930,44
23931,44
23932,44
23933,44
23934,44
23935,44
23936,44
23937,44
23938,44
23939,44
23940,44
23941,44
23942,44
23943,44
23944,44
23945,44
23946,44
23947,44
23948,44
23949,44
23950,44
23951,44
23952,44
23953,44
23954,44
23955,44
23956,44
23957,44
23958,44
23959,44
23960,44
23961,44
23962,44
23963,44
23964,44
23965,44
23966,44
23967,44
23968,44
23969,44
23970,44
23971,44
23972,44
23973,44
23974,44
23975,44
23976,44
23977,44
23978,43
23979,43
23980,43
23981,43
23982,43
23983,43
23984,43
23985,43
23986,43
23987,43
23988,43
23989,43
23990,43
23991,43
23992,43
23993,43
23994,43
23995,43
23996,43
23997,43
23998,43
23999,43
24000,44
24001,44
24002,44
24003,44
24004,44
24005,44
24006,44
24007,44
24008,44
24009,44
24010,44
24011,44
24012,44
24013,44
24014,44
24015,44
24016,44
24017,44
24018,44
24019,44
24020,44
24021,44
24022,44
24023,44
24024,44
24025,44
24026,44
24027,44
24028,44
24029,44
24030,44
24031,44
24032,44
24033,44
24034,44
24035,44
24036,44
24037,44
24038,44
24039,44
24040,44
24041,44
24042,44
24043,44
24044,44
24045,44
24046,44
24047,44
24048,44
24049,44
24050,44
24051,44
24052,44
24053,44
24054,44
24055,44
24056,44
24057,44
24058,44
24059,44
24060,44
24061,44
24062,44
24063,44
24064,44
24065,44
24066,44
24067,44
24068,44
24069,44
24070,44
24071,44
24072,44
24073,44
24074,44
24075,44
24076,44
24077,44
24078,44
24079,44
24080,44
24081,44
24082,44
24083,44
24084,44
24085,44
24086,44
24087,44
24088,44
24089,44
24090,44
24091,44
24092,44
24093,44
24094,44
24095,44
24096,44
24097,44
24098,44
24099,44
24100,44
24101,44
24102,44
24103,44
24104,44
24105,44
24106,44
24107,44
24108,44
24109,44
24110,44
24111,44
24112,44
24113,44
24114,44
24115,44
24116,44
24117,44
24118,44
24119,44
24120,44
24121,44
24122,44
24123,44
24124,44
24125,44
24126,44
24127,44
24128,44
24129,44
24130,44
24131,44
24132,44
24133,44
24134,44
24135,44
24136,44
24137,44
24138,44
24139,44
24140,44
24141,44
24142,44
24143,44
24144,44
24145,44
24146,44
24147,44
24148,45
24149,45
24150,45
24151,45
24152,44
24153,44
24154,44
24155,44
24156,44
24157,44
24158,44
24159,44
24160,44
24161,44
24162,44
24163,44
24164,44
24165,44
24166,44
24167,44
24168,44
24169,44
24170,44
24171,44
24172,44
24173,44
24174,44
24175,44
24176,44
24177,44
24178,44
24179,44
24180,44
24181,44
24182,44
24183,44
24184,44
24185,44
24186,44
24187,44
24188,44
24189,44
24190,44
24191,44
24192,44
24193,44
24194,44
24195,44
24196,44
24197,44
24198,44
24199,44
24200,44
24201,44
24202,44
24203,44
24204,44
24205,44
24206,44
24207,44
24208,44
24209,44
24210,44
24211,44
24212,44
24213,44
24214,44
24215,44
24216,44
24217,44
24218,44
24219,44
24220,44
24221,44
24222,44
24223,44
24224,44
24225,44
24226,44
24227,44
24228,44
24229,44
24230,44
24231,44
24232,44
24233,44
24234,44
24235,44
24236,44
24237,44
24238,44
24239,44
24240,44
24241,44
24242,44
24243,44
24244,44
24245,44
24246,44
24247,44
24248,44
24249,44
24250,44
24251,44
24252,44
24253,44
24254,44
24255,44
24256,44
24257,44
24258,44
24259,44
24260,44
24261,44
24262,44
24263,44
24264,44
24265,44
24266,44
24267,44
24268,44
24269,44
24270,44
24271,44
24272,44
24273,44
24274,44
24275,44
24276,44
24277,44
24278,44
24279,44
24280,44
24281,44
24282,44
24283,44
24284,44
24285,44
24286,44
24287,44
24288,44
24289,44
24290,44
24291,44
24292,44
24293,44
24294,44
24295,44
24296,44
24297,44
24298,44
24299,44
24300,44
24301,44
24302,44
24303,44
24304,44
24305,44
24306,44
24307,44
24308,44
24309,44
24310,44
24311,44
24312,44
24313,44
24314,44
24315,44
24316,44
24317,44
24318,44
24319,44
24320,44
24321,44
24322,44
24323,44
24324,44
24325,44
24326,44
24327,44
24328,44
24329,44
24330,44
24331,44
24332,44
24333,44
24334,44
24335,44
24336,44
24337,44
24338,44
24339,44
24340,44
24341,44
24342,44
24343,44
24344,44
24345,44
24346,44
24347,44
24348,44
24349,44
24350,44
24351,44
24352,44
24353,44
24354,44
24355,44
24356,44
24357,44
24358,44
24359,44
24360,44
24361,44
24362,44
24363,44
24364,44
24365,44
24366,44
24367,44
24368,44
24369,44
24370,44
24371,44
24372,44
24373,44
24374,44
24375,44
24376,44
24377,44
24378,44
24379,44
24380,43
24381,44
24382,43
24383,43
24384,43
24385,43
24386,43
24387,43
24388,43
24389,43
24390,43
24391,43
24392,43
24393,43
24394,43
24395,43
24396,43
24397,43
24398,43
24399,43
24400,43
24401,43
24402,43
24403,43
24404,43
24405,43
24406,43
24407,43
24408,43
24409,43
24410,43
24411,43
24412,43
24413,43
24414,43
24415,43
24416,43
24417,43
24418,43
24419,43
24420,43
24421,43
24422,43
24423,43
24424,43
24425,43
24426,43
24427,43
24428,43
24429,43
24430,43
24431,43
24432,43
24433,43
24434,44
24435,43
24436,43
24437,43
24438,44
24439,44
24440,44
24441,44
24442,44
24443,44
24444,44
24445,44
24446,44
24447,44
24448,44
24449,44
24450,44
24451,44
24452,44
24453,44
24454,44
24455,44
24456,44
24457,44
24458,44
24459,44
24460,44
24461,44
24462,44
24463,44
24464,44
24465,44
24466,44
24467,44
24468,44
24469,44
24470,44
24471,44
24472,44
24473,44
24474,44
24475,44
24476,44
24477,44
24478,44
24479,44
24480,44
24481,44
24482,44
24483,44
24484,44
24485,44
24486,44
24487,44
24488,44
24489,44
24490,44
24491,44
24492,44
24493,44
24494,44
24495,44
24496,44
24497,44
24498,44
24499,44
24500,44
24501,44
24502,44
24503,44
24504,44
24505,44
24506,44
24507,44
24508,44
24509,44
24510,44
24511,44
24512,44
24513,44
24514,44
24515,44
24516,44
24517,44
24518,44
24519,44
24520,44
24521,44
24522,44
24523,44
24524,44
24525,44
24526,44
24527,44
24528,44
24529,44
24530,44
24531,44
24532,44
24533,44
24534,44
24535,44
24536,44
24537,44
24538,44
24539,44
24540,44
24541,44
24542,44
24543,44
24544,44
24545,44
24546,43
24547,43
24548,43
24549,43
24550,43
24551,43
24552,43
24553,43
24554,43
24555,43
24556,43
24557,43
24558,43
24559,43
24560,43
24561,43
24562,43
24563,43
24564,43
24565,43
24566,43
24567,43
24568,43
24569,43
24570,44
24571,43
24572,43
24573,43
24574,44
24575,44
24576,44
24577,44
24578,44
24579,43
24580,44
24581,44
24582,44
24583,44
24584,44
24585,44
24586,44
24587,44
24588,44
24589,44
24590,44
24591,44
24592,44
24593,44
24594,44
24595,44
24596,44
24597,44
24598,44
24599,44
24600,44
24601,44
24602,44
24603,44
24604,44
24605,44
24606,44
24607,44
24608,44
24609,44
24610,44
24611,44
24612,44
24613,44
24614,44
24615,44
24616,44
24617,44
24618,44
24619,44
24620,44
24621,44
24622,44
24623,44
24624,44
24625,44
24626,44
24627,44
24628,44
24629,44
24630,44
24631,44
24632,44
24633,44
24634,44
24635,44
24636,44
24637,44
24638,44
24639,44
24640,44
24641,44
24642,44
24643,44
24644,44
24645,44
24646,44
24647,44
24648,44
24649,44
24650,44
24651,44
24652,44
24653,44
24654,44
24655,44
24656,44
24657,44
24658,44
24659,44
24660,44
24661,44
24662,44
24663,44
24664,44
24665,44
24666,44
24667,44
24668,44
24669,44
24670,44
24671,44
24672,44
24673,44
24674,44
24675,44
24676,44
24677,44
24678,44
24679,44
24680,44
24681,44
24682,44
24683,44
24684,44
24685,44
24686,44
24687,44
24688,44
24689,44
24690,44
24691,44
24692,44
24693,44
24694,44
24695,44
24696,44
24697,44
24698,44
24699,44
24700,44
24701,44
24702,44
24703,44
24704,44
24705,44
24706,44
24707,44
24708,44
24709,44
24710,44
24711,44
24712,44
24713,44
24714,44
24715,44
24716,44
24717,44
24718,44
24719,44
24720,44
24721,44
24722,44
24723,44
24724,44
24725,44
24726,44
24727,44
24728,44
24729,44
24730,44
24731,44
24732,44
24733,44
24734,44
24735,44
24736,44
24737,44
24738,44
24739,44
24740,44
24741,44
24742,44
24743,44
24744,44
24745,44
24746,44
24747,44
24748,44
24749,44
24750,44
24751,44
24752,44
24753,44
24754,44
24755,44
24756,44
24757,44
24758,44
24759,44
24760,44
24761,44
24762,44
24763,44
24764,44
24765,44
24766,44
24767,44
24768,44
24769,44
24770,44
24771,44
24772,44
24773,44
24774,44
24775,44
24776,44
24777,44
24778,44
24779,44
24780,44
24781,44
24782,44
24783,44
24784,44
24785,44
24786,44
24787,44
24788,44
24789,44
24790,44
24791,44
24792,44
24793,44
24794,44
24795,44
24796,44
24797,44
24798,44
24799,44
24800,44
24801,44
24802,44
24803,44
24804,44
24805,44
24806,44
24807,44
24808,44
24809,44
24810,44
24811,44
24812,44
24813,44
24814,44
24815,44
24816,44
24817,44
24818,44
24819,44
24820,44
24821,44
24822,44
24823,44
24824,44
24825,44
24826,44
24827,44
24828,44
24829,44
24830,44
24831,44
24832,44
24833,44
24834,44
24835,44
24836,44
24837,44
24838,44
24839,44
24840,44
24841,44
24842,44
24843,44
24844,44
24845,44
24846,44
24847,44
24848,44
24849,44
24850,44
24851,44
24852,44
24853,44
24854,44
24855,44
24856,44
24857,44
24858,44
24859,44
24860,44
24861,44
24862,44
24863,44
24864,44
24865,44
24866,44
24867,44
24868,44
24869,44
24870,44
24871,44
24872,44
24873,44
24874,44
24875,44
24876,44
24877,44
24878,44
24879,44
24880,44
24881,44
24882,44
24883,44
24884,44
24885,44
24886,44
24887,44
24888,44
24889,44
24890,44
24891,44
24892,44
24893,44
24894,44
24895,44
24896,44
24897,44
24898,44
24899,44
24900,44
24901,44
24902,44
24903,44
24904,44
24905,44
24906,44
24907,44
24908,44
24909,44
24910,44
24911,44
24912,44
24913,44
24914,44
24915,44
24916,44
24917,44
24918,44
24919,44
24920,44
24921,44
24922,44
24923,44
24924,44
24925,44
24926,44
24927,44
24928,44
24929,44
24930,44
24931,44
24932,44
24933,44
24934,44
24935,44
24936,44
24937,44
24938,44
24939,44
24940,44
24941,44
24942,44
24943,44
24944,44
24945,44
24946,44
24947,44
24948,44
24949,44
24950,44
24951,44
24952,44
24953,44
24954,44
24955,44
24956,44
24957,44
24958,44
24959,44
24960,44
24961,44
24962,44
24963,44
24964,44
24965,44
24966,44
24967,44
24968,44
24969,44
24970,44
24971,44
24972,44
24973,44
24974,44
24975,44
24976,44
24977,44
24978,44
24979,44
24980,44
24981,44
24982,44
24983,44
24984,44
24985,44
24986,44
24987,44
24988,44
24989,44
24990,44
24991,44
24992,44
24993,44
24994,44
24995,44
24996,44
24997,44
24998,44
24999,44
25000,44
25001,44
25002,44
25003,44
25004,44
25005,44
25006,44
25007,44
25008,44
25009,44
25010,44
25011,44
25012,44
25013,44
25014,44
25015,44
25016,44
25017,44
25018,44
25019,44
25020,44
25021,44
25022,44
25023,44
25024,44
25025,44
25026,44
25027,44
25028,44
25029,44
25030,44
25031,44
25032,44
25033,44
25034,44
25035,44
25036,44
25037,44
25038,44
25039,44
25040,44
25041,44
25042,44
25043,44
25044,44
25045,44
25046,44
25047,44
25048,44
25049,44
25050,44
25051,44
25052,44
25053,44
25054,44
25055,44
25056,44
25057,44
25058,44
25059,44
25060,44
25061,44
25062,44
25063,44
25064,44
25065,44
25066,44
25067,44
25068,44
25069,44
25070,44
25071,44
25072,44
25073,44
25074,44
25075,44
25076,44
25077,44
25078,44
25079,44
25080,44
25081,44
25082,44
25083,44
25084,44
25085,44
25086,44
25087,44
25088,44
25089,44
25090,44
25091,44
25092,44
25093,44
25094,44
25095,44
25096,44
25097,44
25098,44
25099,44
25100,44
25101,44
25102,44
25103,44
25104,44
25105,44
25106,44
25107,44
25108,44
25109,44
25110,44
25111,44
25112,44
25113,44
25114,44
25115,44
25116,44
25117,44
25118,44
25119,44
25120,44
25121,44
25122,44
25123,44
25124,44
25125,44
25126,44
25127,44
25128,44
25129,44
25130,44
25131,44
25132,44
25133,44
25134,44
25135,44
25136,44
25137,44
25138,44
25139,44
25140,44
25141,44
25142,44
25143,44
25144,44
25145,44
25146,44
25147,44
25148,44
25149,44
25150,44
25151,44
25152,44
25153,44
25154,44
25155,44
25156,44
25157,44
25158,44
25159,44
25160,44
25161,44
25162,44
25163,44
25164,44
25165,44
25166,44
25167,44
25168,44
25169,44
25170,44
25171,44
25172,44
25173,44
25174,44
25175,44
25176,44
25177,44
25178,44
25179,44
25180,44
25181,44
25182,44
25183,44
25184,44
25185,44
25186,44
25187,44
25188,44
25189,44
25190,44
25191,44
25192,44
25193,44
25194,44
25195,44
25196,44
25197,44
25198,44
25199,44
25200,44
25201,44
25202,44
25203,44
25204,44
25205,44
25206,44
25207,44
25208,44
25209,44
25210,44
25211,44
25212,44
25213,44
25214,43
25215,43
25216,43
25217,43
25218,43
25219,43
25220,43
25221,43
25222,43
25223,43
25224,43
25225,43
25226,43
25227,43
25228,43
25229,43
25230,43
25231,43
25232,43
25233,43
25234,43
25235,43
25236,43
25237,43
25238,43
25239,43
25240,43
25241,43
25242,43
25243,43
25244,43
25245,43
25246,43
25247,43
25248,43
25249,43
25250,43
25251,43
25252,43
25253,43
25254,43
25255,43
25256,43
25257,43
25258,44
25259,44
25260,44
25261,44
25262,44
25263,44
25264,44
25265,44
25266,44
25267,44
25268,44
25269,44
25270,44
25271,44
25272,44
25273,44
25274,44
25275,44
25276,44
25277,44
25278,44
25279,44
25280,44
25281,44
25282,44
25283,44
25284,44
25285,44
25286,44
25287,44
25288,44
25289,44
25290,44
25291,44
25292,44
25293,44
25294,44
25295,44
25296,44
25297,44
25298,44
25299,44
25300,44
25301,44
25302,44
25303,44
25304,44
25305,44
25306,44
25307,44
25308,44
25309,44
25310,44
25311,44
25312,44
25313,44
25314,44
25315,44
25316,44
25317,44
25318,44
25319,44
25320,44
25321,44
25322,44
25323,44
25324,44
25325,44
25326,44
25327,44
25328,44
25329,44
25330,44
25331,44
25332,44
25333,44
25334,44
25335,44
25336,44
25337,44
25338,44
25339,44
25340,44
25341,44
25342,44
25343,44
25344,44
25345,44
25346,44
25347,44
25348,44
25349,44
25350,44
25351,44
25352,44
25353,44
25354,44
25355,44
25356,44
25357,44
25358,44
25359,44
25360,44
25361,44
25362,44
25363,44
25364,44
25365,44
25366,44
25367,44
25368,44
25369,44
25370,44
25371,44
25372,44
25373,44
25374,44
25375,44
25376,44
25377,44
25378,44
25379,44
25380,44
25381,44
25382,44
25383,44
25384,44
25385,44
25386,44
25387,44
25388,44
25389,44
25390,44
25391,44
25392,44
25393,44
25394,44
25395,44
25396,44
25397,44
25398,44
25399,44
25400,44
25401,44
25402,44
25403,44
25404,44
25405,44
25406,44
25407,44
25408,44
25409,44
25410,44
25411,44
25412,44
25413,44
25414,44
25415,44
25416,44
25417,44
25418,44
25419,44
25420,44
25421,44
25422,44
25423,44
25424,44
25425,44
25426,44
25427,44
25428,44
25429,44
25430,44
25431,44
25432,44
25433,44
25434,44
25435,44
25436,44
25437,44
25438,44
25439,44
25440,44
25441,44
25442,44
25443,44
25444,44
25445,44
25446,44
25447,44
25448,44
25449,44
25450,44
25451,44
25452,44
25453,44
25454,44
25455,44
25456,44
25457,44
25458,44
25459,44
25460,44
25461,44
25462,44
25463,44
25464,44
25465,44
25466,44
25467,44
25468,44
25469,44
25470,44
25471,44
25472,44
25473,44
25474,44
25475,44
25476,44
25477,44
25478,44
25479,44
25480,44
25481,44
25482,44
25483,44
25484,44
25485,44
25486,44
25487,44
25488,44
25489,44
25490,44
25491,44
25492,44
25493,44
25494,44
25495,44
25496,44
25497,44
25498,44
25499,44
25500,44
25501,44
25502,44
25503,44
25504,44
25505,44
25506,44
25507,44
25508,44
25509,44
25510,44
25511,44
25512,44
25513,44
25514,44
25515,44
25516,44
25517,44
25518,44
25519,44
25520,44
25521,44
25522,44
25523,44
25524,44
25525,44
25526,44
25527,44
25528,44
25529,44
25530,44
25531,44
25532,44
25533,44
25534,44
25535,44
25536,44
25537,44
25538,44
25539,44
25540,44
25541,44
25542,44
25543,44
25544,44
25545,44
25546,44
25547,44
25548,44
25549,44
25550,44
25551,44
25552,44
25553,44
25554,44
25555,44
25556,44
25557,44
25558,44
25559,44
25560,44
25561,44
25562,44
25563,44
25564,44
25565,44
25566,44
25567,44
25568,44
25569,44
25570,44
25571,44
25572,44
25573,44
25574,44
25575,44
25576,44
25577,44
25578,44
25579,44
25580,44
25581,44
25582,44
25583,44
25584,44
25585,44
25586,44
25587,44
25588,44
25589,44
25590,44
25591,44
25592,44
25593,44
25594,44
25595,44
25596,44
25597,44
25598,44
25599,44
25600,44
25601,44
25602,44
25603,44
25604,44
25605,44
25606,44
25607,44
25608,44
25609,44
25610,44
25611,44
25612,44
25613,44
25614,44
25615,44
25616,44
25617,44
25618,44
25619,44
25620,44
25621,44
25622,44
25623,44
25624,44
25625,44
25626,44
25627,44
25628,44
25629,44
25630,44
25631,44
25632,44
25633,44
25634,44
25635,44
25636,44
25637,44
25638,44
25639,44
25640,44
25641,44
25642,44
25643,44
25644,44
25645,44
25646,44
25647,44
25648,44
25649,44
25650,44
25651,44
25652,44
25653,44
25654,44
25655,44
25656,44
25657,44
25658,44
25659,44
25660,44
25661,44
25662,44
25663,44
25664,44
25665,44
25666,44
25667,44
25668,44
25669,44
25670,44
25671,44
25672,44
25673,44
25674,44
25675,44
25676,44
25677,44
25678,44
25679,44
25680,44
25681,44
25682,44
25683,44
25684,44
25685,44
25686,44
25687,44
25688,44
25689,44
25690,44
25691,44
25692,44
25693,44
25694,44
25695,44
25696,44
25697,44
25698,44
25699,44
25700,44
25701,44
25702,44
25703,44
25704,44
25705,44
25706,44
25707,44
25708,44
25709,44
25710,44
25711,44
25712,44
25713,44
25714,44
25715,44
25716,44
25717,44
25718,44
25719,44
25720,44
25721,44
25722,44
25723,44
25724,44
25725,44
25726,44
25727,44
25728,44
25729,44
25730,44
25731,44
25732,44
25733,44
25734,44
25735,44
25736,44
25737,44
25738,44
25739,44
25740,44
25741,44
25742,44
25743,44
25744,44
25745,44
25746,44
25747,44
25748,44
25749,44
25750,44
25751,44
25752,44
25753,44
25754,44
25755,44
25756,44
25757,44
25758,44
25759,44
25760,44
25761,44
25762,44
25763,44
25764,44
25765,44
25766,44
25767,44
25768,44
25769,44
25770,44
25771,44
25772,44
25773,44
25774,44
25775,44
25776,44
25777,44
25778,44
25779,44
25780,44
25781,44
25782,44
25783,44
25784,44
25785,44
25786,44
25787,44
25788,44
25789,44
25790,44
25791,44
25792,44
25793,44
25794,44
25795,44
25796,44
25797,44
25798,44
25799,44
25800,44
25801,44
25802,44
25803,44
25804,44
25805,44
25806,44
25807,44
25808,44
25809,44
25810,44
25811,44
25812,44
25813,45
25814,45
25815,45
25816,45
25817,45
25818,45
25819,45
25820,45
25821,45
25822,45
25823,45
25824,45
25825,45
25826,45
25827,45
25828,45
25829,45
25830,45
25831,45
25832,45
25833,45
25834,45
25835,45
25836,45
25837,45
25838,45
25839,45
25840,45
25841,44
25842,44
25843,44
25844,44
25845,44
25846,44
25847,44
25848,44
25849,44
25850,44
25851,44
25852,44
25853,44
25854,44
25855,44
25856,44
25857,44
25858,44
25859,44
25860,44
25861,44
25862,44
25863,44
25864,44
25865,44
25866,44
25867,44
25868,44
25869,44
25870,44
25871,44
25872,44
25873,44
25874,44
25875,44
25876,44
25877,44
25878,44
25879,44
25880,44
25881,44
25882,44
25883,44
25884,44
25885,44
25886,44
25887,44
25888,44
25889,44
25890,44
25891,44
25892,44
25893,44
25894,44
25895,44
25896,44
25897,44
25898,44
25899,44
25900,44
25901,44
25902,44
25903,44
25904,44
25905,44
25906,44
25907,44
25908,44
25909,44
25910,44
25911,44
25912,44
25913,44
25914,44
25915,44
25916,44
25917,44
25918,44
25919,44
25920,44
25921,44
25922,44
25923,44
25924,44
25925,44
25926,44
25927,44
25928,44
25929,44
25930,44
25931,44
25932,44
25933,44
25934,44
25935,44
25936,44
25937,44
25938,44
25939,44
25940,44
25941,44
25942,44
25943,44
25944,44
25945,44
25946,44
25947,44
25948,44
25949,44
25950,44
25951,44
25952,44
25953,44
25954,44
25955,44
25956,44
25957,44
25958,44
25959,44
25960,44
25961,44
25962,44
25963,44
25964,44
25965,44
25966,44
25967,44
25968,44
25969,44
25970,44
25971,44
25972,44
25973,44
25974,44
25975,44
25976,44
25977,44
25978,44
25979,44
25980,44
25981,44
25982,44
25983,44
25984,44
25985,44
25986,44
25987,44
25988,44
25989,44
25990,44
25991,44
25992,44
25993,44
25994,44
25995,44
25996,44
25997,44
25998,44
25999,44
26000,44
26001,44
26002,44
26003,44
26004,44
26005,44
26006,44
26007,44
26008,44
26009,44
26010,44
26011,44
26012,44
26013,44
26014,44
26015,44
26016,44
26017,44
26018,44
26019,44
26020,44
26021,44
26022,44
26023,44
26024,44
26025,44
26026,44
26027,44
26028,44
26029,44
26030,44
26031,44
26032,44
26033,44
26034,44
26035,44
26036,44
26037,44
26038,44
26039,44
26040,44
26041,44
26042,44
26043,44
26044,44
26045,44
26046,44
26047,44
26048,44
26049,44
26050,44
26051,44
26052,44
26053,44
26054,44
26055,44
26056,44
26057,44
26058,44
26059,44
26060,44
26061,44
26062,44
26063,44
26064,44
26065,44
26066,44
26067,44
26068,44
26069,44
26070,44
26071,44
26072,44
26073,44
26074,44
26075,44
26076,44
26077,44
26078,44
26079,44
26080,44
26081,44
26082,44
26083,44
26084,44
26085,44
26086,44
26087,44
26088,44
26089,44
26090,44
26091,44
26092,44
26093,44
26094,44
26095,44
26096,44
26097,44
26098,44
26099,44
26100,44
26101,44
26102,44
26103,44
26104,44
26105,44
26106,44
26107,44
26108,44
26109,44
26110,44
26111,44
26112,44
26113,44
26114,44
26115,44
26116,44
26117,44
26118,44
26119,44
26120,44
26121,44
26122,44
26123,44
26124,44
26125,44
26126,44
26127,44
26128,44
26129,44
26130,44
26131,44
26132,44
26133,44
26134,44
26135,44
26136,44
26137,44
26138,44
26139,44
26140,44
26141,44
26142,44
26143,44
26144,44
26145,44
26146,44
26147,44
26148,44
26149,44
26150,44
26151,44
26152,44
26153,44
26154,44
26155,44
26156,44
26157,44
26158,44
26159,44
26160,44
26161,44
26162,44
26163,44
26164,44
26165,44
26166,44
26167,44
26168,44
26169,44
26170,44
26171,44
26172,44
26173,44
26174,44
26175,44
26176,44
26177,44
26178,44
26179,44
26180,44
26181,44
26182,44
26183,44
26184,44
26185,44
26186,44
26187,44
26188,44
26189,44
26190,44
26191,44
26192,44
26193,44
26194,44
26195,44
26196,44
26197,44
26198,44
26199,44
26200,44
26201,44
26202,44
26203,44
26204,44
26205,44
26206,44
26207,44
26208,44
26209,44
26210,44
26211,44
26212,44
26213,44
26214,44
26215,44
26216,44
26217,44
26218,44
26219,44
26220,44
26221,44
26222,44
26223,44
26224,44
26225,44
26226,44
26227,44
26228,44
26229,44
26230,44
26231,44
26232,44
26233,44
26234,44
26235,44
26236,44
26237,44
26238,44
26239,44
26240,44
26241,44
26242,44
26243,44
26244,44
26245,44
26246,44
26247,44
26248,44
26249,44
26250,44
26251,44
26252,44
26253,44
26254,44
26255,44
26256,44
26257,43
26258,43
26259,43
26260,43
26261,43
26262,43
26263,43
26264,43
26265,43
26266,43
26267,44
26268,44
26269,44
26270,44
26271,44
26272,44
26273,43
26274,43
26275,43
26276,43
26277,43
26278,43
26279,43
26280,43
26281,43
26282,43
26283,43
26284,43
26285,43
26286,43
26287,43
26288,43
26289,43
26290,43
26291,43
26292,43
26293,43
26294,43
26295,44
26296,44
26297,44
26298,44
26299,44
26300,44
26301,44
26302,44
26303,44
26304,44
26305,43
26306,43
26307,43
26308,43
26309,43
26310,43
26311,43
26312,43
26313,43
26314,43
26315,43
26316,44
26317,44
26318,44
26319,44
26320,44
26321,44
26322,44
26323,44
26324,44
26325,43
26326,43
26327,43
26328,43
26329,43
26330,43
26331,43
26332,43
26333,43
26334,43
26335,43
26336,43
26337,43
26338,43
26339,43
26340,43
26341,43
26342,43
26343,43
26344,43
26345,43
26346,44
26347,44
26348,44
26349,44
26350,44
26351,44
26352,44
26353,44
26354,44
26355,44
26356,44
26357,44
26358,44
26359,44
26360,44
26361,44
26362,44
26363,44
26364,44
26365,44
26366,44
26367,44
26368,44
26369,44
26370,44
26371,44
26372,44
26373,44
26374,44
26375,44
26376,44
26377,44
26378,44
26379,44
26380,44
26381,44
26382,44
26383,44
26384,44
26385,44
26386,44
26387,44
26388,44
26389,44
26390,44
26391,44
26392,44
26393,44
26394,44
26395,44
26396,44
26397,44
26398,44
26399,44
26400,44
26401,44
26402,44
26403,44
26404,44
26405,44
26406,44
26407,44
26408,44
26409,44
26410,44
26411,44
26412,44
26413,44
26414,44
26415,44
26416,44
26417,44
26418,44
26419,44
26420,44
26421,44
26422,44
26423,44
26424,44
26425,44
26426,44
26427,44
26428,44
26429,44
26430,44
26431,44
26432,44
26433,44
26434,44
26435,44
26436,44
26437,44
26438,44
26439,44
26440,44
26441,44
26442,44
26443,44
26444,44
26445,44
26446,44
26447,44
26448,44
26449,44
26450,44
26451,44
26452,44
26453,44
26454,44
26455,44
26456,44
26457,44
26458,44
26459,44
26460,44
26461,44
26462,44
26463,44
26464,44
26465,44
26466,44
26467,44
26468,44
26469,44
26470,44
26471,44
26472,44
26473,44
26474,44
26475,44
26476,44
26477,44
26478,44
26479,44
26480,44
26481,44
26482,44
26483,44
26484,44
26485,44
26486,44
26487,44
26488,44
26489,44
26490,44
26491,44
26492,44
26493,44
26494,44
26495,44
26496,44
26497,44
26498,44
26499,44
26500,44
26501,44
26502,44
26503,44
26504,44
26505,44
26506,44
26507,44
26508,45
26509,45
26510,45
26511,45
26512,45
26513,45
26514,45
26515,45
26516,45
26517,45
26518,45
26519,45
26520,45
26521,45
26522,45
26523,45
26524,45
26525,45
26526,45
26527,45
26528,45
26529,45
26530,45
26531,44
26532,44
26533,44
26534,44
26535,44
26536,44
26537,44
26538,44
26539,44
26540,44
26541,44
26542,44
26543,44
26544,44
26545,44
26546,44
26547,44
26548,44
26549,44
26550,44
26551,44
26552,44
26553,44
26554,44
26555,44
26556,44
26557,44
26558,44
26559,44
26560,44
26561,44
26562,44
26563,44
26564,44
26565,44
26566,44
26567,44
26568,44
26569,44
26570,44
26571,44
26572,44
26573,44
26574,44
26575,44
26576,44
26577,44
26578,44
26579,44
26580,44
26581,44
26582,44
26583,44
26584,44
26585,44
26586,44
26587,44
26588,44
26589,44
26590,44
26591,44
26592,44
26593,44
26594,44
26595,44
26596,44
26597,44
26598,44
26599,44
26600,44
26601,44
26602,44
26603,44
26604,44
26605,44
26606,44
26607,44
26608,44
26609,44
26610,44
26611,44
26612,44
26613,44
26614,44
26615,44
26616,44
26617,44
26618,44
26619,44
26620,44
26621,44
26622,44
26623,44
26624,44
26625,44
26626,44
26627,44
26628,44
26629,44
26630,44
26631,44
26632,44
26633,44
26634,44
26635,44
26636,44
26637,44
26638,44
26639,44
26640,44
26641,44
26642,44
26643,44
26644,44
26645,44
26646,44
26647,44
26648,44
26649,44
26650,44
26651,44
26652,44
26653,44
26654,44
26655,44
26656,44
26657,44
26658,44
26659,44
26660,44
26661,44
26662,44
26663,44
26664,44
26665,44
26666,44
26667,44
26668,44
26669,44
26670,43
26671,43
26672,43
26673,43
26674,43
26675,43
26676,43
26677,43
26678,43
26679,43
26680,43
26681,43
26682,43
26683,43
26684,43
26685,43
26686,43
26687,43
26688,43
26689,43
26690,43
26691,44
26692,44
26693,44
26694,44
26695,44
26696,44
26697,44
26698,44
26699,44
26700,43
26701,43
26702,43
26703,43
26704,43
26705,43
26706,43
26707,43
26708,43
26709,44
26710,44
26711,44
26712,44
26713,44
26714,44
26715,44
26716,44
26717,44
26718,44
26719,44
26720,44
26721,44
26722,44
26723,43
26724,43
26725,43
26726,43
26727,44
26728,44
26729,44
26730,43
26731,43
26732,43
26733,43
26734,43
26735,43
26736,43
26737,43
26738,43
26739,44
26740,44
26741,44
26742,44
26743,44
26744,44
26745,44
26746,44
26747,44
26748,44
26749,44
26750,44
26751,44
26752,44
26753,43
26754,43
26755,43
26756,43
26757,43
26758,43
26759,43
26760,43
26761,43
26762,43
26763,43
26764,43
26765,43
26766,43
26767,43
26768,43
26769,43
26770,43
26771,43
26772,43
26773,43
26774,43
26775,43
26776,43
26777,43
26778,43
26779,43
26780,43
26781,43
26782,43
26783,43
26784,43
26785,43
26786,43
26787,43
26788,43
26789,43
26790,43
26791,43
26792,43
26793,43
26794,43
26795,43
26796,43
26797,43
26798,44
26799,44
26800,44
26801,44
26802,44
26803,44
26804,44
26805,44
26806,44
26807,44
26808,44
26809,44
26810,44
26811,44
26812,44
26813,44
26814,44
26815,44
26816,44
26817,44
26818,44
26819,44
26820,44
26821,44
26822,44
26823,44
26824,44
26825,44
26826,44
26827,44
26828,44
26829,44
26830,44
26831,44
26832,44
26833,44
26834,44
26835,44
26836,44
26837,44
26838,44
26839,44
26840,44
26841,44
26842,44
26843,44
26844,44
26845,44
26846,44
26847,44
26848,44
26849,44
26850,44
26851,44
26852,44
26853,44
26854,44
26855,44
26856,44
26857,44
26858,43
26859,43
26860,43
26861,43
26862,43
26863,43
26864,43
26865,43
26866,43
26867,43
26868,43
26869,43
26870,43
26871,43
26872,43
26873,43
26874,43
26875,43
26876,44
26877,44
26878,43
26879,43
26880,43
26881,43
26882,44
26883,44
26884,44
26885,44
26886,44
26887,44
26888,44
26889,44
26890,44
26891,44
26892,44
26893,44
26894,44
26895,44
26896,44
26897,44
26898,44
26899,44
26900,44
26901,44
26902,44
26903,44
26904,44
26905,44
26906,44
26907,44
26908,44
26909,44
26910,44
26911,44
26912,44
26913,44
26914,44
26915,44
26916,44
26917,44
26918,44
26919,44
26920,44
26921,44
26922,44
26923,44
26924,44
26925,44
26926,44
26927,44
26928,44
26929,44
26930,44
26931,44
26932,44
26933,44
26934,44
26935,44
26936,44
26937,44
26938,44
26939,44
26940,44
26941,44
26942,44
26943,44
26944,44
26945,44
26946,44
26947,44
26948,44
26949,44
26950,44
26951,44
26952,44
26953,44
26954,44
26955,44
26956,44
26957,44
26958,44
26959,44
26960,44
26961,44
26962,44
26963,44
26964,44
26965,44
26966,44
26967,44
26968,44
26969,44
26970,44
26971,44
26972,44
26973,44
26974,44
26975,44
26976,44
26977,44
26978,44
26979,44
26980,44
26981,44
26982,44
26983,44
26984,44
26985,44
26986,44
26987,44
26988,44
26989,44
26990,44
26991,44
26992,44
26993,44
26994,44
26995,44
26996,44
26997,44
26998,44
26999,44
27000,44
27001,44
27002,44
27003,44
27004,44
27005,44
27006,44
27007,44
27008,44
27009,44
27010,44
27011,44
27012,44
27013,44
27014,44
27015,44
27016,44
27017,44
27018,44
27019,44
27020,44
27021,44
27022,44
27023,44
27024,44
27025,44
27026,44
27027,44
27028,44
27029,44
27030,44
27031,44
27032,44
27033,44
27034,44
27035,44
27036,44
27037,44
27038,44
27039,44
27040,44
27041,44
27042,44
27043,44
27044,44
27045,44
27046,44
27047,44
27048,44
27049,44
27050,44
27051,44
27052,44
27053,44
27054,44
27055,44
27056,44
27057,44
27058,44
27059,44
27060,44
27061,44
27062,44
27063,44
27064,44
27065,44
27066,44
27067,44
27068,44
27069,44
27070,44
27071,44
27072,44
27073,44
27074,44
27075,44
27076,44
27077,44
27078,44
27079,44
27080,44
27081,44
27082,44
27083,44
27084,44
27085,44
27086,44
27087,44
27088,44
27089,44
27090,44
27091,44
27092,44
27093,44
27094,44
27095,44
27096,44
27097,44
27098,44
27099,44
27100,44
27101,44
27102,44
27103,44
27104,44
27105,44
27106,44
27107,44
27108,44
27109,44
27110,44
27111,44
27112,44
27113,44
27114,44
27115,44
27116,44
27117,44
27118,44
27119,44
27120,44
27121,44
27122,44
27123,44
27124,44
27125,44
27126,44
27127,44
27128,44
27129,44
27130,44
27131,44
27132,44
27133,44
27134,44
27135,44
27136,44
27137,44
27138,44
27139,44
27140,44
27141,44
27142,44
27143,44
27144,44
27145,44
27146,44
27147,44
27148,44
27149,44
27150,44
27151,44
27152,44
27153,44
27154,44
27155,44
27156,44
27157,44
27158,44
27159,44
27160,44
27161,44
27162,44
27163,44
27164,44
27165,44
27166,44
27167,44
27168,44
27169,44
27170,44
27171,44
27172,44
27173,44
27174,44
27175,44
27176,44
27177,44
27178,44
27179,44
27180,44
27181,44
27182,44
27183,44
27184,44
27185,44
27186,44
27187,44
27188,44
27189,44
27190,44
27191,44
27192,44
27193,44
27194,44
27195,44
27196,44
27197,44
27198,44
27199,44
27200,44
27201,44
27202,44
27203,44
27204,44
27205,44
27206,44
27207,44
27208,44
27209,44
27210,44
27211,44
27212,44
27213,44
27214,44
27215,44
27216,44
27217,44
27218,44
27219,44
27220,44
27221,44
27222,44
27223,44
27224,44
27225,44
27226,44
27227,44
27228,44
27229,44
27230,44
27231,44
27232,44
27233,44
27234,44
27235,44
27236,44
27237,44
27238,44
27239,44
27240,44
27241,44
27242,44
27243,44
27244,44
27245,44
27246,44
27247,44
27248,44
27249,44
27250,44
27251,44
27252,44
27253,44
27254,44
27255,44
27256,44
27257,44
27258,44
27259,44
27260,44
27261,44
27262,44
27263,44
27264,44
27265,44
27266,44
27267,44
27268,44
27269,44
27270,44
27271,44
27272,44
27273,44
27274,44
27275,44
27276,44
27277,44
27278,44
27279,44
27280,44
27281,44
27282,44
27283,44
27284,44
27285,44
27286,44
27287,44
27288,44
27289,44
27290,44
27291,44
27292,44
27293,44
27294,44
27295,44
27296,44
27297,44
27298,44
27299,44
27300,44
27301,44
27302,44
27303,44
27304,44
27305,44
27306,44
27307,44
27308,44
27309,44
27310,44
27311,44
27312,44
27313,44
27314,44
27315,44
27316,44
27317,44
27318,44
27319,44
27320,44
27321,44
27322,44
27323,44
27324,44
27325,44
27326,44
27327,44
27328,44
27329,44
27330,44
27331,44
27332,44
27333,44
27334,44
27335,44
27336,44
27337,44
27338,44
27339,44
27340,44
27341,44
27342,44
27343,44
27344,44
27345,44
27346,44
27347,44
27348,44
27349,44
27350,44
27351,44
27352,44
27353,44
27354,44
27355,44
27356,44
27357,44
27358,44
27359,44
27360,44
27361,44
27362,44
27363,44
27364,44
27365,44
27366,44
27367,44
27368,44
27369,44
27370,44
27371,44
27372,44
27373,44
27374,44
27375,44
27376,44
27377,43
27378,43
27379,43
27380,43
27381,43
27382,43
27383,43
27384,43
27385,43
27386,43
27387,43
27388,43
27389,43
27390,43
27391,43
27392,43
27393,43
27394,43
27395,43
27396,43
27397,43
27398,43
27399,43
27400,43
27401,43
27402,43
27403,43
27404,43
27405,43
27406,43
27407,43
27408,43
27409,43
27410,43
27411,43
27412,43
27413,43
27414,43
27415,43
27416,43
27417,43
27418,44
27419,44
27420,44
27421,44
27422,44
27423,44
27424,44
27425,44
27426,44
27427,44
27428,44
27429,44
27430,44
27431,44
27432,44
27433,44
27434,44
27435,44
27436,44
27437,44
27438,44
27439,44
27440,44
27441,44
27442,44
27443,44
27444,44
27445,44
27446,44
27447,44
27448,44
27449,44
27450,44
27451,44
27452,44
27453,44
27454,44
27455,44
27456,44
27457,44
27458,44
27459,44
27460,44
27461,44
27462,44
27463,44
27464,44
27465,44
27466,44
27467,44
27468,44
27469,44
27470,44
27471,44
27472,44
27473,44
27474,44
27475,44
27476,44
27477,44
27478,44
27479,44
27480,44
27481,44
27482,44
27483,44
27484,44
27485,44
27486,44
27487,44
27488,44
27489,44
27490,44
27491,44
27492,44
27493,44
27494,44
27495,44
27496,44
27497,44
27498,44
27499,44
27500,44
27501,44
27502,44
27503,44
27504,44
27505,44
27506,44
27507,44
27508,44
27509,44
27510,44
27511,44
27512,44
27513,44
27514,44
27515,44
27516,44
27517,44
27518,44
27519,44
27520,44
27521,44
27522,44
27523,44
27524,44
27525,44
27526,44
27527,44
27528,44
27529,44
27530,44
27531,44
27532,44
27533,44
27534,44
27535,44
27536,44
27537,44
27538,44
27539,44
27540,44
27541,44
27542,44
27543,44
27544,44
27545,44
27546,44
27547,44
27548,44
27549,44
27550,44
27551,44
27552,44
27553,44
27554,44
27555,44
27556,44
27557,44
27558,44
27559,44
27560,44
27561,44
27562,44
27563,44
27564,44
27565,44
27566,44
27567,44
27568,44
27569,44
27570,44
27571,44
27572,44
27573,44
27574,44
27575,44
27576,44
27577,44
27578,44
27579,44
27580,44
27581,44
27582,44
27583,44
27584,44
27585,44
27586,44
27587,44
27588,44
27589,44
27590,44
27591,44
27592,44
27593,44
27594,44
27595,44
27596,44
27597,44
27598,44
27599,44
27600,44
27601,44
27602,44
27603,44
27604,44
27605,44
27606,44
27607,44
27608,44
27609,44
27610,44
27611,44
27612,44
27613,44
27614,44
27615,44
27616,44
27617,44
27618,44
27619,44
27620,44
27621,44
27622,44
27623,44
27624,44
27625,44
27626,44
27627,44
27628,44
27629,44
27630,44
27631,44
27632,44
27633,44
27634,44
27635,44
27636,44
27637,44
27638,44
27639,44
27640,44
27641,44
27642,44
27643,44
27644,44
27645,44
27646,44
27647,44
27648,44
27649,44
27650,44
27651,44
27652,44
27653,44
27654,44
27655,44
27656,44
27657,44
27658,44
27659,44
27660,44
27661,44
27662,44
27663,44
27664,44
27665,44
27666,44
27667,44
27668,44
27669,44
27670,44
27671,44
27672,44
27673,44
27674,44
27675,44
27676,44
27677,44
27678,44
27679,44
27680,44
27681,44
27682,44
27683,44
27684,44
27685,44
27686,44
27687,44
27688,44
27689,44
27690,44
27691,44
27692,44
27693,44
27694,44
27695,44
27696,44
27697,44
27698,44
27699,45
27700,45
27701,45
27702,45
27703,45
27704,45
27705,45
27706,45
27707,45
27708,45
27709,45
27710,45
27711,45
27712,45
27713,45
27714,45
27715,45
27716,45
27717,45
27718,45
27719,45
27720,45
27721,45
27722,45
27723,45
27724,45
27725,45
27726,44
27727,44
27728,44
27729,44
27730,44
27731,44
27732,44
27733,44
27734,44
27735,44
27736,44
27737,44
27738,44
27739,44
27740,44
27741,44
27742,44
27743,44
27744,44
27745,44
27746,44
27747,44
27748,44
27749,44
27750,44
27751,44
27752,44
27753,44
27754,44
27755,44
27756,44
27757,44
27758,44
27759,44
27760,44
27761,44
27762,44
27763,44
27764,44
27765,44
27766,44
27767,44
27768,44
27769,44
27770,44
27771,44
27772,44
27773,44
27774,44
27775,44
27776,44
27777,44
27778,44
27779,44
27780,44
27781,44
27782,44
27783,44
27784,44
27785,44
27786,44
27787,44
27788,44
27789,44
27790,44
27791,44
27792,44
27793,44
27794,44
27795,44
27796,44
27797,44
27798,44
27799,44
27800,44
27801,44
27802,44
27803,44
27804,44
27805,44
27806,44
27807,44
27808,44
27809,44
27810,44
27811,44
27812,44
27813,44
27814,44
27815,44
27816,44
27817,44
27818,44
27819,44
27820,44
27821,44
27822,44
27823,44
27824,44
27825,44
27826,44
27827,44
27828,44
27829,44
27830,44
27831,44
27832,44
27833,44
27834,44
27835,44
27836,44
27837,44
27838,44
27839,44
27840,44
27841,44
27842,44
27843,44
27844,44
27845,44
27846,44
27847,44
27848,44
27849,44
27850,44
27851,44
27852,44
27853,44
27854,44
27855,44
27856,44
27857,44
27858,44
27859,44
27860,44
27861,44
27862,44
27863,44
27864,44
27865,44
27866,44
27867,44
27868,44
27869,44
27870,44
27871,44
27872,44
27873,44
27874,44
27875,44
27876,44
27877,44
27878,44
27879,44
27880,44
27881,44
27882,44
27883,44
27884,44
27885,44
27886,44
27887,44
27888,44
27889,44
27890,44
27891,44
27892,44
27893,44
27894,44
27895,44
27896,44
27897,44
27898,44
27899,44
27900,44
27901,44
27902,44
27903,44
27904,44
27905,44
27906,44
27907,44
27908,44
27909,44
27910,44
27911,44
27912,44
27913,44
27914,45
27915,45
27916,45
27917,45
27918,45
27919,45
27920,45
27921,45
27922,45
27923,45
27924,45
27925,45
27926,45
27927,45
27928,45
27929,45
27930,45
27931,45
27932,45
27933,45
27934,45
27935,45
27936,45
27937,45
27938,45
27939,45
27940,45
27941,45
27942,45
27943,45
27944,45
27945,44
27946,44
27947,44
27948,45
27949,44
27950,44
27951,44
27952,44
27953,44
27954,44
27955,44
27956,44
27957,44
27958,44
27959,44
27960,44
27961,44
27962,44
27963,44
27964,44
27965,44
27966,44
27967,44
27968,44
27969,44
27970,44
27971,44
27972,44
27973,44
27974,44
27975,44
27976,44
27977,44
27978,44
27979,44
27980,44
27981,44
27982,44
27983,44
27984,44
27985,44
27986,44
27987,44
27988,44
27989,44
27990,44
27991,44
27992,44
27993,44
27994,44
27995,44
27996,44
27997,44
27998,44
27999,44
28000,44
28001,44
28002,44
28003,44
28004,44
28005,44
28006,44
28007,44
28008,44
28009,44
28010,44
28011,44
28012,44
28013,44
28014,44
28015,44
28016,44
28017,44
28018,44
28019,44
28020,44
28021,44
28022,44
28023,44
28024,44
28025,44
28026,44
28027,44
28028,44
28029,44
28030,44
28031,44
28032,44
28033,44
28034,44
28035,44
28036,44
28037,44
28038,44
28039,44
28040,44
28041,44
28042,44
28043,44
28044,44
28045,44
28046,44
28047,44
28048,44
28049,44
28050,44
28051,44
28052,44
28053,44
28054,44
28055,44
28056,44
28057,44
28058,44
28059,44
28060,44
28061,44
28062,44
28063,44
28064,44
28065,44
28066,44
28067,44
28068,44
28069,44
28070,44
28071,44
28072,44
28073,44
28074,44
28075,44
28076,44
28077,44
28078,44
28079,44
28080,44
28081,44
28082,44
28083,44
28084,44
28085,44
28086,44
28087,44
28088,44
28089,44
28090,44
28091,44
28092,44
28093,44
28094,44
28095,44
28096,44
28097,44
28098,44
28099,44
28100,44
28101,44
28102,44
28103,44
28104,44
28105,44
28106,44
28107,44
28108,44
28109,44
28110,44
28111,44
28112,44
28113,44
28114,44
28115,44
28116,44
28117,44
28118,44
28119,44
28120,44
28121,44
28122,44
28123,44
28124,44
28125,44
28126,44
28127,44
28128,44
28129,44
28130,44
28131,44
28132,44
28133,44
28134,44
28135,44
28136,44
28137,44
28138,44
28139,44
28140,44
28141,44
28142,44
28143,44
28144,44
28145,44
28146,44
28147,44
28148,44
28149,44
28150,44
28151,44
28152,44
28153,44
28154,44
28155,44
28156,44
28157,44
28158,44
28159,44
28160,44
28161,44
28162,44
28163,44
28164,44
28165,44
28166,44
28167,44
28168,44
28169,44
28170,44
28171,44
28172,44
28173,44
28174,44
28175,44
28176,44
28177,44
28178,44
28179,44
28180,44
28181,44
28182,44
28183,44
28184,44
28185,44
28186,44
28187,44
28188,44
28189,44
28190,44
28191,44
28192,44
28193,44
28194,44
28195,44
28196,44
28197,44
28198,44
28199,44
28200,44
28201,44
28202,44
28203,44
28204,44
28205,44
28206,44
28207,44
28208,44
28209,44
28210,44
28211,44
28212,44
28213,44
28214,44
28215,44
28216,44
28217,44
28218,44
28219,44
28220,44
28221,44
28222,44
28223,44
28224,44
28225,44
28226,44
28227,44
28228,44
28229,44
28230,44
28231,44
28232,44
28233,44
28234,44
28235,44
28236,44
28237,44
28238,44
28239,44
28240,44
28241,44
28242,44
28243,44
28244,44
28245,44
28246,44
28247,44
28248,44
28249,44
28250,44
28251,44
28252,44
28253,44
28254,44
28255,44
28256,44
28257,44
28258,44
28259,44
28260,44
28261,44
28262,44
28263,44
28264,44
28265,44
28266,44
28267,44
28268,44
28269,44
28270,44
28271,44
28272,44
28273,44
28274,44
28275,44
28276,44
28277,44
28278,44
28279,44
28280,44
28281,44
28282,44
28283,44
28284,44
28285,44
28286,44
28287,44
28288,44
28289,44
28290,44
28291,44
28292,44
28293,44
28294,44
28295,44
28296,44
28297,44
28298,44
28299,44
28300,44
28301,44
28302,44
28303,44
28304,44
28305,44
28306,44
28307,44
28308,44
28309,44
28310,44
28311,44
28312,44
28313,44
28314,44
28315,44
28316,44
28317,44
28318,44
28319,44
28320,44
28321,44
28322,44
28323,44
28324,44
28325,44
28326,44
28327,44
28328,44
28329,44
28330,44
28331,44
28332,44
28333,44
28334,44
28335,44
28336,44
28337,44
28338,44
28339,44
28340,44
28341,44
28342,44
28343,44
28344,44
28345,44
28346,44
28347,44
28348,44
28349,44
28350,44
28351,44
28352,44
28353,44
28354,44
28355,44
28356,44
28357,44
28358,44
28359,44
28360,44
28361,44
28362,44
28363,44
28364,44
28365,44
28366,44
28367,44
28368,44
28369,44
28370,44
28371,44
28372,44
28373,44
28374,44
28375,44
28376,44
28377,44
28378,44
28379,44
28380,44
28381,44
28382,44
28383,44
28384,44
28385,44
28386,44
28387,44
28388,44
28389,44
28390,44
28391,44
28392,44
28393,44
28394,44
28395,44
28396,44
28397,44
28398,44
28399,44
28400,44
28401,44
28402,44
28403,44
28404,44
28405,44
28406,44
28407,44
28408,44
28409,44
28410,44
28411,44
28412,44
28413,45
28414,45
28415,45
28416,45
28417,45
28418,45
28419,45
28420,45
28421,45
28422,45
28423,45
28424,45
28425,45
28426,45
28427,45
28428,45
28429,45
28430,45
28431,45
28432,45
28433,45
28434,45
28435,45
28436,45
28437,45
28438,45
28439,45
28440,45
28441,45
28442,45
28443,45
28444,45
28445,45
28446,45
28447,45
28448,45
28449,45
28450,45
28451,45
28452,44
28453,44
28454,44
28455,44
28456,44
28457,44
28458,44
28459,44
28460,44
28461,44
28462,44
28463,44
28464,44
28465,44
28466,44
28467,44
28468,44
28469,44
28470,44
28471,44
28472,44
28473,44
28474,44
28475,44
28476,44
28477,44
28478,44
28479,44
28480,44
28481,44
28482,44
28483,44
28484,44
28485,44
28486,44
28487,44
28488,44
28489,44
28490,44
28491,44
28492,44
28493,44
28494,44
28495,44
28496,44
28497,44
28498,44
28499,44
28500,44
28501,44
28502,44
28503,44
28504,44
28505,44
28506,44
28507,44
28508,44
28509,44
28510,44
28511,44
28512,44
28513,44
28514,44
28515,44
28516,44
28517,44
28518,44
28519,44
28520,44
28521,44
28522,44
28523,44
28524,44
28525,44
28526,44
28527,44
28528,44
28529,44
28530,44
28531,44
28532,44
28533,44
28534,44
28535,44
28536,44
28537,44
28538,44
28539,44
28540,44
28541,44
28542,44
28543,44
28544,44
28545,44
28546,44
28547,44
28548,44
28549,44
28550,44
28551,44
28552,44
28553,44
28554,44
28555,44
28556,44
28557,44
28558,44
28559,44
28560,44
28561,44
28562,44
28563,44
28564,44
28565,44
28566,44
28567,44
28568,44
28569,44
28570,44
28571,44
28572,44
28573,44
28574,44
28575,44
28576,44
28577,44
28578,44
28579,44
28580,44
28581,44
28582,44
28583,44
28584,44
28585,44
28586,44
28587,44
28588,44
28589,44
28590,44
28591,44
28592,44
28593,44
28594,44
28595,44
28596,44
28597,44
28598,44
28599,44
28600,44
28601,44
28602,44
28603,44
28604,44
28605,44
28606,44
28607,44
28608,44
28609,44
28610,44
28611,44
28612,44
28613,44
28614,44
28615,44
28616,44
28617,44
28618,44
28619,44
28620,44
28621,44
28622,44
28623,44
28624,44
28625,44
28626,44
28627,44
28628,44
28629,44
28630,44
28631,44
28632,44
28633,44
28634,44
28635,44
28636,44
28637,44
28638,44
28639,44
28640,44
28641,44
28642,44
28643,44
28644,44
28645,44
28646,44
28647,44
28648,44
28649,44
28650,44
28651,44
28652,44
28653,44
28654,44
28655,44
28656,44
28657,44
28658,44
28659,44
28660,44
28661,44
28662,44
28663,44
28664,44
28665,44
28666,44
28667,44
28668,44
28669,44
28670,44
28671,44
28672,44
28673,45
28674,45
28675,45
28676,45
28677,45
28678,45
28679,45
28680,45
28681,45
28682,45
28683,45
28684,45
28685,45
28686,45
28687,45
28688,45
28689,45
28690,45
28691,45
28692,45
28693,45
28694,45
28695,45
28696,45
28697,45
28698,45
28699,45
28700,45
28701,45
28702,45
28703,45
28704,45
28705,45
28706,45
28707,45
28708,45
28709,45
28710,45
28711,45
28712,45
28713,45
28714,45
28715,45
28716,45
28717,45
28718,45
28719,45
28720,45
28721,45
28722,45
28723,45
28724,45
28725,45
28726,45
28727,45
28728,45
28729,45
28730,45
28731,45
28732,45
28733,45
28734,45
28735,45
28736,45
28737,45
28738,45
28739,45
28740,45
28741,45
28742,45
28743,45
28744,45
28745,45
28746,45
28747,45
28748,45
28749,45
28750,45
28751,45
28752,44
28753,44
28754,44
28755,44
28756,44
28757,44
28758,44
28759,44
28760,44
28761,44
28762,44
28763,44
28764,44
28765,44
28766,44
28767,44
28768,44
28769,44
28770,44
28771,44
28772,44
28773,44
28774,44
28775,44
28776,44
28777,44
28778,44
28779,44
28780,44
28781,44
28782,44
28783,44
28784,44
28785,44
28786,44
28787,44
28788,44
28789,44
28790,44
28791,44
28792,44
28793,44
28794,44
28795,44
28796,44
28797,44
28798,44
28799,44
28800,44
28801,44
28802,44
28803,44
28804,44
28805,44
28806,44
28807,44
28808,44
28809,44
28810,44
28811,44
28812,44
28813,44
28814,45
28815,45
28816,45
28817,45
28818,45
28819,45
28820,45
28821,45
28822,45
28823,45
28824,45
28825,45
28826,45
28827,45
28828,45
28829,45
28830,45
28831,45
28832,45
28833,45
28834,45
28835,45
28836,45
28837,45
28838,45
28839,45
28840,45
28841,45
28842,45
28843,44
28844,44
28845,44
28846,44
28847,44
28848,44
28849,44
28850,44
28851,44
28852,44
28853,44
28854,44
28855,44
28856,44
28857,44
28858,44
28859,44
28860,44
28861,44
28862,44
28863,44
28864,44
28865,44
28866,44
28867,44
28868,44
28869,44
28870,44
28871,44
28872,44
28873,44
28874,44
28875,44
28876,44
28877,44
28878,44
28879,44
28880,44
28881,44
28882,44
28883,44
28884,44
28885,44
28886,44
28887,44
28888,44
28889,44
28890,44
28891,44
28892,44
28893,44
28894,44
28895,44
28896,44
28897,44
28898,44
28899,44
28900,44
28901,44
28902,44
28903,44
28904,44
28905,44
28906,44
28907,44
28908,44
28909,44
28910,44
28911,44
28912,44
28913,44
28914,44
28915,44
28916,44
28917,44
28918,44
28919,44
28920,44
28921,44
28922,44
28923,44
28924,44
28925,44
28926,44
28927,44
28928,44
28929,44
28930,44
28931,44
28932,44
28933,44
28934,44
28935,44
28936,44
28937,44
28938,44
28939,44
28940,44
28941,44
28942,44
28943,44
28944,44
28945,44
28946,44
28947,44
28948,44
28949,44
28950,44
28951,44
28952,44
28953,44
28954,44
28955,44
28956,44
28957,44
28958,44
28959,44
28960,44
28961,44
28962,44
28963,44
28964,44
28965,44
28966,44
28967,44
28968,44
28969,44
28970,44
28971,44
28972,44
28973,44
28974,44
28975,44
28976,44
28977,44
28978,44
28979,44
28980,44
28981,44
28982,44
28983,44
28984,44
28985,44
28986,44
28987,44
28988,44
28989,44
28990,44
28991,44
28992,44
28993,44
28994,44
28995,44
28996,44
28997,44
28998,44
28999,44
29000,44
29001,44
29002,44
29003,44
29004,44
29005,44
29006,44
29007,44
29008,44
29009,44
29010,44
29011,44
29012,44
29013,44
29014,44
29015,44
29016,44
29017,44
29018,44
29019,44
29020,44
29021,44
29022,44
29023,44
29024,44
29025,44
29026,44
29027,44
29028,44
29029,44
29030,44
29031,44
29032,44
29033,44
29034,44
29035,44
29036,44
29037,44
29038,44
29039,44
29040,44
29041,44
29042,44
29043,44
29044,44
29045,44
29046,44
29047,44
29048,44
29049,44
29050,44
29051,44
29052,44
29053,44
29054,44
29055,44
29056,44
29057,44
29058,44
29059,44
29060,44
29061,44
29062,44
29063,44
29064,44
29065,44
29066,44
29067,44
29068,44
29069,44
29070,44
29071,44
29072,44
29073,44
29074,44
29075,44
29076,44
29077,44
29078,44
29079,44
29080,44
29081,44
29082,44
29083,44
29084,44
29085,44
29086,44
29087,44
29088,44
29089,44
29090,44
29091,44
29092,44
29093,44
29094,44
29095,44
29096,44
29097,44
29098,44
29099,44
29100,44
29101,44
29102,44
29103,44
29104,44
29105,44
29106,44
29107,44
29108,44
29109,44
29110,44
29111,44
29112,44
29113,44
29114,44
29115,44
29116,44
29117,44
29118,44
29119,44
29120,44
29121,44
29122,44
29123,44
29124,44
29125,44
29126,44
29127,44
29128,44
29129,44
29130,44
29131,44
29132,44
29133,44
29134,44
29135,44
29136,44
29137,44
29138,44
29139,44
29140,44
29141,44
29142,44
29143,44
29144,44
29145,44
29146,44
29147,44
29148,44
29149,44
29150,44
29151,44
29152,44
29153,44
29154,44
29155,44
29156,44
29157,44
29158,44
29159,44
29160,44
29161,44
29162,44
29163,44
29164,44
29165,44
29166,44
29167,44
29168,44
29169,44
29170,44
29171,44
29172,44
29173,44
29174,44
29175,44
29176,44
29177,44
29178,44
29179,44
29180,44
29181,44
29182,44
29183,44
29184,44
29185,44
29186,44
29187,44
29188,44
29189,44
29190,44
29191,44
29192,44
29193,44
29194,44
29195,44
29196,44
29197,44
29198,44
29199,44
29200,44
29201,44
29202,44
29203,44
29204,44
29205,44
29206,44
29207,44
29208,44
29209,44
29210,44
29211,44
29212,44
29213,44
29214,44
29215,44
29216,44
29217,44
29218,44
29219,44
29220,44
29221,44
29222,44
29223,44
29224,44
29225,44
29226,44
29227,44
29228,44
29229,44
29230,44
29231,44
29232,44
29233,44
29234,44
29235,44
29236,44
29237,44
29238,44
29239,44
29240,44
29241,44
29242,44
29243,44
29244,44
29245,44
29246,44
29247,44
29248,44
29249,44
29250,44
29251,44
29252,44
29253,44
29254,44
29255,44
29256,44
29257,44
29258,44
29259,44
29260,44
29261,44
29262,44
29263,44
29264,44
29265,44
29266,44
29267,44
29268,44
29269,44
29270,44
29271,44
29272,44
29273,44
29274,44
29275,44
29276,44
29277,44
29278,44
29279,44
29280,44
29281,44
29282,44
29283,44
29284,44
29285,44
29286,44
29287,44
29288,44
29289,44
29290,44
29291,44
29292,44
29293,44
29294,44
29295,44
29296,44
29297,44
29298,44
29299,44
29300,44
29301,44
29302,44
29303,44
29304,44
29305,44
29306,44
29307,44
29308,44
29309,44
29310,44
29311,44
29312,44
29313,44
29314,44
29315,44
29316,44
29317,44
29318,44
29319,44
29320,44
29321,44
29322,44
29323,44
29324,44
29325,44
29326,44
29327,44
29328,44
29329,44
29330,44
29331,44
29332,44
29333,44
29334,44
29335,44
29336,44
29337,44
29338,44
29339,44
29340,44
29341,44
29342,44
29343,44
29344,44
29345,44
29346,44
29347,44
29348,44
29349,44
29350,44
29351,44
29352,44
29353,44
29354,44
29355,44
29356,44
29357,44
29358,44
29359,44
29360,44
29361,44
29362,44
29363,44
29364,44
29365,44
29366,44
29367,44
29368,44
29369,44
29370,44
29371,44
29372,44
29373,44
29374,44
29375,44
29376,44
29377,44
29378,44
29379,44
29380,44
29381,44
29382,44
29383,44
29384,44
29385,44
29386,44
29387,44
29388,44
29389,44
29390,44
29391,44
29392,44
29393,44
29394,44
29395,44
29396,44
29397,44
29398,44
29399,44
29400,44
29401,44
29402,44
29403,44
29404,44
29405,44
29406,44
29407,44
29408,44
29409,44
29410,44
29411,44
29412,44
29413,44
29414,44
29415,44
29416,44
29417,44
29418,44
29419,44
29420,44
29421,44
29422,44
29423,44
29424,44
29425,44
29426,44
29427,44
29428,44
29429,44
29430,44
29431,44
29432,44
29433,44
29434,44
29435,44
29436,44
29437,44
29438,44
29439,44
29440,44
29441,44
29442,44
29443,44
29444,44
29445,44
29446,44
29447,44
29448,44
29449,44
29450,44
29451,44
29452,44
29453,44
29454,44
29455,44
29456,44
29457,44
29458,44
29459,44
29460,44
29461,44
29462,44
29463,44
29464,44
29465,44
29466,44
29467,44
29468,44
29469,44
29470,44
29471,44
29472,44
29473,44
29474,44
29475,44
29476,44
29477,44
29478,44
29479,44
29480,44
29481,44
29482,44
29483,44
29484,44
29485,44
29486,44
29487,44
29488,44
29489,44
29490,44
29491,44
29492,44
29493,44
29494,44
29495,44
29496,44
29497,44
29498,44
29499,44
29500,44
29501,44
29502,44
29503,44
29504,44
29505,44
29506,44
29507,44
29508,44
29509,44
29510,44
29511,44
29512,44
29513,44
29514,44
29515,44
29516,44
29517,44
29518,44
29519,44
29520,44
29521,44
29522,44
29523,44
29524,44
29525,44
29526,44
29527,44
29528,44
29529,44
29530,44
29531,44
29532,44
29533,44
29534,44
29535,44
29536,44
29537,44
29538,44
29539,44
29540,44
29541,44
29542,44
29543,44
29544,44
29545,44
29546,44
29547,44
29548,44
29549,44
29550,44
29551,44
29552,44
29553,44
29554,44
29555,44
29556,44
29557,44
29558,44
29559,44
29560,44
29561,44
29562,44
29563,44
29564,44
29565,44
29566,44
29567,44
29568,44
29569,44
29570,44
29571,44
29572,44
29573,44
29574,44
29575,44
29576,44
29577,44
29578,44
29579,44
29580,44
29581,44
29582,44
29583,44
29584,44
29585,44
29586,44
29587,44
29588,44
29589,44
29590,44
29591,44
29592,44
29593,44
29594,44
29595,44
29596,44
29597,44
29598,44
29599,44
29600,44
29601,44
29602,44
29603,44
29604,44
29605,44
29606,44
29607,44
29608,44
29609,44
29610,44
29611,44
29612,44
29613,44
29614,44
29615,44
29616,44
29617,44
29618,44
29619,44
29620,44
29621,44
29622,44
29623,44
29624,44
29625,44
29626,44
29627,44
29628,44
29629,44
29630,44
29631,44
29632,44
29633,44
29634,44
29635,44
29636,44
29637,44
29638,44
29639,44
29640,44
29641,44
29642,44
29643,44
29644,44
29645,44
29646,44
29647,44
29648,44
29649,44
29650,44
29651,44
29652,44
29653,44
29654,44
29655,44
29656,44
29657,44
29658,44
29659,44
29660,44
29661,44
29662,44
29663,44
29664,44
29665,44
29666,44
29667,44
29668,44
29669,44
29670,44
29671,44
29672,44
29673,44
29674,44
29675,44
29676,44
29677,44
29678,44
29679,44
29680,44
29681,44
29682,44
29683,44
29684,44
29685,44
29686,44
29687,44
29688,44
29689,44
29690,44
29691,44
29692,44
29693,44
29694,44
29695,44
29696,44
29697,44
29698,44
29699,44
29700,44
29701,44
29702,44
29703,44
29704,44
29705,44
29706,44
29707,44
29708,44
29709,44
29710,44
29711,44
29712,44
29713,44
29714,44
29715,44
29716,44
29717,44
29718,44
29719,44
29720,44
29721,44
29722,44
29723,44
29724,44
29725,44
29726,44
29727,44
29728,44
29729,44
29730,44
29731,44
29732,44
29733,44
29734,44
29735,44
29736,44
29737,44
29738,44
29739,44
29740,44
29741,44
29742,44
29743,44
29744,44
29745,44
29746,44
29747,44
29748,44
29749,44
29750,44
29751,44
29752,44
29753,44
29754,44
29755,44
29756,44
29757,44
29758,44
29759,43
29760,43
29761,43
29762,44
29763,44
29764,44
29765,44
29766,44
29767,44
29768,44
29769,44
29770,44
29771,44
29772,44
29773,44
29774,44
29775,44
29776,44
29777,44
29778,44
29779,44
29780,44
29781,44
29782,44
29783,44
29784,44
29785,44
29786,44
29787,44
29788,44
29789,44
29790,44
29791,44
29792,44
29793,44
29794,44
29795,44
29796,44
29797,44
29798,44
29799,44
29800,44
29801,44
29802,44
29803,44
29804,44
29805,44
29806,44
29807,44
29808,44
29809,44
29810,44
29811,44
29812,44
29813,44
29814,44
29815,44
29816,44
29817,44
29818,44
29819,44
29820,44
29821,44
29822,44
29823,44
29824,44
29825,44
29826,44
29827,44
29828,44
29829,44
29830,44
29831,44
29832,44
29833,44
29834,44
29835,44
29836,44
29837,44
29838,44
29839,44
29840,44
29841,44
29842,44
29843,44
29844,44
29845,44
29846,44
29847,44
29848,44
29849,44
29850,44
29851,44
29852,44
29853,44
29854,44
29855,44
29856,44
29857,44
29858,44
29859,44
29860,44
29861,44
29862,44
29863,44
29864,44
29865,44
29866,44
29867,44
29868,44
29869,44
29870,44
29871,44
29872,44
29873,44
29874,44
29875,44
29876,44
29877,44
29878,44
29879,44
29880,44
29881,44
29882,44
29883,44
29884,44
29885,44
29886,44
29887,44
29888,44
29889,44
29890,44
29891,44
29892,44
29893,44
29894,44
29895,44
29896,44
29897,44
29898,44
29899,44
29900,44
29901,44
29902,44
29903,44
29904,44
29905,44
29906,44
29907,44
29908,44
29909,44
29910,44
29911,44
29912,44
29913,44
29914,44
29915,44
29916,44
29917,44
29918,44
29919,44
29920,44
29921,44
29922,44
29923,44
29924,44
29925,44
29926,44
29927,44
29928,44
29929,44
29930,44
29931,44
29932,44
29933,44
29934,44
29935,44
29936,44
29937,44
29938,44
29939,44
29940,44
29941,44
29942,44
29943,44
29944,44
29945,44
29946,44
29947,44
29948,44
29949,44
29950,44
29951,44
29952,44
29953,44
29954,44
29955,44
29956,44
29957,44
29958,44
29959,44
29960,44
29961,44
29962,44
29963,44
29964,44
29965,44
29966,44
29967,44
29968,44
29969,44
29970,44
29971,44
29972,44
29973,44
29974,44
29975,44
29976,44
29977,44
29978,44
29979,44
29980,44
29981,44
29982,44
29983,44
29984,44
29985,44
29986,44
29987,44
29988,44
29989,44
29990,44
29991,44
29992,44
29993,44
29994,44
29995,44
29996,44
29997,44
29998,44
29999,44
30000,44
30001,44
30002,44
30003,44
30004,44
30005,44
30006,44
30007,44
30008,44
30009,44
30010,44
30011,44
30012,44
30013,44
30014,44
30015,44
30016,44
30017,44
30018,44
30019,44
30020,44
30021,44
30022,44
30023,44
30024,44
30025,44
30026,44
30027,44
30028,44
30029,44
30030,44
30031,44
30032,44
30033,44
30034,44
30035,44
30036,44
30037,44
30038,44
30039,44
30040,44
30041,44
30042,44
30043,44
30044,44
30045,44
30046,44
30047,44
30048,44
30049,44
30050,44
30051,44
30052,44
30053,44
30054,44
30055,44
30056,44
30057,44
30058,44
30059,44
30060,44
30061,44
30062,44
30063,44
30064,44
30065,44
30066,44
30067,44
30068,44
30069,44
30070,44
30071,44
30072,44
30073,44
30074,44
30075,44
30076,44
30077,44
30078,44
30079,44
30080,44
30081,44
30082,44
30083,44
30084,44
30085,44
30086,44
30087,44
30088,44
30089,44
30090,44
30091,44
30092,44
30093,44
30094,44
30095,44
30096,44
30097,44
30098,44
30099,44
30100,44
30101,44
30102,44
30103,44
30104,44
30105,44
30106,44
30107,44
30108,44
30109,44
30110,44
30111,44
30112,44
30113,44
30114,45
30115,45
30116,45
30117,45
30118,45
30119,45
30120,44
30121,44
30122,44
30123,44
30124,44
30125,44
30126,44
30127,44
30128,44
30129,44
30130,44
30131,44
30132,44
30133,44
30134,44
30135,44
30136,44
30137,44
30138,44
30139,44
30140,44
30141,44
30142,44
30143,44
30144,44
30145,44
30146,44
30147,44
30148,44
30149,44
30150,44
30151,44
30152,44
30153,44
30154,44
30155,44
30156,44
30157,44
30158,44
30159,44
30160,44
30161,44
30162,44
30163,44
30164,44
30165,44
30166,44
30167,44
30168,44
30169,44
30170,44
30171,44
30172,44
30173,44
30174,44
30175,44
30176,44
30177,44
30178,44
30179,44
30180,44
30181,44
30182,44
30183,44
30184,44
30185,44
30186,44
30187,44
30188,44
30189,44
30190,44
30191,44
30192,44
30193,44
30194,44
30195,44
30196,44
30197,44
30198,44
30199,44
30200,44
30201,44
30202,44
30203,44
30204,44
30205,44
30206,44
30207,44
30208,44
30209,44
30210,44
30211,44
30212,44
30213,44
30214,44
30215,44
30216,44
30217,44
30218,44
30219,44
30220,44
30221,44
30222,44
30223,44
30224,44
30225,44
30226,44
30227,44
30228,44
30229,44
30230,44
30231,44
30232,44
30233,44
30234,44
30235,44
30236,44
30237,44
30238,44
30239,44
30240,44
30241,44
30242,44
30243,44
30244,44
30245,44
30246,44
30247,44
30248,44
30249,44
30250,44
30251,44
30252,44
30253,44
30254,44
30255,44
30256,44
30257,44
30258,44
30259,44
30260,44
30261,43
30262,43
30263,43
30264,43
30265,43
30266,43
30267,43
30268,43
30269,43
30270,43
30271,43
30272,43
30273,43
30274,43
30275,43
30276,43
30277,43
30278,43
30279,43
30280,43
30281,43
30282,43
30283,43
30284,43
30285,43
30286,43
30287,43
30288,43
30289,43
30290,44
30291,44
30292,44
30293,44
30294,44
30295,44
30296,44
30297,44
30298,44
30299,44
30300,44
30301,44
30302,44
30303,44
30304,44
30305,44
30306,44
30307,44
30308,44
30309,44
30310,44
30311,44
30312,44
30313,44
30314,44
30315,44
30316,44
30317,44
30318,44
30319,44
30320,44
30321,44
30322,44
30323,44
30324,44
30325,44
30326,44
30327,44
30328,44
30329,44
30330,44
30331,44
30332,44
30333,44
30334,44
30335,44
30336,44
30337,44
30338,44
30339,44
30340,44
30341,44
30342,44
30343,44
30344,44
30345,44
30346,44
30347,44
30348,44
30349,44
30350,44
30351,44
30352,44
30353,44
30354,44
30355,44
30356,44
30357,44
30358,44
30359,44
30360,44
30361,44
30362,44
30363,44
30364,44
30365,44
30366,44
30367,44
30368,44
30369,44
30370,44
30371,44
30372,44
30373,44
30374,44
30375,44
30376,44
30377,44
30378,44
30379,44
30380,44
30381,44
30382,44
30383,44
30384,44
30385,44
30386,44
30387,44
30388,44
30389,44
30390,44
30391,44
30392,44
30393,44
30394,44
30395,43
30396,43
30397,43
30398,43
30399,43
30400,43
30401,43
30402,43
30403,43
30404,43
30405,43
30406,43
30407,43
30408,43
30409,43
30410,43
30411,43
30412,43
30413,43
30414,43
30415,43
30416,43
30417,43
30418,43
30419,43
30420,43
30421,43
30422,43
30423,43
30424,43
30425,43
30426,43
30427,43
30428,43
30429,43
30430,43
30431,43
30432,43
30433,43
30434,44
30435,44
30436,44
30437,44
30438,44
30439,44
30440,44
30441,44
30442,44
30443,44
30444,44
30445,44
30446,44
30447,44
30448,44
30449,44
30450,44
30451,44
30452,44
30453,44
30454,44
30455,44
30456,44
30457,44
30458,44
30459,44
30460,44
30461,44
30462,44
30463,44
30464,44
30465,44
30466,44
30467,44
30468,44
30469,44
30470,44
30471,44
30472,44
30473,44
30474,44
30475,44
30476,44
30477,44
30478,44
30479,44
30480,44
30481,44
30482,44
30483,44
30484,44
30485,44
30486,44
30487,44
30488,44
30489,44
30490,44
30491,44
30492,44
30493,44
30494,44
30495,44
30496,44
30497,44
30498,44
30499,44
30500,44
30501,44
30502,44
30503,44
30504,44
30505,44
30506,44
30507,44
30508,44
30509,44
30510,44
30511,44
30512,44
30513,44
30514,44
30515,44
30516,44
30517,44
30518,44
30519,44
30520,44
30521,44
30522,44
30523,44
30524,44
30525,44
30526,44
30527,44
30528,44
30529,44
30530,44
30531,44
30532,44
30533,44
30534,44
30535,44
30536,44
30537,44
30538,44
30539,44
30540,44
30541,44
30542,44
30543,44
30544,44
30545,44
30546,44
30547,44
30548,44
30549,44
30550,44
30551,44
30552,44
30553,44
30554,44
30555,44
30556,44
30557,44
30558,44
30559,44
30560,44
30561,44
30562,44
30563,44
30564,44
30565,44
30566,44
30567,44
30568,44
30569,43
30570,43
30571,43
30572,43
30573,43
30574,43
30575,43
30576,43
30577,43
30578,43
30579,43
30580,43
30581,43
30582,44
30583,44
30584,44
30585,44
30586,44
30587,44
30588,44
30589,44
30590,44
30591,44
30592,44
30593,44
30594,44
30595,44
30596,44
30597,44
30598,44
30599,44
30600,44
30601,44
30602,44
30603,44
30604,44
30605,44
30606,44
30607,44
30608,44
30609,44
30610,44
30611,44
30612,44
30613,44
30614,44
30615,44
30616,44
30617,44
30618,44
30619,44
30620,44
30621,44
30622,44
30623,44
30624,44
30625,44
30626,44
30627,44
30628,44
30629,44
30630,44
30631,44
30632,44
30633,44
30634,44
30635,44
30636,44
30637,44
30638,44
30639,44
30640,44
30641,44
30642,44
30643,44
30644,44
30645,44
30646,44
30647,44
30648,44
30649,44
30650,44
30651,44
30652,44
30653,44
30654,44
30655,44
30656,44
30657,44
30658,44
30659,44
30660,44
30661,44
30662,44
30663,44
30664,44
30665,44
30666,44
30667,44
30668,44
30669,44
30670,44
30671,44
30672,44
30673,44
30674,44
30675,44
30676,44
30677,44
30678,44
30679,44
30680,44
30681,44
30682,44
30683,44
30684,44
30685,44
30686,44
30687,44
30688,44
30689,44
30690,44
30691,44
30692,44
30693,44
30694,44
30695,44
30696,44
30697,44
30698,44
30699,44
30700,44
30701,44
30702,44
30703,44
30704,44
30705,44
30706,44
30707,44
30708,44
30709,44
30710,44
30711,44
30712,44
30713,44
30714,44
30715,44
30716,44
30717,44
30718,44
30719,44
30720,44
30721,44
30722,44
30723,44
30724,44
30725,44
30726,44
30727,44
30728,44
30729,44
30730,44
30731,44
30732,44
30733,44
30734,44
30735,44
30736,44
30737,44
30738,44
30739,44
30740,44
30741,44
30742,44
30743,44
30744,44
30745,44
30746,44
30747,44
30748,44
30749,44
30750,44
30751,44
30752,44
30753,44
30754,44
30755,44
30756,44
30757,44
30758,44
30759,44
30760,44
30761,44
30762,44
30763,44
30764,44
30765,44
30766,44
30767,44
30768,44
30769,44
30770,44
30771,44
30772,44
30773,44
30774,44
30775,44
30776,44
30777,44
30778,44
30779,44
30780,44
30781,44
30782,44
30783,44
30784,44
30785,44
30786,44
30787,44
30788,44
30789,44
30790,44
30791,44
30792,44
30793,44
30794,44
30795,44
30796,44
30797,44
30798,44
30799,44
30800,44
30801,44
30802,44
30803,44
30804,44
30805,44
30806,44
30807,44
30808,44
30809,44
30810,44
30811,44
30812,44
30813,44
30814,44
30815,44
30816,44
30817,44
30818,44
30819,44
30820,44
30821,44
30822,44
30823,44
30824,44
30825,44
30826,44
30827,44
30828,44
30829,44
30830,44
30831,44
30832,44
30833,44
30834,44
30835,44
30836,44
30837,44
30838,44
30839,44
30840,44
30841,44
30842,44
30843,44
30844,44
30845,44
30846,44
30847,44
30848,44
30849,44
30850,44
30851,44
30852,44
30853,44
30854,44
30855,44
30856,44
30857,44
30858,44
30859,44
30860,44
30861,44
30862,44
30863,44
30864,44
30865,44
30866,44
30867,44
30868,44
30869,44
30870,44
30871,44
30872,44
30873,44
30874,44
30875,44
30876,44
30877,44
30878,44
30879,44
30880,44
30881,44
30882,44
30883,44
30884,44
30885,44
30886,44
30887,44
30888,44
30889,44
30890,44
30891,44
30892,44
30893,44
30894,44
30895,44
30896,44
30897,44
30898,44
30899,44
30900,44
30901,44
30902,44
30903,44
30904,44
30905,44
30906,44
30907,44
30908,44
30909,44
30910,44
30911,44
30912,44
30913,44
30914,44
30915,44
30916,44
30917,44
30918,44
30919,44
30920,44
30921,44
30922,44
30923,44
30924,44
30925,44
30926,44
30927,44
30928,44
30929,44
30930,44
30931,44
30932,44
30933,44
30934,44
30935,44
30936,44
30937,44
30938,44
30939,44
30940,44
30941,44
30942,44
30943,44
30944,44
30945,44
30946,44
30947,44
30948,44
30949,44
30950,44
30951,44
30952,44
30953,44
30954,44
30955,44
30956,44
30957,44
30958,44
30959,44
30960,44
30961,44
30962,44
30963,44
30964,44
30965,44
30966,44
30967,44
30968,44
30969,44
30970,44
30971,44
30972,44
30973,44
30974,44
30975,44
30976,44
30977,44
30978,44
30979,44
30980,44
30981,44
30982,44
30983,44
30984,44
30985,44
30986,44
30987,44
30988,44
30989,44
30990,44
30991,44
30992,44
30993,44
30994,44
30995,44
30996,44
30997,44
30998,44
30999,44
31000,44
31001,44
31002,44
31003,44
31004,44
31005,44
31006,44
31007,44
31008,44
31009,44
31010,44
31011,44
31012,44
31013,44
31014,44
31015,44
31016,44
31017,44
31018,44
31019,44
31020,44
31021,44
31022,44
31023,44
31024,44
31025,44
31026,44
31027,44
31028,44
31029,44
31030,44
31031,44
31032,44
31033,44
31034,44
31035,44
31036,44
31037,44
31038,44
31039,44
31040,44
31041,44
31042,44
31043,44
31044,44
31045,44
31046,44
31047,44
31048,44
31049,44
31050,44
31051,44
31052,44
31053,44
31054,44
31055,44
31056,44
31057,44
31058,44
31059,44
31060,44
31061,44
31062,44
31063,44
31064,44
31065,44
31066,44
31067,44
31068,44
31069,44
31070,44
31071,44
31072,44
31073,44
31074,44
31075,44
31076,44
31077,44
31078,44
31079,44
31080,44
31081,44
31082,44
31083,44
31084,44
31085,44
31086,44
31087,44
31088,44
31089,44
31090,44
31091,44
31092,44
31093,44
31094,44
31095,44
31096,44
31097,44
31098,44
31099,44
31100,44
31101,44
31102,44
31103,44
31104,44
31105,44
31106,44
31107,44
31108,44
31109,44
31110,44
31111,44
31112,44
31113,44
31114,44
31115,44
31116,44
31117,44
31118,44
31119,44
31120,44
31121,44
31122,44
31123,44
31124,44
31125,44
31126,44
31127,44
31128,44
31129,44
31130,44
31131,44
31132,44
31133,44
31134,44
31135,44
31136,44
31137,44
31138,44
31139,44
31140,44
31141,44
31142,44
31143,44
31144,44
31145,44
31146,44
31147,44
31148,44
31149,44
31150,44
31151,44
31152,44
31153,44
31154,44
31155,44
31156,44
31157,44
31158,44
31159,44
31160,44
31161,44
31162,44
31163,44
31164,44
31165,44
31166,44
31167,44
31168,44
31169,44
31170,44
31171,44
31172,44
31173,44
31174,44
31175,44
31176,44
31177,44
31178,44
31179,44
31180,44
31181,44
31182,44
31183,44
31184,44
31185,44
31186,44
31187,44
31188,44
31189,44
31190,44
31191,44
31192,44
31193,44
31194,44
31195,44
31196,44
31197,44
31198,44
31199,44
31200,44
31201,44
31202,44
31203,44
31204,44
31205,44
31206,43
31207,43
31208,43
31209,43
31210,43
31211,43
31212,43
31213,43
31214,43
31215,44
31216,44
31217,44
31218,43
31219,43
31220,43
31221,43
31222,44
31223,44
31224,44
31225,44
31226,44
31227,44
31228,44
31229,44
31230,44
31231,44
31232,44
31233,44
31234,44
31235,44
31236,44
31237,44
31238,44
31239,44
31240,44
31241,44
31242,44
31243,44
31244,44
31245,44
31246,44
31247,44
31248,44
31249,44
31250,44
31251,44
31252,44
31253,44
31254,44
31255,44
31256,44
31257,44
31258,44
31259,44
31260,44
31261,44
31262,44
31263,44
31264,44
31265,44
31266,44
31267,44
31268,44
31269,44
31270,44
31271,44
31272,44
31273,44
31274,44
31275,44
31276,44
31277,44
31278,44
31279,44
31280,44
31281,44
31282,44
31283,44
31284,44
31285,44
31286,44
31287,44
31288,44
31289,44
31290,44
31291,44
31292,44
31293,44
31294,44
31295,44
31296,44
31297,44
31298,44
31299,44
31300,44
31301,44
31302,44
31303,44
31304,44
31305,44
31306,44
31307,44
31308,44
31309,44
31310,44
31311,44
31312,44
31313,44
31314,44
31315,44
31316,44
31317,44
31318,44
31319,44
31320,44
31321,44
31322,44
31323,44
31324,44
31325,44
31326,44
31327,44
31328,44
31329,44
31330,44
31331,44
31332,44
31333,44
31334,44
31335,44
31336,44
31337,44
31338,44
31339,44
31340,44
31341,44
31342,44
31343,44
31344,44
31345,44
31346,44
31347,44
31348,44
31349,44
31350,44
31351,44
31352,44
31353,44
31354,44
31355,44
31356,44
31357,44
31358,44
31359,44
31360,44
31361,44
31362,44
31363,44
31364,44
31365,44
31366,44
31367,44
31368,44
31369,44
31370,44
31371,44
31372,44
31373,44
31374,44
31375,44
31376,44
31377,44
31378,44
31379,44
31380,44
31381,44
31382,44
31383,44
31384,44
31385,44
31386,44
31387,44
31388,44
31389,44
31390,44
31391,44
31392,44
31393,44
31394,44
31395,44
31396,44
31397,44
31398,44
31399,44
31400,44
31401,44
31402,44
31403,44
31404,44
31405,44
31406,44
31407,44
31408,44
31409,44
31410,44
31411,44
31412,44
31413,44
31414,44
31415,44
31416,44
31417,44
31418,44
31419,44
31420,44
31421,44
31422,44
31423,44
31424,44
31425,44
31426,44
31427,44
31428,44
31429,44
31430,44
31431,44
31432,44
31433,44
31434,44
31435,44
31436,44
31437,44
31438,44
31439,44
31440,44
31441,44
31442,44
31443,44
31444,44
31445,44
31446,44
31447,44
31448,44
31449,44
31450,44
31451,44
31452,44
31453,44
31454,44
31455,44
31456,44
31457,44
31458,44
31459,44
31460,44
31461,44
31462,44
31463,44
31464,44
31465,44
31466,44
31467,44
31468,44
31469,44
31470,44
31471,44
31472,44
31473,44
31474,44
31475,44
31476,44
31477,44
31478,44
31479,44
31480,44
31481,44
31482,44
31483,44
31484,44
31485,44
31486,44
31487,44
31488,44
31489,44
31490,44
31491,44
31492,44
31493,44
31494,44
31495,44
31496,44
31497,44
31498,44
31499,44
31500,44
31501,44
31502,44
31503,44
31504,44
31505,44
31506,44
31507,44
31508,44
31509,44
31510,44
31511,44
31512,44
31513,44
31514,44
31515,44
31516,44
31517,44
31518,44
31519,44
31520,44
31521,44
31522,44
31523,44
31524,44
31525,44
31526,44
31527,44
31528,44
31529,44
31530,44
31531,44
31532,44
31533,44
31534,44
31535,44
31536,44
31537,44
31538,44
31539,44
31540,44
31541,44
31542,44
31543,44
31544,44
31545,44
31546,44
31547,44
31548,44
31549,44
31550,44
31551,44
31552,44
31553,44
31554,44
31555,44
31556,44
31557,44
31558,44
31559,44
31560,44
31561,44
31562,44
31563,44
31564,44
31565,44
31566,44
31567,44
31568,44
31569,44
31570,44
31571,44
31572,44
31573,44
31574,44
31575,44
31576,44
31577,44
31578,44
31579,44
31580,44
31581,44
31582,44
31583,44
31584,44
31585,44
31586,44
31587,44
31588,44
31589,44
31590,44
31591,44
31592,44
31593,44
31594,44
31595,44
31596,44
31597,44
31598,44
31599,44
31600,44
31601,44
31602,44
31603,44
31604,44
31605,44
31606,44
31607,44
31608,44
31609,44
31610,44
31611,44
31612,44
31613,44
31614,44
31615,44
31616,44
31617,44
31618,44
31619,44
31620,44
31621,44
31622,44
31623,44
31624,44
31625,44
31626,45
31627,45
31628,45
31629,45
31630,45
31631,45
31632,45
31633,44
31634,44
31635,44
31636,44
31637,44
31638,44
31639,44
31640,44
31641,44
31642,44
31643,44
31644,44
31645,44
31646,44
31647,44
31648,44
31649,44
31650,44
31651,44
31652,44
31653,44
31654,44
31655,44
31656,44
31657,44
31658,44
31659,44
31660,44
31661,44
31662,44
31663,44
31664,44
31665,44
31666,44
31667,44
31668,44
31669,44
31670,44
31671,44
31672,44
31673,44
31674,44
31675,44
31676,44
31677,44
31678,45
31679,45
31680,45
31681,45
31682,45
31683,45
31684,45
31685,45
31686,45
31687,45
31688,45
31689,45
31690,45
31691,45
31692,45
31693,45
31694,45
31695,45
31696,45
31697,45
31698,45
31699,45
31700,45
31701,45
31702,45
31703,45
31704,45
31705,45
31706,45
31707,45
31708,45
31709,45
31710,45
31711,45
31712,45
31713,45
31714,45
31715,45
31716,45
31717,45
31718,45
31719,45
31720,45
31721,45
31722,45
31723,45
31724,45
31725,45
31726,45
31727,45
31728,45
31729,45
31730,45
31731,45
31732,45
31733,44
31734,44
31735,44
31736,44
31737,44
31738,44
31739,44
31740,44
31741,44
31742,44
31743,44
31744,44
31745,44
31746,44
31747,44
31748,44
31749,44
31750,44
31751,44
31752,44
31753,44
31754,44
31755,44
31756,44
31757,44
31758,44
31759,44
31760,44
31761,44
31762,44
31763,44
31764,44
31765,44
31766,44
31767,44
31768,44
31769,44
31770,44
31771,44
31772,44
31773,44
31774,44
31775,44
31776,44
31777,44
31778,44
31779,44
31780,44
31781,44
31782,44
31783,44
31784,44
31785,44
31786,44
31787,45
31788,45
31789,45
31790,45
31791,45
31792,45
31793,45
31794,45
31795,45
31796,45
31797,45
31798,45
31799,45
31800,45
31801,45
31802,44
31803,44
31804,44
31805,44
31806,44
31807,44
31808,44
31809,44
31810,44
31811,44
31812,44
31813,44
31814,44
31815,44
31816,44
31817,44
31818,44
31819,44
31820,44
31821,44
31822,44
31823,44
31824,44
31825,44
31826,44
31827,44
31828,44
31829,44
31830,44
31831,44
31832,44
31833,44
31834,44
31835,44
31836,44
31837,44
31838,44
31839,44
31840,44
31841,44
31842,44
31843,44
31844,44
31845,44
31846,44
31847,44
31848,44
31849,44
31850,44
31851,44
31852,44
31853,44
31854,44
31855,44
31856,44
31857,44
31858,44
31859,44
31860,44
31861,44
31862,44
31863,44
31864,44
31865,44
31866,44
31867,44
31868,44
31869,44
31870,44
31871,44
31872,44
31873,44
31874,44
31875,44
31876,44
31877,44
31878,44
31879,44
31880,44
31881,44
31882,44
31883,44
31884,44
31885,44
31886,44
31887,44
31888,44
31889,44
31890,44
31891,44
31892,44
31893,44
31894,44
31895,44
31896,44
31897,44
31898,44
31899,44
31900,44
31901,44
31902,44
31903,44
31904,44
31905,44
31906,44
31907,44
31908,44
31909,44
31910,44
31911,44
31912,44
31913,44
31914,44
31915,44
31916,44
31917,44
31918,44
31919,44
31920,44
31921,44
31922,44
31923,44
31924,44
31925,44
31926,44
31927,44
31928,44
31929,45
31930,45
31931,45
31932,45
31933,45
31934,45
31935,45
31936,45
31937,45
31938,45
31939,45
31940,45
31941,45
31942,45
31943,45
31944,45
31945,45
31946,44
31947,44
31948,44
31949,44
31950,44
31951,44
31952,44
31953,44
31954,44
31955,44
31956,44
31957,44
31958,44
31959,44
31960,44
31961,44
31962,44
31963,44
31964,44
31965,44
31966,44
31967,44
31968,44
31969,44
31970,44
31971,44
31972,44
31973,44
31974,44
31975,44
31976,44
31977,44
31978,44
31979,44
31980,44
31981,44
31982,44
31983,44
31984,44
31985,44
31986,44
31987,44
31988,44
31989,44
31990,44
31991,44
31992,44
31993,44
31994,44
31995,44
31996,44
31997,44
31998,44
31999,44
32000,44
32001,44
32002,44
32003,44
32004,44
32005,44
32006,44
32007,44
32008,44
32009,44
32010,44
32011,44
32012,44
32013,44
32014,44
32015,44
32016,44
32017,44
32018,44
32019,44
32020,44
32021,44
32022,44
32023,44
32024,44
32025,44
32026,44
32027,44
32028,44
32029,44
32030,44
32031,44
32032,44
32033,44
32034,45
32035,45
32036,45
32037,45
32038,45
32039,45
32040,45
32041,45
32042,45
32043,45
32044,45
32045,45
32046,45
32047,45
32048,45
32049,45
32050,45
32051,45
32052,45
32053,45
32054,45
32055,45
32056,45
32057,45
32058,45
32059,45
32060,45
32061,45
32062,45
32063,45
32064,45
32065,45
32066,45
32067,45
32068,45
32069,45
32070,45
32071,45
32072,45
32073,45
32074,45
32075,45
32076,45
32077,45
32078,45
32079,45
32080,45
32081,45
32082,45
32083,45
32084,45
32085,45
32086,45
32087,45
32088,45
32089,45
32090,45
32091,45
32092,45
32093,45
32094,45
32095,45
32096,45
32097,45
32098,45
32099,45
32100,45
32101,45
32102,45
32103,45
32104,45
32105,45
32106,45
32107,45
32108,45
32109,45
32110,45
32111,45
32112,45
32113,45
32114,45
32115,45
32116,45
32117,45
32118,45
32119,45
32120,45
32121,45
32122,45
32123,45
32124,45
32125,45
32126,45
32127,45
32128,45
32129,45
32130,45
32131,45
32132,45
32133,45
32134,45
32135,45
32136,45
32137,45
32138,45
32139,45
32140,45
32141,45
32142,45
32143,45
32144,45
32145,45
32146,45
32147,45
32148,45
32149,45
32150,45
32151,45
32152,44
32153,44
32154,44
32155,44
32156,44
32157,44
32158,44
32159,44
32160,44
32161,44
32162,44
32163,44
32164,44
32165,44
32166,44
32167,44
32168,44
32169,44
32170,44
32171,44
32172,44
32173,44
32174,44
32175,44
32176,44
32177,44
32178,44
32179,44
32180,44
32181,44
32182,44
32183,44
32184,44
32185,44
32186,44
32187,44
32188,44
32189,44
32190,44
32191,44
32192,44
32193,44
32194,44
32195,44
32196,44
32197,44
32198,44
32199,44
32200,44
32201,44
32202,44
32203,44
32204,44
32205,44
32206,44
32207,44
32208,44
32209,44
32210,44
32211,44
32212,44
32213,44
32214,44
32215,44
32216,44
32217,44
32218,44
32219,44
32220,44
32221,44
32222,44
32223,44
32224,44
32225,44
32226,44
32227,44
32228,44
32229,44
32230,44
32231,44
32232,44
32233,44
32234,44
32235,44
32236,44
32237,44
32238,44
32239,44
32240,44
32241,44
32242,44
32243,44
32244,44
32245,44
32246,44
32247,44
32248,44
32249,44
32250,44
32251,44
32252,44
32253,45
32254,45
32255,45
32256,45
32257,45
32258,45
32259,45
32260,44
32261,44
32262,44
32263,44
32264,44
32265,44
32266,44
32267,44
32268,44
32269,44
32270,44
32271,44
32272,44
32273,44
32274,44
32275,44
32276,44
32277,44
32278,44
32279,44
32280,44
32281,44
32282,44
32283,44
32284,44
32285,44
32286,44
32287,44
32288,44
32289,44
32290,44
32291,44
32292,44
32293,44
32294,44
32295,44
32296,44
32297,44
32298,44
32299,44
32300,44
32301,44
32302,44
32303,44
32304,44
32305,44
32306,44
32307,44
32308,44
32309,44
32310,44
32311,44
32312,44
32313,44
32314,44
32315,44
32316,44
32317,44
32318,44
32319,44
32320,44
32321,44
32322,44
32323,44
32324,44
32325,44
32326,44
32327,44
32328,44
32329,44
32330,44
32331,44
32332,44
32333,44
32334,44
32335,44
32336,44
32337,44
32338,44
32339,44
32340,44
32341,44
32342,44
32343,44
32344,44
32345,44
32346,44
32347,44
32348,44
32349,44
32350,44
32351,44
32352,44
32353,44
32354,44
32355,44
32356,44
32357,44
32358,44
32359,44
32360,44
32361,44
32362,44
32363,44
32364,44
32365,44
32366,44
32367,44
32368,44
32369,44
32370,44
32371,44
32372,44
32373,44
32374,44
32375,44
32376,44
32377,44
32378,44
32379,44
32380,44
32381,44
32382,44
32383,44
32384,44
32385,44
32386,44
32387,44
32388,45
32389,45
32390,45
32391,45
32392,45
32393,45
32394,45
32395,45
32396,45
32397,45
32398,45
32399,45
32400,45
32401,45
32402,45
32403,45
32404,45
32405,45
32406,45
32407,45
32408,45
32409,45
32410,45
32411,45
32412,45
32413,45
32414,45
32415,45
32416,45
32417,45
32418,45
32419,45
32420,45
32421,45
32422,45
32423,45
32424,45
32425,45
32426,45
32427,45
32428,45
32429,45
32430,45
32431,45
32432,45
32433,45
32434,45
32435,45
32436,45
32437,45
32438,45
32439,45
32440,45
32441,45
32442,45
32443,45
32444,45
32445,44
32446,44
32447,44
32448,44
32449,44
32450,44
32451,44
32452,44
32453,44
32454,44
32455,44
32456,44
32457,44
32458,44
32459,44
32460,44
32461,44
32462,44
32463,44
32464,44
32465,44
32466,44
32467,44
32468,44
32469,44
32470,44
32471,44
32472,44
32473,44
32474,44
32475,44
32476,44
32477,44
32478,44
32479,44
32480,44
32481,44
32482,44
32483,44
32484,44
32485,44
32486,44
32487,44
32488,44
32489,44
32490,44
32491,44
32492,44
32493,44
32494,44
32495,44
32496,44
32497,44
32498,44
32499,44
32500,44
32501,44
32502,44
32503,44
32504,44
32505,44
32506,44
32507,44
32508,44
32509,44
32510,44
32511,44
32512,44
32513,44
32514,44
32515,44
32516,44
32517,44
32518,44
32519,44
32520,44
32521,44
32522,44
32523,44
32524,44
32525,44
32526,44
32527,44
32528,44
32529,44
32530,44
32531,44
32532,44
32533,44
32534,44
32535,44
32536,44
32537,44
32538,44
32539,44
32540,44
32541,44
32542,44
32543,44
32544,44
32545,44
32546,44
32547,44
32548,44
32549,44
32550,44
32551,44
32552,44
32553,44
32554,44
32555,44
32556,44
32557,44
32558,44
32559,44
32560,44
32561,44
32562,44
32563,44
32564,44
32565,44
32566,44
32567,44
32568,44
32569,44
32570,44
32571,44
32572,44
32573,44
32574,44
32575,44
32576,44
32577,44
32578,44
32579,44
32580,44
32581,44
32582,44
32583,44
32584,44
32585,44
32586,44
32587,44
32588,44
32589,44
32590,44
32591,44
32592,44
32593,44
32594,44
32595,44
32596,44
32597,44
32598,44
32599,44
32600,44
32601,44
32602,44
32603,44
32604,44
32605,44
32606,44
32607,44
32608,44
32609,44
32610,44
32611,44
32612,44
32613,44
32614,44
32615,44
32616,44
32617,44
32618,44
32619,44
32620,44
32621,44
32622,44
32623,44
32624,44
32625,44
32626,44
32627,44
32628,44
32629,44
32630,44
32631,44
32632,44
32633,44
32634,44
32635,44
32636,44
32637,44
32638,44
32639,44
32640,44
32641,44
32642,44
32643,44
32644,44
32645,44
32646,44
32647,44
32648,44
32649,44
32650,44
32651,44
32652,44
32653,44
32654,44
32655,44
32656,44
32657,44
32658,44
32659,44
32660,44
32661,44
32662,44
32663,44
32664,44
32665,44
32666,44
32667,44
32668,44
32669,44
32670,44
32671,44
32672,44
32673,44
32674,44
32675,44
32676,44
32677,44
32678,44
32679,44
32680,44
32681,44
32682,44
32683,44
32684,44
32685,44
32686,44
32687,44
32688,44
32689,44
32690,44
32691,44
32692,44
32693,44
32694,44
32695,44
32696,44
32697,44
32698,44
32699,44
32700,44
32701,44
32702,44
32703,44
32704,44
32705,44
32706,44
32707,44
32708,44
32709,44
32710,44
32711,44
32712,44
32713,44
32714,44
32715,44
32716,44
32717,44
32718,44
32719,44
32720,44
32721,44
32722,44
32723,44
32724,44
32725,44
32726,44
32727,44
32728,44
32729,44
32730,44
32731,44
32732,44
32733,44
32734,44
32735,44
32736,44
32737,44
32738,44
32739,44
32740,44
32741,44
32742,44
32743,44
32744,44
32745,44
32746,44
32747,44
32748,44
32749,44
32750,44
32751,44
32752,44
32753,44
32754,44
32755,44
32756,44
32757,44
32758,44
32759,44
32760,44
32761,44
32762,44
32763,44
32764,44
32765,44
32766,44
32767,44
32768,44
32769,44
32770,44
32771,44
32772,44
32773,44
32774,44
32775,44
32776,44
32777,44
32778,44
32779,44
32780,44
32781,44
32782,44
32783,44
32784,44
32785,44
32786,44
32787,44
32788,44
32789,44
32790,44
32791,44
32792,44
32793,44
32794,44
32795,44
32796,44
32797,44
32798,44
32799,44
32800,44
32801,44
32802,44
32803,44
32804,44
32805,44
32806,44
32807,44
32808,44
32809,44
32810,44
32811,44
32812,44
32813,44
32814,44
32815,44
32816,44
32817,44
32818,44
32819,44
32820,44
32821,44
32822,44
32823,44
32824,44
32825,44
32826,44
32827,44
32828,44
32829,44
32830,44
32831,44
32832,44
32833,44
32834,44
32835,44
32836,44
32837,44
32838,44
32839,44
32840,44
32841,44
32842,44
32843,44
32844,44
32845,44
32846,44
32847,44
32848,44
32849,44
32850,44
32851,44
32852,44
32853,44
32854,44
32855,44
32856,44
32857,44
32858,44
32859,44
32860,44
32861,44
32862,44
32863,44
32864,44
32865,44
32866,44
32867,44
32868,44
32869,44
32870,44
32871,44
32872,44
32873,44
32874,44
32875,44
32876,44
32877,44
32878,44
32879,44
32880,44
32881,45
32882,45
32883,45
32884,45
32885,45
32886,45
32887,45
32888,45
32889,45
32890,45
32891,45
32892,45
32893,45
32894,45
32895,45
32896,45
32897,45
32898,45
32899,45
32900,45
32901,45
32902,45
32903,45
32904,45
32905,45
32906,45
32907,45
32908,45
32909,45
32910,45
32911,45
32912,45
32913,45
32914,45
32915,45
32916,45
32917,45
32918,45
32919,45
32920,45
32921,45
32922,45
32923,45
32924,45
32925,44
32926,44
32927,44
32928,44
32929,44
32930,44
32931,44
32932,44
32933,44
32934,44
32935,44
32936,44
32937,44
32938,44
32939,44
32940,44
32941,44
32942,44
32943,44
32944,44
32945,44
32946,44
32947,44
32948,44
32949,44
32950,44
32951,44
32952,44
32953,44
32954,44
32955,44
32956,44
32957,44
32958,44
32959,44
32960,44
32961,44
32962,44
32963,44
32964,44
32965,44
32966,44
32967,44
32968,44
32969,44
32970,44
32971,44
32972,44
32973,44
32974,44
32975,44
32976,44
32977,44
32978,44
32979,44
32980,44
32981,44
32982,44
32983,44
32984,45
32985,45
32986,45
32987,45
32988,45
32989,45
32990,45
32991,45
32992,45
32993,45
32994,45
32995,45
32996,45
32997,45
32998,45
32999,45
33000,45
33001,45
33002,45
33003,45
33004,45
33005,45
33006,45
33007,45
33008,45
33009,45
33010,45
33011,45
33012,45
33013,45
33014,45
33015,45
33016,45
33017,45
33018,45
33019,45
33020,45
33021,45
33022,45
33023,45
33024,45
33025,45
33026,45
33027,45
33028,45
33029,45
33030,45
33031,45
33032,45
33033,45
33034,45
33035,45
33036,45
33037,45
33038,45
33039,45
33040,45
33041,45
33042,45
33043,45
33044,45
33045,45
33046,45
33047,45
33048,45
33049,45
33050,45
33051,45
33052,45
33053,45
33054,45
33055,45
33056,45
33057,45
33058,45
33059,45
33060,45
33061,45
33062,45
33063,45
33064,45
33065,45
33066,45
33067,45
33068,45
33069,45
33070,45
33071,45
33072,45
33073,45
33074,45
33075,45
33076,45
33077,45
33078,45
33079,45
33080,45
33081,45
33082,45
33083,45
33084,45
33085,45
33086,45
33087,45
33088,44
33089,44
33090,44
33091,44
33092,44
33093,44
33094,44
33095,44
33096,45
33097,45
33098,45
33099,45
33100,44
33101,44
33102,44
33103,44
33104,44
33105,44
33106,44
33107,44
33108,44
33109,44
33110,44
33111,44
33112,44
33113,44
33114,44
33115,44
33116,44
33117,44
33118,44
33119,44
33120,44
33121,44
33122,44
33123,44
33124,44
33125,44
33126,44
33127,44
33128,44
33129,44
33130,44
33131,44
33132,44
33133,44
33134,44
33135,44
33136,44
33137,44
33138,44
33139,44
33140,44
33141,44
33142,44
33143,44
33144,44
33145,44
33146,44
33147,44
33148,44
33149,44
33150,44
33151,44
33152,44
33153,44
33154,44
33155,44
33156,44
33157,44
33158,44
33159,44
33160,44
33161,44
33162,44
33163,44
33164,44
33165,44
33166,44
33167,44
33168,44
33169,44
33170,44
33171,44
33172,44
33173,44
33174,44
33175,44
33176,44
33177,44
33178,44
33179,44
33180,44
33181,44
33182,44
33183,44
33184,44
33185,44
33186,44
33187,44
33188,44
33189,44
33190,44
33191,44
33192,44
33193,44
33194,44
33195,44
33196,44
33197,44
33198,44
33199,44
33200,44
33201,44
33202,44
33203,44
33204,44
33205,44
33206,44
33207,44
33208,44
33209,44
33210,44
33211,44
33212,44
33213,44
33214,44
33215,44
33216,44
33217,44
33218,44
33219,44
33220,44
33221,44
33222,44
33223,44
33224,44
33225,44
33226,44
33227,44
33228,44
33229,44
33230,44
33231,44
33232,44
33233,44
33234,44
33235,44
33236,44
33237,44
33238,44
33239,44
33240,44
33241,44
33242,44
33243,44
33244,44
33245,44
33246,44
33247,44
33248,44
33249,44
33250,44
33251,44
33252,44
33253,44
33254,44
33255,44
33256,44
33257,44
33258,44
33259,44
33260,44
33261,44
33262,44
33263,44
33264,44
33265,44
33266,44
33267,44
33268,44
33269,44
33270,44
33271,44
33272,44
33273,44
33274,44
33275,44
33276,44
33277,44
33278,44
33279,44
33280,44
33281,44
33282,44
33283,44
33284,44
33285,44
33286,44
33287,44
33288,44
33289,44
33290,44
33291,44
33292,44
33293,44
33294,44
33295,44
33296,44
33297,45
33298,45
33299,45
33300,45
33301,45
33302,45
33303,45
33304,45
33305,45
33306,45
33307,44
33308,44
33309,44
33310,44
33311,44
33312,44
33313,44
33314,44
33315,44
33316,44
33317,44
33318,44
33319,44
33320,44
33321,44
33322,44
33323,44
33324,44
33325,44
33326,44
33327,44
33328,44
33329,44
33330,44
33331,44
33332,44
33333,44
33334,44
33335,44
33336,44
33337,44
33338,44
33339,44
33340,44
33341,44
33342,44
33343,44
33344,44
33345,44
33346,44
33347,44
33348,44
33349,44
33350,44
33351,44
33352,44
33353,44
33354,44
33355,44
33356,44
33357,44
33358,44
33359,44
33360,44
33361,44
33362,44
33363,44
33364,44
33365,44
33366,44
33367,44
33368,44
33369,44
33370,44
33371,44
33372,44
33373,44
33374,44
33375,44
33376,44
33377,44
33378,44
33379,44
33380,44
33381,44
33382,44
33383,44
33384,44
33385,44
33386,44
33387,44
33388,44
33389,44
33390,44
33391,44
33392,44
33393,44
33394,44
33395,44
33396,44
33397,44
33398,44
33399,44
33400,44
33401,44
33402,44
33403,44
33404,44
33405,44
33406,44
33407,44
33408,44
33409,44
33410,44
33411,44
33412,44
33413,44
33414,44
33415,44
33416,44
33417,44
33418,44
33419,44
33420,44
33421,44
33422,44
33423,44
33424,44
33425,44
33426,44
33427,44
33428,44
33429,44
33430,44
33431,44
33432,44
33433,44
33434,44
33435,44
33436,44
33437,44
33438,44
33439,44
33440,44
33441,44
33442,44
33443,44
33444,44
33445,44
33446,44
33447,44
33448,44
33449,44
33450,44
33451,44
33452,44
33453,44
33454,44
33455,44
33456,44
33457,44
33458,44
33459,44
33460,44
33461,44
33462,44
33463,44
33464,44
33465,44
33466,44
33467,44
33468,44
33469,44
33470,44
33471,44
33472,44
33473,44
33474,44
33475,44
33476,44
33477,45
33478,45
33479,45
33480,45
33481,45
33482,45
33483,45
33484,45
33485,45
33486,45
33487,45
33488,45
33489,45
33490,45
33491,45
33492,45
33493,45
33494,45
33495,45
33496,45
33497,45
33498,45
33499,45
33500,45
33501,45
33502,45
33503,45
33504,45
33505,45
33506,45
33507,45
33508,45
33509,45
33510,45
33511,45
33512,45
33513,45
33514,45
33515,45
33516,45
33517,45
33518,45
33519,45
33520,45
33521,45
33522,45
33523,45
33524,45
33525,45
33526,45
33527,45
33528,45
33529,45
33530,45
33531,45
33532,45
33533,45
33534,45
33535,45
33536,45
33537,45
33538,45
33539,45
33540,45
33541,45
33542,45
33543,45
33544,45
33545,45
33546,45
33547,45
33548,45
33549,45
33550,45
33551,45
33552,45
33553,45
33554,45
33555,45
33556,45
33557,45
33558,45
33559,45
33560,45
33561,45
33562,45
33563,45
33564,45
33565,45
33566,45
33567,45
33568,45
33569,45
33570,45
33571,45
33572,45
33573,45
33574,45
33575,45
33576,45
33577,45
33578,45
33579,45
33580,45
33581,45
33582,45
33583,45
33584,45
33585,45
33586,45
33587,45
33588,45
33589,45
33590,45
33591,45
33592,45
33593,44
33594,44
33595,44
33596,44
33597,44
33598,44
33599,44
33600,44
33601,44
33602,44
33603,44
33604,44
33605,44
33606,44
33607,44
33608,44
33609,44
33610,44
33611,44
33612,44
33613,44
33614,44
33615,44
33616,44
33617,44
33618,44
33619,44
33620,44
33621,44
33622,44
33623,44
33624,44
33625,44
33626,44
33627,44
33628,44
33629,44
33630,44
33631,44
33632,44
33633,44
33634,44
33635,44
33636,44
33637,44
33638,44
33639,44
33640,44
33641,44
33642,44
33643,44
33644,44
33645,44
33646,44
33647,44
33648,45
33649,45
33650,45
33651,45
33652,45
33653,45
33654,45
33655,45
33656,45
33657,45
33658,45
33659,45
33660,45
33661,45
33662,45
33663,45
33664,45
33665,45
33666,45
33667,45
33668,45
33669,45
33670,44
33671,44
33672,44
33673,44
33674,44
33675,44
33676,44
33677,44
33678,44
33679,44
33680,44
33681,44
33682,44
33683,44
33684,44
33685,44
33686,44
33687,44
33688,44
33689,44
33690,44
33691,44
33692,44
33693,44
33694,44
33695,44
33696,44
33697,44
33698,44
33699,44
33700,44
33701,44
33702,44
33703,44
33704,44
33705,44
33706,44
33707,44
33708,44
33709,44
33710,44
33711,44
33712,44
33713,44
33714,44
33715,44
33716,44
33717,44
33718,44
33719,44
33720,44
33721,44
33722,44
33723,44
33724,44
33725,44
33726,44
33727,44
33728,44
33729,45
33730,45
33731,45
33732,45
33733,45
33734,45
33735,45
33736,45
33737,45
33738,45
33739,45
33740,45
33741,45
33742,45
33743,45
33744,45
33745,45
33746,45
33747,45
33748,45
33749,45
33750,45
33751,45
33752,45
33753,45
33754,45
33755,45
33756,45
33757,45
33758,45
33759,45
33760,45
33761,45
33762,45
33763,45
33764,45
33765,45
33766,45
33767,45
33768,45
33769,45
33770,45
33771,45
33772,45
33773,45
33774,45
33775,45
33776,45
33777,45
33778,45
33779,45
33780,45
33781,45
33782,45
33783,45
33784,45
33785,45
33786,45
33787,45
33788,45
33789,45
33790,45
33791,45
33792,45
33793,45
33794,45
33795,45
33796,45
33797,45
33798,45
33799,45
33800,45
33801,45
33802,45
33803,45
33804,45
33805,45
33806,45
33807,45
33808,45
33809,45
33810,45
33811,45
33812,45
33813,45
33814,45
33815,45
33816,45
33817,45
33818,45
33819,45
33820,45
33821,45
33822,45
33823,45
33824,45
33825,45
33826,45
33827,45
33828,45
33829,45
33830,45
33831,45
33832,45
33833,45
33834,45
33835,45
33836,45
33837,45
33838,45
33839,45
33840,45
33841,45
33842,45
33843,45
33844,45
33845,45
33846,45
33847,45
33848,45
33849,45
33850,45
33851,45
33852,45
33853,45
33854,45
33855,45
33856,45
33857,45
33858,45
33859,45
33860,45
33861,45
33862,45
33863,45
33864,45
33865,45
33866,45
33867,45
33868,45
33869,45
33870,45
33871,45
33872,45
33873,45
33874,45
33875,45
33876,45
33877,45
33878,45
33879,45
33880,45
33881,45
33882,45
33883,45
33884,45
33885,45
33886,45
33887,45
33888,45
33889,45
33890,45
33891,45
33892,45
33893,45
33894,45
33895,45
33896,45
33897,45
33898,45
33899,45
33900,45
33901,45
33902,45
33903,45
33904,45
33905,45
33906,45
33907,45
33908,44
33909,44
33910,45
33911,45
33912,45
33913,45
33914,44
33915,44
33916,44
33917,44
33918,44
33919,44
33920,44
33921,44
33922,44
33923,44
33924,44
33925,44
33926,44
33927,44
33928,44
33929,44
33930,44
33931,44
33932,44
33933,44
33934,44
33935,44
33936,45
33937,45
33938,45
33939,45
33940,45
33941,45
33942,45
33943,45
33944,45
33945,45
33946,45
33947,45
33948,45
33949,45
33950,45
33951,45
33952,45
33953,45
33954,45
33955,45
33956,45
33957,45
33958,45
33959,45
33960,45
33961,45
33962,45
33963,45
33964,45
33965,45
33966,45
33967,45
33968,45
33969,45
33970,45
33971,45
33972,45
33973,45
33974,45
33975,45
33976,45
33977,45
33978,45
33979,45
33980,45
33981,45
33982,45
33983,45
33984,45
33985,45
33986,45
33987,45
33988,45
33989,45
33990,45
33991,45
33992,45
33993,45
33994,45
33995,45
33996,45
33997,45
33998,45
33999,45
34000,45
34001,45
34002,45
34003,45
34004,45
34005,45
34006,45
34007,45
34008,45
34009,45
34010,45
34011,45
34012,45
34013,45
34014,45
34015,45
34016,45
34017,45
34018,45
34019,45
34020,45
34021,45
34022,45
34023,45
34024,45
34025,45
34026,45
34027,45
34028,45
34029,45
34030,45
34031,45
34032,45
34033,45
34034,45
34035,45
34036,45
34037,45
34038,45
34039,45
34040,45
34041,45
34042,45
34043,45
34044,45
34045,45
34046,45
34047,45
34048,45
34049,45
34050,45
34051,45
34052,45
34053,45
34054,45
34055,45
34056,45
34057,45
34058,45
34059,45
34060,45
34061,45
34062,45
34063,45
34064,45
34065,45
34066,45
34067,45
34068,45
34069,45
34070,45
34071,45
34072,45
34073,45
34074,45
34075,45
34076,45
34077,45
34078,45
34079,45
34080,45
34081,45
34082,45
34083,45
34084,45
34085,45
34086,45
34087,45
34088,45
34089,45
34090,45
34091,45
34092,45
34093,45
34094,45
34095,45
34096,45
34097,45
34098,45
34099,45
34100,45
34101,45
34102,45
34103,45
34104,45
34105,45
34106,45
34107,45
34108,45
34109,45
34110,45
34111,45
34112,45
34113,45
34114,45
34115,45
34116,45
34117,44
34118,44
34119,44
34120,44
34121,44
34122,44
34123,44
34124,44
34125,44
34126,44
34127,44
34128,44
34129,44
34130,45
34131,45
34132,45
34133,45
34134,45
34135,45
34136,45
34137,45
34138,45
34139,45
34140,45
34141,45
34142,45
34143,45
34144,45
34145,45
34146,45
34147,45
34148,45
34149,45
34150,45
34151,45
34152,45
34153,45
34154,45
34155,45
34156,45
34157,45
34158,45
34159,45
34160,45
34161,45
34162,45
34163,45
34164,45
34165,45
34166,45
34167,45
34168,45
34169,45
34170,45
34171,45
34172,45
34173,45
34174,45
34175,45
34176,45
34177,45
34178,45
34179,45
34180,45
34181,44
34182,44
34183,44
34184,44
34185,44
34186,44
34187,44
34188,44
34189,44
34190,44
34191,44
34192,44
34193,44
34194,44
34195,44
34196,44
34197,44
34198,44
34199,44
34200,44
34201,44
34202,44
34203,44
34204,44
34205,44
34206,44
34207,44
34208,44
34209,44
34210,44
34211,44
34212,44
34213,44
34214,44
34215,44
34216,44
34217,44
34218,44
34219,44
34220,44
34221,44
34222,44
34223,44
34224,44
34225,44
34226,44
34227,44
34228,44
34229,44
34230,45
34231,44
34232,44
34233,44
34234,44
34235,44
34236,44
34237,44
34238,44
34239,45
34240,44
34241,44
34242,44
34243,44
34244,44
34245,44
34246,44
34247,44
34248,44
34249,44
34250,44
34251,44
34252,44
34253,44
34254,44
34255,44
34256,44
34257,44
34258,44
34259,44
34260,44
34261,44
34262,44
34263,44
34264,44
34265,44
34266,44
34267,44
34268,44
34269,44
34270,44
34271,45
34272,45
34273,45
34274,45
34275,44
34276,45
34277,45
34278,45
34279,45
34280,45
34281,45
34282,45
34283,45
34284,45
34285,45
34286,45
34287,45
34288,45
34289,45
34290,45
34291,45
34292,45
34293,45
34294,45
34295,45
34296,45
34297,45
34298,45
34299,45
34300,45
34301,45
34302,45
34303,45
34304,45
34305,45
34306,45
34307,45
34308,45
34309,45
34310,45
34311,45
34312,45
34313,45
34314,45
34315,45
34316,45
34317,45
34318,45
34319,45
34320,45
34321,45
34322,45
34323,45
34324,45
34325,45
34326,45
34327,45
34328,44
34329,44
34330,44
34331,44
34332,44
34333,44
34334,44
34335,44
34336,44
34337,44
34338,44
34339,44
34340,44
34341,44
34342,44
34343,44
34344,44
34345,44
34346,44
34347,44
34348,44
34349,44
34350,45
34351,45
34352,45
34353,45
34354,45
34355,45
34356,45
34357,45
34358,45
34359,45
34360,45
34361,45
34362,45
34363,45
34364,45
34365,45
34366,45
34367,45
34368,45
34369,45
34370,45
34371,45
34372,45
34373,45
34374,45
34375,45
34376,45
34377,45
34378,45
34379,45
34380,45
34381,45
34382,45
34383,45
34384,45
34385,45
34386,45
34387,45
34388,45
34389,45
34390,45
34391,45
34392,45
34393,45
34394,45
34395,45
34396,45
34397,45
34398,45
34399,45
34400,45
34401,45
34402,45
34403,45
34404,45
34405,45
34406,45
34407,45
34408,45
34409,45
34410,45
34411,45
34412,45
34413,45
34414,45
34415,45
34416,45
34417,45
34418,45
34419,45
34420,45
34421,45
34422,45
34423,45
34424,45
34425,45
34426,45
34427,45
34428,45
34429,45
34430,45
34431,45
34432,45
34433,45
34434,45
34435,45
34436,45
34437,45
34438,45
34439,45
34440,45
34441,45
34442,45
34443,45
34444,45
34445,45
34446,45
34447,45
34448,45
34449,45
34450,45
34451,45
34452,45
34453,45
34454,45
34455,45
34456,45
34457,45
34458,45
34459,45
34460,45
34461,45
34462,45
34463,45
34464,45
34465,45
34466,45
34467,45
34468,45
34469,45
34470,45
34471,45
34472,45
34473,45
34474,45
34475,45
34476,45
34477,45
34478,45
34479,45
34480,45
34481,45
34482,45
34483,45
34484,45
34485,45
34486,45
34487,45
34488,45
34489,44
34490,44
34491,45
34492,45
34493,44
34494,45
34495,45
34496,45
34497,45
34498,45
34499,45
34500,45
34501,44
34502,44
34503,44
34504,44
34505,44
34506,44
34507,44
34508,44
34509,44
34510,44
34511,44
34512,44
34513,44
34514,44
34515,44
34516,45
34517,45
34518,45
34519,45
34520,45
34521,45
34522,45
34523,45
34524,45
34525,45
34526,45
34527,45
34528,44
34529,44
34530,45
34531,45
34532,44
34533,44
34534,44
34535,44
34536,44
34537,44
34538,44
34539,44
34540,44
34541,44
34542,44
34543,44
34544,44
34545,44
34546,44
34547,44
34548,44
34549,45
34550,45
34551,45
34552,45
34553,45
34554,45
34555,45
34556,45
34557,45
34558,45
34559,45
34560,45
34561,45
34562,45
34563,45
34564,45
34565,45
34566,45
34567,45
34568,45
34569,45
34570,45
34571,45
34572,45
34573,45
34574,45
34575,45
34576,45
34577,45
34578,45
34579,45
34580,45
34581,45
34582,45
34583,45
34584,45
34585,45
34586,45
34587,45
34588,45
34589,45
34590,44
34591,45
34592,45
34593,45
34594,44
34595,44
34596,44
34597,44
34598,45
34599,45
34600,45
34601,45
34602,44
34603,44
34604,44
34605,44
34606,44
34607,44
34608,44
34609,44
34610,44
34611,44
34612,44
34613,44
34614,44
34615,44
34616,44
34617,44
34618,44
34619,44
34620,44
34621,44
34622,44
34623,44
34624,44
34625,44
34626,44
34627,44
34628,44
34629,44
34630,44
34631,44
34632,44
34633,44
34634,44
34635,44
34636,44
34637,44
34638,44
34639,44
34640,44
34641,44
34642,44
34643,44
34644,44
34645,44
34646,44
34647,44
34648,44
34649,44
34650,44
34651,44
34652,44
34653,44
34654,44
34655,44
34656,44
34657,44
34658,44
34659,44
34660,44
34661,44
34662,44
34663,44
34664,44
34665,44
34666,44
34667,44
34668,44
34669,44
34670,44
34671,44
34672,44
34673,44
34674,44
34675,44
34676,44
34677,44
34678,44
34679,44
34680,44
34681,44
34682,44
34683,44
34684,44
34685,44
34686,44
34687,44
34688,44
34689,44
34690,44
34691,44
34692,44
34693,44
34694,44
34695,44
34696,44
34697,44
34698,44
34699,44
34700,44
34701,44
34702,44
34703,44
34704,44
34705,44
34706,44
34707,44
34708,44
34709,44
34710,44
34711,44
34712,44
34713,44
34714,44
34715,44
34716,44
34717,44
34718,44
34719,44
34720,44
34721,44
34722,44
34723,44
34724,44
34725,44
34726,44
34727,44
34728,44
34729,44
34730,44
34731,44
34732,44
34733,44
34734,44
34735,44
34736,44
34737,44
34738,44
34739,44
34740,44
34741,44
34742,44
34743,44
34744,44
34745,44
34746,44
34747,44
34748,44
34749,44
34750,44
34751,44
34752,44
34753,44
34754,44
34755,44
34756,44
34757,44
34758,44
34759,44
34760,44
34761,44
34762,44
34763,44
34764,44
34765,44
34766,44
34767,44
34768,44
34769,44
34770,44
34771,44
34772,44
34773,44
34774,44
34775,44
34776,44
34777,44
34778,44
34779,44
34780,44
34781,44
34782,44
34783,44
34784,44
34785,44
34786,44
34787,44
34788,44
34789,44
34790,44
34791,44
34792,44
34793,44
34794,44
34795,44
34796,44
34797,44
34798,44
34799,44
34800,44
34801,44
34802,44
34803,44
34804,44
34805,44
34806,44
34807,44
34808,44
34809,44
34810,44
34811,44
34812,44
34813,44
34814,44
34815,44
34816,44
34817,44
34818,44
34819,44
34820,44
34821,44
34822,44
34823,44
34824,44
34825,44
34826,44
34827,44
34828,44
34829,44
34830,44
34831,45
34832,45
34833,45
34834,45
34835,45
34836,45
34837,45
34838,45
34839,45
34840,45
34841,45
34842,45
34843,45
34844,45
34845,45
34846,45
34847,45
34848,45
34849,45
34850,45
34851,45
34852,45
34853,44
34854,44
34855,44
34856,44
34857,44
34858,44
34859,44
34860,44
34861,44
34862,44
34863,44
34864,44
34865,44
34866,44
34867,44
34868,44
34869,44
34870,44
34871,44
34872,44
34873,44
34874,44
34875,44
34876,44
34877,44
34878,44
34879,44
34880,44
34881,44
34882,44
34883,44
34884,44
34885,44
34886,44
34887,44
34888,44
34889,44
34890,44
34891,44
34892,44
34893,44
34894,44
34895,44
34896,44
34897,44
34898,44
34899,44
34900,44
34901,44
34902,44
34903,44
34904,44
34905,44
34906,44
34907,44
34908,44
34909,44
34910,44
34911,44
34912,44
34913,44
34914,44
34915,44
34916,44
34917,44
34918,44
34919,44
34920,44
34921,44
34922,44
34923,44
34924,44
34925,44
34926,44
34927,44
34928,44
34929,44
34930,44
34931,44
34932,44
34933,44
34934,44
34935,44
34936,44
34937,44
34938,44
34939,44
34940,44
34941,44
34942,44
34943,44
34944,44
34945,44
34946,44
34947,44
34948,44
34949,44
34950,44
34951,44
34952,44
34953,44
34954,44
34955,44
34956,44
34957,44
34958,44
34959,44
34960,44
34961,44
34962,44
34963,44
34964,44
34965,44
34966,44
34967,44
34968,44
34969,44
34970,44
34971,44
34972,44
34973,44
34974,44
34975,44
34976,44
34977,44
34978,44
34979,44
34980,44
34981,44
34982,44
34983,44
34984,44
34985,44
34986,44
34987,44
34988,44
34989,44
34990,44
34991,44
34992,44
34993,44
34994,44
34995,44
34996,44
34997,44
34998,44
34999,44
35000,44
35001,44
35002,44
35003,44
35004,44
35005,44
35006,44
35007,44
35008,44
35009,44
35010,44
35011,44
35012,44
35013,44
35014,44
35015,44
35016,44
35017,44
35018,44
35019,44
35020,44
35021,44
35022,44
35023,44
35024,44
35025,44
35026,44
35027,44
35028,44
35029,44
35030,44
35031,44
35032,44
35033,44
35034,44
35035,44
35036,44
35037,44
35038,44
35039,44
35040,44
35041,44
35042,44
35043,44
35044,44
35045,44
35046,44
35047,44
35048,44
35049,44
35050,44
35051,44
35052,44
35053,44
35054,44
35055,44
35056,44
35057,44
35058,44
35059,44
35060,44
35061,44
35062,44
35063,44
35064,44
35065,44
35066,44
35067,44
35068,44
35069,44
35070,44
35071,44
35072,44
35073,44
35074,44
35075,44
35076,44
35077,44
35078,44
35079,44
35080,44
35081,44
35082,44
35083,44
35084,44
35085,44
35086,44
35087,44
35088,44
35089,44
35090,44
35091,44
35092,44
35093,44
35094,44
35095,44
35096,44
35097,44
35098,44
35099,44
35100,44
35101,44
35102,44
35103,44
35104,44
35105,44
35106,44
35107,44
35108,44
35109,44
35110,44
35111,44
35112,44
35113,44
35114,44
35115,44
35116,44
35117,44
35118,44
35119,44
35120,44
35121,44
35122,44
35123,44
35124,44
35125,44
35126,44
35127,44
35128,44
35129,44
35130,44
35131,44
35132,44
35133,44
35134,44
35135,44
35136,44
35137,44
35138,44
35139,44
35140,44
35141,44
35142,44
35143,44
35144,44
35145,44
35146,44
35147,44
35148,44
35149,44
35150,44
35151,44
35152,44
35153,44
35154,44
35155,44
35156,44
35157,44
35158,44
35159,44
35160,44
35161,44
35162,44
35163,44
35164,44
35165,44
35166,44
35167,44
35168,44
35169,44
35170,44
35171,44
35172,44
35173,44
35174,44
35175,44
35176,44
35177,44
35178,44
35179,44
35180,44
35181,44
35182,44
35183,44
35184,44
35185,44
35186,44
35187,44
35188,44
35189,44
35190,44
35191,44
35192,44
35193,44
35194,44
35195,44
35196,44
35197,44
35198,44
35199,44
35200,44
35201,44
35202,44
35203,44
35204,44
35205,44
35206,44
35207,44
35208,44
35209,44
35210,44
35211,44
35212,44
35213,44
35214,44
35215,44
35216,44
35217,44
35218,44
35219,44
35220,44
35221,44
35222,44
35223,44
35224,44
35225,44
35226,44
35227,44
35228,44
35229,44
35230,44
35231,44
35232,44
35233,44
35234,44
35235,44
35236,44
35237,44
35238,44
35239,44
35240,44
35241,44
35242,44
35243,44
35244,44
35245,44
35246,44
35247,44
35248,44
35249,44
35250,44
35251,44
35252,44
35253,44
35254,44
35255,44
35256,44
35257,44
35258,44
35259,44
35260,44
35261,44
35262,44
35263,44
35264,44
35265,44
35266,44
35267,44
35268,44
35269,44
35270,44
35271,44
35272,44
35273,44
35274,44
35275,44
35276,44
35277,44
35278,44
35279,44
35280,44
35281,44
35282,44
35283,44
35284,44
35285,44
35286,44
35287,44
35288,44
35289,44
35290,44
35291,44
35292,44
35293,44
35294,44
35295,44
35296,44
35297,44
35298,44
35299,44
35300,44
35301,44
35302,44
35303,44
35304,44
35305,44
35306,44
35307,44
35308,44
35309,44
35310,44
35311,44
35312,44
35313,44
35314,44
35315,44
35316,44
35317,44
35318,44
35319,44
35320,44
35321,44
35322,44
35323,44
35324,44
35325,44
35326,44
35327,44
35328,44
35329,44
35330,44
35331,44
35332,44
35333,44
35334,44
35335,44
35336,44
35337,44
35338,44
35339,44
35340,44
35341,44
35342,44
35343,44
35344,44
35345,44
35346,44
35347,44
35348,44
35349,44
35350,44
35351,44
35352,44
35353,44
35354,44
35355,44
35356,44
35357,44
35358,44
35359,44
35360,44
35361,44
35362,44
35363,44
35364,44
35365,44
35366,44
35367,44
35368,44
35369,44
35370,44
35371,44
35372,44
35373,44
35374,44
35375,44
35376,44
35377,44
35378,44
35379,44
35380,44
35381,44
35382,44
35383,44
35384,44
35385,44
35386,44
35387,44
35388,44
35389,44
35390,44
35391,44
35392,44
35393,44
35394,44
35395,44
35396,44
35397,44
35398,44
35399,44
35400,44
35401,44
35402,44
35403,44
35404,44
35405,44
35406,44
35407,44
35408,44
35409,44
35410,44
35411,44
35412,44
35413,44
35414,44
35415,44
35416,44
35417,44
35418,44
35419,44
35420,44
35421,44
35422,44
35423,44
35424,44
35425,44
35426,44
35427,44
35428,44
35429,44
35430,44
35431,44
35432,44
35433,44
35434,44
35435,44
35436,44
35437,44
35438,44
35439,44
35440,44
35441,44
35442,44
35443,44
35444,44
35445,44
35446,44
35447,44
35448,44
35449,44
35450,44
35451,44
35452,44
35453,44
35454,44
35455,44
35456,44
35457,44
35458,44
35459,44
35460,44
35461,44
35462,44
35463,44
35464,44
35465,44
35466,44
35467,44
35468,44
35469,44
35470,44
35471,44
35472,44
35473,44
35474,44
35475,44
35476,44
35477,44
35478,44
35479,44
35480,44
35481,44
35482,44
35483,44
35484,44
35485,44
35486,44
35487,44
35488,44
35489,44
35490,44
35491,44
35492,44
35493,44
35494,44
35495,44
35496,44
35497,44
35498,44
35499,44
35500,44
35501,44
35502,44
35503,44
35504,44
35505,44
35506,44
35507,44
35508,44
35509,44
35510,44
35511,44
35512,44
35513,44
35514,44
35515,44
35516,44
35517,44
35518,44
35519,44
35520,44
35521,44
35522,44
35523,44
35524,44
35525,44
35526,44
35527,44
35528,44
35529,44
35530,44
35531,44
35532,44
35533,44
35534,44
35535,44
35536,44
35537,44
35538,44
35539,44
35540,44
35541,44
35542,44
35543,44
35544,44
35545,44
35546,44
35547,44
35548,44
35549,44
35550,44
35551,44
35552,44
35553,44
35554,44
35555,44
35556,44
35557,44
35558,44
35559,44
35560,44
35561,44
35562,44
35563,44
35564,44
35565,44
35566,44
35567,44
35568,44
35569,44
35570,44
35571,44
35572,44
35573,44
35574,44
35575,44
35576,44
35577,44
35578,44
35579,44
35580,44
35581,44
35582,44
35583,44
35584,44
35585,44
35586,44
35587,44
35588,44
35589,44
35590,44
35591,44
35592,44
35593,44
35594,44
35595,44
35596,44
35597,44
35598,44
35599,44
35600,44
35601,44
35602,44
35603,44
35604,44
35605,44
35606,44
35607,44
35608,44
35609,44
35610,44
35611,44
35612,44
35613,44
35614,44
35615,44
35616,44
35617,44
35618,44
35619,44
35620,44
35621,44
35622,44
35623,44
35624,44
35625,44
35626,44
35627,44
35628,44
35629,44
35630,44
35631,44
35632,44
35633,44
35634,44
35635,44
35636,44
35637,44
35638,44
35639,44
35640,44
35641,44
35642,44
35643,44
35644,44
35645,44
35646,44
35647,44
35648,44
35649,44
35650,44
35651,44
35652,44
35653,44
35654,44
35655,43
35656,43
35657,43
35658,43
35659,44
35660,44
35661,44
35662,44
35663,44
35664,44
35665,44
35666,44
35667,44
35668,43
35669,43
35670,43
35671,43
35672,43
35673,43
35674,43
35675,43
35676,43
35677,43
35678,43
35679,43
35680,43
35681,43
35682,43
35683,43
35684,44
35685,44
35686,44
35687,44
35688,44
35689,44
35690,44
35691,44
35692,44
35693,44
35694,44
35695,44
35696,44
35697,44
35698,44
35699,44
35700,44
35701,44
35702,44
35703,44
35704,44
35705,44
35706,44
35707,44
35708,44
35709,44
35710,44
35711,44
35712,44
35713,44
35714,44
35715,44
35716,44
35717,44
35718,44
35719,44
35720,44
35721,44
35722,44
35723,44
35724,44
35725,44
35726,44
35727,44
35728,44
35729,44
35730,44
35731,44
35732,44
35733,44
35734,44
35735,44
35736,44
35737,44
35738,44
35739,44
35740,44
35741,44
35742,44
35743,44
35744,44
35745,44
35746,44
35747,44
35748,44
35749,44
35750,44
35751,44
35752,44
35753,44
35754,44
35755,44
35756,44
35757,44
35758,44
35759,44
35760,44
35761,44
35762,44
35763,44
35764,44
35765,44
35766,44
35767,44
35768,44
35769,44
35770,44
35771,44
35772,44
35773,44
35774,44
35775,44
35776,44
35777,44
35778,44
35779,44
35780,44
35781,44
35782,44
35783,44
35784,44
35785,44
35786,44
35787,44
35788,44
35789,44
35790,44
35791,44
35792,44
35793,44
35794,44
35795,44
35796,44
35797,44
35798,44
35799,44
35800,44
35801,44
35802,44
35803,44
35804,44
35805,44
35806,44
35807,44
35808,44
35809,44
35810,44
35811,44
35812,44
35813,44
35814,44
35815,44
35816,44
35817,44
35818,44
35819,44
35820,44
35821,44
35822,44
35823,44
35824,44
35825,44
35826,44
35827,44
35828,44
35829,44
35830,44
35831,44
35832,44
35833,44
35834,44
35835,44
35836,44
35837,44
35838,44
35839,44
35840,44
35841,44
35842,44
35843,44
35844,44
35845,44
35846,44
35847,44
35848,44
35849,44
35850,44
35851,44
35852,44
35853,44
35854,44
35855,44
35856,44
35857,44
35858,44
35859,44
35860,44
35861,44
35862,44
35863,44
35864,44
35865,44
35866,44
35867,44
35868,44
35869,44
35870,44
35871,44
35872,44
35873,44
35874,44
35875,44
35876,44
35877,44
35878,44
35879,44
35880,44
35881,44
35882,44
35883,44
35884,44
35885,44
35886,44
35887,44
35888,44
35889,44
35890,44
35891,44
35892,44
35893,44
35894,44
35895,44
35896,44
35897,44
35898,44
35899,44
35900,44
35901,44
35902,44
35903,44
35904,44
35905,44
35906,44
35907,44
35908,44
35909,44
35910,44
35911,44
35912,44
35913,44
35914,44
35915,44
35916,44
35917,44
35918,44
35919,44
35920,44
35921,44
35922,44
35923,44
35924,44
35925,44
35926,44
35927,44
35928,44
35929,44
35930,44
35931,44
35932,44
35933,44
35934,44
35935,44
35936,44
35937,44
35938,44
35939,44
35940,44
35941,44
35942,44
35943,44
35944,44
35945,44
35946,44
35947,44
35948,44
35949,44
35950,44
35951,44
35952,44
35953,44
35954,44
35955,44
35956,44
35957,44
35958,44
35959,44
35960,44
35961,44
35962,44
35963,44
35964,44
35965,44
35966,44
35967,44
35968,44
35969,44
35970,44
35971,44
35972,45
35973,45
35974,45
35975,45
35976,45
35977,45
35978,45
35979,45
35980,45
35981,45
35982,45
35983,45
35984,45
35985,45
35986,45
35987,45
35988,45
35989,45
35990,45
35991,45
35992,45
35993,45
35994,45
35995,45
35996,45
35997,45
35998,45
35999,45
36000,45
36001,45
36002,45
36003,45
36004,45
36005,45
36006,45
36007,45
36008,45
36009,45
36010,45
36011,45
36012,45
36013,45
36014,45
36015,45
36016,45
36017,45
36018,45
36019,45
36020,45
36021,45
36022,45
36023,44
36024,44
36025,44
36026,44
36027,44
36028,44
36029,44
36030,44
36031,44
36032,44
36033,44
36034,44
36035,44
36036,44
36037,44
36038,44
36039,44
36040,44
36041,44
36042,44
36043,44
36044,44
36045,44
36046,44
36047,44
36048,44
36049,44
36050,44
36051,44
36052,44
36053,44
36054,44
36055,44
36056,44
36057,44
36058,44
36059,44
36060,44
36061,44
36062,44
36063,44
36064,44
36065,44
36066,44
36067,44
36068,44
36069,44
36070,44
36071,44
36072,44
36073,44
36074,44
36075,44
36076,44
36077,44
36078,44
36079,44
36080,44
36081,44
36082,44
36083,44
36084,44
36085,44
36086,44
36087,44
36088,44
36089,44
36090,44
36091,44
36092,44
36093,44
36094,44
36095,44
36096,44
36097,44
36098,44
36099,44
36100,44
36101,44
36102,44
36103,44
36104,44
36105,44
36106,44
36107,44
36108,44
36109,44
36110,44
36111,44
36112,44
36113,44
36114,44
36115,44
36116,44
36117,44
36118,44
36119,44
36120,44
36121,44
36122,44
36123,44
36124,44
36125,44
36126,44
36127,44
36128,44
36129,44
36130,44
36131,44
36132,44
36133,44
36134,44
36135,44
36136,44
36137,44
36138,44
36139,44
36140,44
36141,44
36142,44
36143,44
36144,44
36145,44
36146,44
36147,44
36148,44
36149,44
36150,44
36151,44
36152,44
36153,44
36154,44
36155,44
36156,44
36157,44
36158,44
36159,44
36160,44
36161,44
36162,44
36163,44
36164,44
36165,44
36166,44
36167,44
36168,44
36169,44
36170,44
36171,44
36172,44
36173,44
36174,44
36175,44
36176,44
36177,44
36178,44
36179,44
36180,44
36181,44
36182,44
36183,44
36184,44
36185,44
36186,44
36187,44
36188,44
36189,44
36190,44
36191,44
36192,44
36193,44
36194,44
36195,44
36196,44
36197,44
36198,44
36199,44
36200,44
36201,44
36202,44
36203,44
36204,44
36205,44
36206,44
36207,44
36208,44
36209,44
36210,44
36211,44
36212,44
36213,44
36214,44
36215,44
36216,44
36217,44
36218,44
36219,44
36220,44
36221,44
36222,44
36223,44
36224,44
36225,44
36226,44
36227,44
36228,44
36229,44
36230,44
36231,44
36232,44
36233,44
36234,44
36235,44
36236,44
36237,44
36238,44
36239,44
36240,44
36241,44
36242,44
36243,44
36244,44
36245,44
36246,44
36247,44
36248,44
36249,44
36250,44
36251,44
36252,44
36253,44
36254,44
36255,44
36256,44
36257,44
36258,44
36259,44
36260,44
36261,44
36262,44
36263,44
36264,44
36265,44
36266,44
36267,44
36268,44
36269,44
36270,44
36271,44
36272,44
36273,44
36274,44
36275,44
36276,44
36277,44
36278,44
36279,44
36280,44
36281,44
36282,44
36283,44
36284,44
36285,44
36286,44
36287,44
36288,44
36289,44
36290,44
36291,44
36292,44
36293,44
36294,44
36295,44
36296,44
36297,44
36298,44
36299,44
36300,44
36301,44
36302,44
36303,44
36304,44
36305,44
36306,44
36307,44
36308,44
36309,44
36310,44
36311,44
36312,44
36313,44
36314,44
36315,44
36316,44
36317,44
36318,44
36319,44
36320,44
36321,44
36322,44
36323,44
36324,44
36325,44
36326,44
36327,44
36328,44
36329,44
36330,44
36331,44
36332,44
36333,44
36334,44
36335,44
36336,44
36337,44
36338,44
36339,44
36340,44
36341,44
36342,44
36343,44
36344,44
36345,44
36346,44
36347,44
36348,44
36349,44
36350,44
36351,44
36352,44
36353,44
36354,44
36355,44
36356,44
36357,44
36358,44
36359,44
36360,44
36361,44
36362,44
36363,44
36364,44
36365,44
36366,44
36367,44
36368,44
36369,44
36370,44
36371,44
36372,44
36373,44
36374,44
36375,44
36376,45
36377,45
36378,45
36379,45
36380,45
36381,45
36382,45
36383,45
36384,45
36385,45
36386,45
36387,45
36388,45
36389,45
36390,45
36391,45
36392,45
36393,45
36394,44
36395,44
36396,44
36397,44
36398,44
36399,44
36400,44
36401,44
36402,44
36403,44
36404,44
36405,44
36406,44
36407,44
36408,44
36409,44
36410,44
36411,44
36412,44
36413,44
36414,44
36415,44
36416,44
36417,44
36418,44
36419,44
36420,44
36421,44
36422,44
36423,44
36424,44
36425,44
36426,44
36427,44
36428,44
36429,44
36430,44
36431,44
36432,44
36433,44
36434,44
36435,44
36436,44
36437,44
36438,44
36439,44
36440,44
36441,44
36442,44
36443,44
36444,44
36445,44
36446,44
36447,44
36448,44
36449,44
36450,44
36451,44
36452,44
36453,44
36454,44
36455,44
36456,44
36457,44
36458,44
36459,44
36460,44
36461,44
36462,44
36463,44
36464,44
36465,44
36466,44
36467,44
36468,44
36469,44
36470,44
36471,44
36472,44
36473,44
36474,44
36475,44
36476,44
36477,44
36478,44
36479,44
36480,44
36481,44
36482,44
36483,44
36484,44
36485,44
36486,44
36487,44
36488,44
36489,44
36490,44
36491,44
36492,44
36493,44
36494,44
36495,44
36496,44
36497,44
36498,44
36499,44
36500,44
36501,44
36502,44
36503,44
36504,44
36505,44
36506,44
36507,44
36508,44
36509,44
36510,44
36511,44
36512,44
36513,44
36514,44
36515,44
36516,44
36517,44
36518,44
36519,44
36520,44
36521,44
36522,44
36523,44
36524,44
36525,44
36526,44
36527,44
36528,44
36529,44
36530,44
36531,44
36532,44
36533,44
36534,44
36535,44
36536,44
36537,44
36538,44
36539,44
36540,44
36541,44
36542,44
36543,44
36544,44
36545,44
36546,44
36547,44
36548,44
36549,44
36550,44
36551,44
36552,44
36553,44
36554,44
36555,44
36556,44
36557,44
36558,44
36559,44
36560,44
36561,44
36562,44
36563,44
36564,44
36565,44
36566,44
36567,44
36568,44
36569,44
36570,44
36571,45
36572,45
36573,45
36574,45
36575,45
36576,45
36577,45
36578,45
36579,45
36580,45
36581,45
36582,45
36583,45
36584,45
36585,45
36586,45
36587,45
36588,45
36589,45
36590,45
36591,45
36592,45
36593,45
36594,45
36595,45
36596,45
36597,45
36598,45
36599,45
36600,45
36601,45
36602,45
36603,45
36604,45
36605,45
36606,45
36607,45
36608,45
36609,45
36610,45
36611,45
36612,45
36613,45
36614,45
36615,45
36616,45
36617,45
36618,45
36619,45
36620,45
36621,45
36622,45
36623,45
36624,45
36625,45
36626,45
36627,45
36628,45
36629,44
36630,44
36631,44
36632,44
36633,44
36634,44
36635,44
36636,44
36637,44
36638,44
36639,44
36640,45
36641,45
36642,45
36643,45
36644,44
36645,45
36646,45
36647,45
36648,45
36649,45
36650,45
36651,45
36652,45
36653,45
36654,45
36655,45
36656,45
36657,45
36658,44
36659,44
36660,44
36661,44
36662,44
36663,44
36664,44
36665,44
36666,44
36667,44
36668,44
36669,44
36670,44
36671,44
36672,44
36673,44
36674,44
36675,44
36676,44
36677,44
36678,44
36679,44
36680,44
36681,44
36682,44
36683,44
36684,44
36685,44
36686,44
36687,44
36688,44
36689,44
36690,44
36691,44
36692,44
36693,44
36694,44
36695,44
36696,44
36697,44
36698,44
36699,44
36700,44
36701,44
36702,44
36703,44
36704,44
36705,44
36706,44
36707,44
36708,44
36709,44
36710,44
36711,44
36712,44
36713,44
36714,44
36715,44
36716,44
36717,44
36718,44
36719,44
36720,44
36721,44
36722,44
36723,44
36724,44
36725,44
36726,44
36727,44
36728,44
36729,44
36730,44
36731,44
36732,44
36733,44
36734,44
36735,44
36736,44
36737,44
36738,44
36739,44
36740,44
36741,44
36742,44
36743,44
36744,44
36745,44
36746,44
36747,44
36748,44
36749,44
36750,44
36751,44
36752,44
36753,44
36754,44
36755,44
36756,44
36757,44
36758,44
36759,44
36760,44
36761,44
36762,44
36763,44
36764,44
36765,44
36766,44
36767,44
36768,44
36769,44
36770,44
36771,44
36772,44
36773,44
36774,44
36775,44
36776,44
36777,44
36778,44
36779,44
36780,44
36781,44
36782,44
36783,44
36784,44
36785,44
36786,44
36787,44
36788,44
36789,44
36790,44
36791,44
36792,44
36793,44
36794,44
36795,44
36796,44
36797,44
36798,44
36799,44
36800,44
36801,44
36802,44
36803,44
36804,44
36805,44
36806,44
36807,44
36808,44
36809,44
36810,44
36811,44
36812,44
36813,44
36814,44
36815,44
36816,44
36817,44
36818,44
36819,44
36820,44
36821,44
36822,44
36823,44
36824,44
36825,44
36826,44
36827,44
36828,44
36829,44
36830,44
36831,44
36832,44
36833,44
36834,44
36835,44
36836,44
36837,44
36838,44
36839,44
36840,44
36841,44
36842,44
36843,44
36844,44
36845,44
36846,44
36847,44
36848,44
36849,44
36850,44
36851,44
36852,44
36853,44
36854,44
36855,44
36856,44
36857,44
36858,44
36859,44
36860,44
36861,44
36862,44
36863,44
36864,44
36865,44
36866,44
36867,44
36868,44
36869,44
36870,44
36871,44
36872,44
36873,44
36874,44
36875,44
36876,44
36877,44
36878,44
36879,44
36880,44
36881,44
36882,44
36883,44
36884,44
36885,44
36886,44
36887,44
36888,44
36889,44
36890,44
36891,44
36892,44
36893,44
36894,44
36895,44
36896,44
36897,44
36898,44
36899,44
36900,44
36901,44
36902,44
36903,44
36904,44
36905,44
36906,44
36907,44
36908,44
36909,44
36910,44
36911,44
36912,44
36913,44
36914,44
36915,44
36916,44
36917,44
36918,44
36919,44
36920,44
36921,44
36922,44
36923,44
36924,44
36925,44
36926,44
36927,44
36928,44
36929,44
36930,44
36931,44
36932,44
36933,44
36934,44
36935,44
36936,44
36937,44
36938,44
36939,44
36940,44
36941,44
36942,44
36943,44
36944,44
36945,44
36946,44
36947,44
36948,44
36949,44
36950,44
36951,44
36952,44
36953,44
36954,44
36955,44
36956,44
36957,44
36958,44
36959,44
36960,44
36961,44
36962,44
36963,44
36964,44
36965,44
36966,44
36967,44
36968,44
36969,44
36970,44
36971,44
36972,44
36973,44
36974,44
36975,44
36976,44
36977,44
36978,44
36979,44
36980,44
36981,44
36982,44
36983,44
36984,44
36985,44
36986,44
36987,44
36988,44
36989,44
36990,44
36991,44
36992,44
36993,44
36994,44
36995,44
36996,44
36997,44
36998,44
36999,44
37000,44
37001,44
37002,44
37003,44
37004,44
37005,44
37006,44
37007,44
37008,44
37009,44
37010,44
37011,44
37012,44
37013,44
37014,44
37015,44
37016,44
37017,44
37018,44
37019,44
37020,44
37021,44
37022,44
37023,44
37024,44
37025,44
37026,44
37027,44
37028,44
37029,44
37030,44
37031,44
37032,44
37033,44
37034,44
37035,44
37036,44
37037,44
37038,44
37039,44
37040,44
37041,44
37042,44
37043,44
37044,44
37045,44
37046,44
37047,44
37048,45
37049,45
37050,45
37051,45
37052,45
37053,45
37054,45
37055,45
37056,45
37057,45
37058,45
37059,45
37060,45
37061,45
37062,45
37063,45
37064,44
37065,44
37066,44
37067,45
37068,44
37069,44
37070,44
37071,44
37072,44
37073,44
37074,44
37075,44
37076,44
37077,44
37078,44
37079,44
37080,44
37081,44
37082,44
37083,44
37084,44
37085,44
37086,44
37087,44
37088,44
37089,44
37090,44
37091,44
37092,44
37093,44
37094,44
37095,44
37096,44
37097,44
37098,44
37099,44
37100,44
37101,44
37102,44
37103,44
37104,44
37105,44
37106,44
37107,44
37108,44
37109,44
37110,44
37111,44
37112,44
37113,44
37114,44
37115,44
37116,44
37117,44
37118,44
37119,44
37120,44
37121,44
37122,44
37123,44
37124,44
37125,44
37126,44
37127,44
37128,44
37129,44
37130,44
37131,44
37132,44
37133,44
37134,44
37135,44
37136,44
37137,44
37138,44
37139,44
37140,45
37141,45
37142,44
37143,44
37144,44
37145,45
37146,45
37147,45
37148,45
37149,45
37150,44
37151,44
37152,44
37153,45
37154,45
37155,44
37156,44
37157,44
37158,44
37159,45
37160,45
37161,45
37162,45
37163,44
37164,44
37165,44
37166,44
37167,45
37168,45
37169,45
37170,45
37171,45
37172,45
37173,45
37174,45
37175,45
37176,45
37177,44
37178,44
37179,44
37180,44
37181,44
37182,44
37183,44
37184,44
37185,44
37186,44
37187,44
37188,44
37189,44
37190,44
37191,44
37192,44
37193,44
37194,44
37195,44
37196,44
37197,44
37198,44
37199,44
37200,44
37201,44
37202,44
37203,44
37204,44
37205,44
37206,45
37207,45
37208,44
37209,44
37210,44
37211,44
37212,44
37213,44
37214,44
37215,44
37216,44
37217,44
37218,44
37219,45
37220,45
37221,45
37222,44
37223,44
37224,44
37225,44
37226,44
37227,44
37228,44
37229,44
37230,44
37231,44
37232,44
37233,44
37234,44
37235,44
37236,44
37237,44
37238,44
37239,44
37240,44
37241,44
37242,44
37243,44
37244,44
37245,44
37246,44
37247,44
37248,44
37249,44
37250,44
37251,44
37252,44
37253,44
37254,44
37255,44
37256,44
37257,44
37258,44
37259,44
37260,44
37261,44
37262,44
37263,44
37264,44
37265,44
37266,44
37267,44
37268,44
37269,44
37270,44
37271,44
37272,44
37273,44
37274,44
37275,44
37276,44
37277,44
37278,44
37279,44
37280,44
37281,44
37282,44
37283,44
37284,44
37285,44
37286,44
37287,44
37288,44
37289,44
37290,44
37291,44
37292,44
37293,44
37294,44
37295,44
37296,44
37297,44
37298,44
37299,44
37300,44
37301,44
37302,44
37303,44
37304,44
37305,44
37306,44
37307,44
37308,44
37309,44
37310,44
37311,44
37312,44
37313,44
37314,44
37315,44
37316,44
37317,44
37318,44
37319,44
37320,44
37321,44
37322,44
37323,44
37324,44
37325,44
37326,44
37327,44
37328,44
37329,44
37330,44
37331,44
37332,44
37333,44
37334,44
37335,44
37336,44
37337,44
37338,44
37339,44
37340,44
37341,44
37342,44
37343,44
37344,44
37345,44
37346,44
37347,44
37348,44
37349,44
37350,44
37351,44
37352,44
37353,44
37354,44
37355,44
37356,44
37357,44
37358,44
37359,44
37360,44
37361,44
37362,44
37363,44
37364,44
37365,44
37366,44
37367,44
37368,44
37369,44
37370,44
37371,44
37372,44
37373,44
37374,44
37375,44
37376,44
37377,44
37378,44
37379,44
37380,44
37381,44
37382,44
37383,44
37384,44
37385,44
37386,44
37387,44
37388,44
37389,44
37390,44
37391,44
37392,44
37393,44
37394,44
37395,44
37396,44
37397,44
37398,44
37399,44
37400,44
37401,44
37402,44
37403,44
37404,44
37405,44
37406,44
37407,44
37408,44
37409,44
37410,44
37411,44
37412,44
37413,44
37414,44
37415,44
37416,44
37417,44
37418,44
37419,44
37420,44
37421,44
37422,44
37423,44
37424,44
37425,44
37426,44
37427,44
37428,44
37429,44
37430,44
37431,44
37432,44
37433,44
37434,44
37435,44
37436,44
37437,44
37438,44
37439,44
37440,44
37441,44
37442,44
37443,44
37444,44
37445,44
37446,44
37447,44
37448,44
37449,44
37450,44
37451,44
37452,44
37453,44
37454,44
37455,44
37456,44
37457,44
37458,44
37459,44
37460,44
37461,44
37462,44
37463,44
37464,44
37465,44
37466,44
37467,44
37468,44
37469,44
37470,44
37471,44
37472,44
37473,44
37474,44
37475,44
37476,44
37477,44
37478,44
37479,44
37480,44
37481,44
37482,44
37483,44
37484,44
37485,44
37486,44
37487,44
37488,44
37489,44
37490,44
37491,44
37492,44
37493,44
37494,44
37495,44
37496,44
37497,44
37498,44
37499,44
37500,44
37501,44
37502,44
37503,44
37504,44
37505,44
37506,44
37507,45
37508,45
37509,44
37510,44
37511,44
37512,44
37513,45
37514,44
37515,44
37516,44
37517,44
37518,44
37519,44
37520,44
37521,44
37522,44
37523,44
37524,44
37525,45
37526,45
37527,45
37528,45
37529,45
37530,44
37531,44
37532,44
37533,44
37534,44
37535,44
37536,44
37537,44
37538,44
37539,44
37540,44
37541,44
37542,44
37543,44
37544,44
37545,44
37546,44
37547,44
37548,44
37549,44
37550,44
37551,44
37552,44
37553,44
37554,44
37555,44
37556,44
37557,44
37558,44
37559,44
37560,44
37561,44
37562,44
37563,44
37564,44
37565,44
37566,44
37567,44
37568,44
37569,44
37570,44
37571,44
37572,44
37573,44
37574,44
37575,44
37576,44
37577,44
37578,44
37579,44
37580,44
37581,44
37582,44
37583,44
37584,44
37585,44
37586,44
37587,44
37588,44
37589,44
37590,44
37591,44
37592,44
37593,44
37594,44
37595,44
37596,44
37597,44
37598,44
37599,44
37600,44
37601,44
37602,44
37603,44
37604,44
37605,44
37606,44
37607,44
37608,44
37609,44
37610,44
37611,44
37612,44
37613,44
37614,44
37615,44
37616,44
37617,44
37618,44
37619,44
37620,44
37621,44
37622,44
37623,44
37624,44
37625,44
37626,44
37627,44
37628,44
37629,44
37630,44
37631,44
37632,44
37633,44
37634,44
37635,44
37636,44
37637,44
37638,44
37639,44
37640,44
37641,44
37642,44
37643,44
37644,44
37645,44
37646,44
37647,44
37648,44
37649,44
37650,44
37651,44
37652,44
37653,44
37654,44
37655,44
37656,44
37657,44
37658,44
37659,44
37660,44
37661,44
37662,44
37663,44
37664,44
37665,44
37666,44
37667,44
37668,44
37669,44
37670,44
37671,44
37672,44
37673,44
37674,44
37675,44
37676,44
37677,44
37678,44
37679,44
37680,44
37681,44
37682,44
37683,44
37684,44
37685,44
37686,44
37687,44
37688,44
37689,44
37690,44
37691,44
37692,44
37693,44
37694,44
37695,44
37696,44
37697,44
37698,44
37699,44
37700,44
37701,44
37702,44
37703,44
37704,44
37705,44
37706,44
37707,44
37708,44
37709,44
37710,44
37711,44
37712,44
37713,44
37714,44
37715,44
37716,44
37717,44
37718,44
37719,44
37720,44
37721,44
37722,44
37723,44
37724,44
37725,44
37726,44
37727,44
37728,44
37729,44
37730,44
37731,44
37732,44
37733,44
37734,44
37735,44
37736,44
37737,44
37738,44
37739,44
37740,44
37741,44
37742,44
37743,44
37744,44
37745,44
37746,44
37747,44
37748,44
37749,44
37750,44
37751,44
37752,44
37753,44
37754,44
37755,44
37756,44
37757,44
37758,44
37759,44
37760,44
37761,44
37762,44
37763,44
37764,44
37765,44
37766,44
37767,44
37768,44
37769,44
37770,44
37771,44
37772,44
37773,44
37774,44
37775,44
37776,44
37777,44
37778,44
37779,44
37780,44
37781,44
37782,44
37783,44
37784,44
37785,44
37786,44
37787,44
37788,44
37789,44
37790,43
37791,43
37792,43
37793,43
37794,43
37795,43
37796,43
37797,43
37798,43
37799,43
37800,43
37801,43
37802,43
37803,43
37804,43
37805,43
37806,43
37807,43
37808,43
37809,43
37810,43
37811,43
37812,43
37813,43
37814,43
37815,43
37816,43
37817,43
37818,43
37819,43
37820,44
37821,44
37822,44
37823,44
37824,44
37825,44
37826,44
37827,44
37828,44
37829,44
37830,44
37831,44
37832,44
37833,44
37834,44
37835,44
37836,44
37837,44
37838,44
37839,44
37840,44
37841,44
37842,44
37843,44
37844,44
37845,44
37846,44
37847,44
37848,44
37849,44
37850,44
37851,44
37852,44
37853,44
37854,44
37855,44
37856,44
37857,44
37858,44
37859,44
37860,44
37861,44
37862,44
37863,44
37864,44
37865,44
37866,44
37867,44
37868,44
37869,44
37870,44
37871,44
37872,44
37873,44
37874,44
37875,44
37876,44
37877,44
37878,44
37879,44
37880,44
37881,44
37882,44
37883,44
37884,44
37885,44
37886,44
37887,44
37888,44
37889,44
37890,44
37891,44
37892,44
37893,44
37894,44
37895,44
37896,44
37897,44
37898,44
37899,44
37900,44
37901,44
37902,44
37903,44
37904,44
37905,44
37906,44
37907,44
37908,44
37909,44
37910,44
37911,44
37912,44
37913,44
37914,44
37915,44
37916,44
37917,44
37918,44
37919,44
37920,44
37921,44
37922,44
37923,44
37924,44
37925,44
37926,44
37927,44
37928,44
37929,44
37930,44
37931,44
37932,44
37933,44
37934,44
37935,44
37936,43
37937,43
37938,43
37939,43
37940,43
37941,43
37942,43
37943,43
37944,43
37945,43
37946,43
37947,43
37948,44
37949,44
37950,44
37951,44
37952,44
37953,44
37954,44
37955,44
37956,44
37957,44
37958,44
37959,44
37960,44
37961,44
37962,44
37963,44
37964,44
37965,44
37966,44
37967,44
37968,44
37969,44
37970,44
37971,44
37972,44
37973,44
37974,44
37975,44
37976,44
37977,44
37978,44
37979,44
37980,44
37981,44
37982,44
37983,44
37984,44
37985,44
37986,44
37987,44
37988,44
37989,44
37990,44
37991,44
37992,44
37993,44
37994,44
37995,44
37996,43
37997,43
37998,43
37999,43
38000,43
38001,43
38002,43
38003,43
38004,43
38005,43
38006,43
38007,43
38008,43
38009,43
38010,43
38011,43
38012,43
38013,43
38014,43
38015,43
38016,43
38017,43
38018,43
38019,43
38020,43
38021,43
38022,43
38023,43
38024,43
38025,43
38026,43
38027,44
38028,44
38029,44
38030,44
38031,44
38032,44
38033,44
38034,44
38035,44
38036,44
38037,44
38038,44
38039,44
38040,44
38041,44
38042,44
38043,44
38044,44
38045,44
38046,44
38047,44
38048,44
38049,44
38050,44
38051,44
38052,44
38053,44
38054,44
38055,44
38056,44
38057,44
38058,44
38059,44
38060,44
38061,44
38062,44
38063,44
38064,44
38065,44
38066,44
38067,44
38068,44
38069,44
38070,44
38071,44
38072,44
38073,44
38074,44
38075,44
38076,44
38077,44
38078,44
38079,44
38080,44
38081,44
38082,44
38083,44
38084,44
38085,44
38086,44
38087,44
38088,44
38089,44
38090,44
38091,44
38092,44
38093,44
38094,44
38095,44
38096,44
38097,44
38098,44
38099,44
38100,44
38101,44
38102,44
38103,44
38104,44
38105,44
38106,44
38107,44
38108,44
38109,44
38110,44
38111,44
38112,44
38113,44
38114,44
38115,44
38116,44
38117,44
38118,44
38119,44
38120,44
38121,44
38122,44
38123,44
38124,44
38125,44
38126,44
38127,44
38128,44
38129,44
38130,44
38131,44
38132,44
38133,44
38134,44
38135,44
38136,44
38137,44
38138,44
38139,44
38140,44
38141,44
38142,44
38143,44
38144,44
38145,44
38146,44
38147,44
38148,44
38149,44
38150,44
38151,44
38152,44
38153,44
38154,44
38155,44
38156,44
38157,44
38158,44
38159,44
38160,44
38161,44
38162,44
38163,45
38164,45
38165,45
38166,45
38167,45
38168,45
38169,45
38170,45
38171,45
38172,45
38173,45
38174,45
38175,45
38176,45
38177,45
38178,45
38179,45
38180,45
38181,45
38182,45
38183,45
38184,44
38185,44
38186,44
38187,44
38188,44
38189,44
38190,44
38191,44
38192,44
38193,44
38194,44
38195,44
38196,44
38197,44
38198,44
38199,44
38200,44
38201,44
38202,44
38203,44
38204,44
38205,44
38206,44
38207,44
38208,44
38209,44
38210,44
38211,44
38212,44
38213,44
38214,44
38215,44
38216,44
38217,44
38218,44
38219,44
38220,44
38221,44
38222,44
38223,44
38224,44
38225,44
38226,44
38227,44
38228,44
38229,44
38230,44
38231,44
38232,44
38233,44
38234,44
38235,44
38236,44
38237,44
38238,44
38239,44
38240,44
38241,44
38242,44
38243,44
38244,44
38245,44
38246,44
38247,44
38248,44
38249,44
38250,44
38251,44
38252,44
38253,44
38254,44
38255,44
38256,44
38257,44
38258,44
38259,44
38260,44
38261,44
38262,44
38263,44
38264,44
38265,44
38266,44
38267,44
38268,44
38269,44
38270,44
38271,44
38272,44
38273,44
38274,44
38275,44
38276,44
38277,44
38278,44
38279,44
38280,44
38281,44
38282,44
38283,44
38284,44
38285,44
38286,44
38287,44
38288,44
38289,44
38290,44
38291,44
38292,44
38293,44
38294,44
38295,44
38296,44
38297,44
38298,44
38299,44
38300,44
38301,44
38302,44
38303,44
38304,44
38305,44
38306,44
38307,44
38308,44
38309,44
38310,44
38311,44
38312,44
38313,44
38314,44
38315,44
38316,44
38317,44
38318,44
38319,44
38320,44
38321,44
38322,44
38323,44
38324,44
38325,44
38326,44
38327,44
38328,44
38329,44
38330,44
38331,44
38332,44
38333,44
38334,44
38335,44
38336,44
38337,44
38338,44
38339,44
38340,44
38341,44
38342,44
38343,44
38344,44
38345,44
38346,44
38347,44
38348,44
38349,44
38350,44
38351,44
38352,44
38353,44
38354,44
38355,44
38356,44
38357,44
38358,44
38359,44
38360,44
38361,44
38362,44
38363,44
38364,44
38365,44
38366,44
38367,44
38368,44
38369,44
38370,44
38371,44
38372,44
38373,44
38374,44
38375,44
38376,44
38377,44
38378,44
38379,44
38380,44
38381,44
38382,44
38383,44
38384,44
38385,44
38386,44
38387,44
38388,44
38389,44
38390,44
38391,44
38392,44
38393,44
38394,44
38395,44
38396,44
38397,44
38398,44
38399,44
38400,44
38401,44
38402,44
38403,44
38404,44
38405,44
38406,44
38407,44
38408,44
38409,44
38410,44
38411,44
38412,44
38413,44
38414,44
38415,44
38416,44
38417,44
38418,44
38419,44
38420,44
38421,44
38422,44
38423,44
38424,44
38425,44
38426,44
38427,44
38428,44
38429,44
38430,44
38431,44
38432,44
38433,44
38434,44
38435,44
38436,44
38437,44
38438,44
38439,44
38440,44
38441,44
38442,44
38443,44
38444,44
38445,44
38446,44
38447,44
38448,44
38449,44
38450,44
38451,44
38452,44
38453,44
38454,44
38455,44
38456,44
38457,44
38458,44
38459,44
38460,44
38461,44
38462,44
38463,44
38464,44
38465,44
38466,44
38467,44
38468,44
38469,44
38470,44
38471,44
38472,44
38473,44
38474,44
38475,44
38476,44
38477,44
38478,44
38479,44
38480,44
38481,44
38482,44
38483,44
38484,44
38485,44
38486,44
38487,44
38488,44
38489,44
38490,44
38491,44
38492,44
38493,44
38494,44
38495,44
38496,44
38497,44
38498,44
38499,44
38500,44
38501,44
38502,44
38503,44
38504,44
38505,44
38506,44
38507,44
38508,44
38509,44
38510,44
38511,44
38512,44
38513,44
38514,44
38515,44
38516,44
38517,44
38518,44
38519,44
38520,44
38521,44
38522,44
38523,44
38524,44
38525,43
38526,43
38527,43
38528,43
38529,43
38530,43
38531,43
38532,43
38533,43
38534,43
38535,43
38536,43
38537,43
38538,43
38539,43
38540,43
38541,43
38542,43
38543,43
38544,43
38545,43
38546,43
38547,43
38548,43
38549,43
38550,43
38551,43
38552,43
38553,43
38554,43
38555,43
38556,43
38557,43
38558,43
38559,43
38560,44
38561,44
38562,44
38563,44
38564,44
38565,44
38566,44
38567,44
38568,44
38569,44
38570,44
38571,44
38572,44
38573,44
38574,44
38575,44
38576,44
38577,44
38578,44
38579,44
38580,44
38581,44
38582,44
38583,44
38584,44
38585,44
38586,44
38587,44
38588,44
38589,44
38590,44
38591,44
38592,44
38593,44
38594,44
38595,44
38596,44
38597,44
38598,44
38599,44
38600,44
38601,44
38602,44
38603,44
38604,44
38605,44
38606,44
38607,44
38608,44
38609,44
38610,44
38611,44
38612,44
38613,44
38614,44
38615,44
38616,44
38617,44
38618,44
38619,44
38620,44
38621,44
38622,44
38623,44
38624,44
38625,44
38626,44
38627,44
38628,44
38629,44
38630,43
38631,43
38632,43
38633,43
38634,43
38635,43
38636,43
38637,43
38638,43
38639,43
38640,43
38641,43
38642,43
38643,43
38644,43
38645,43
38646,43
38647,43
38648,43
38649,43
38650,43
38651,43
38652,43
38653,43
38654,44
38655,44
38656,44
38657,44
38658,44
38659,44
38660,44
38661,44
38662,44
38663,44
38664,44
38665,44
38666,44
38667,44
38668,44
38669,44
38670,44
38671,44
38672,44
38673,44
38674,44
38675,44
38676,44
38677,44
38678,44
38679,44
38680,44
38681,44
38682,44
38683,44
38684,44
38685,44
38686,44
38687,44
38688,44
38689,44
38690,44
38691,44
38692,44
38693,44
38694,44
38695,44
38696,44
38697,43
38698,43
38699,43
38700,43
38701,43
38702,43
38703,43
38704,43
38705,43
38706,43
38707,43
38708,43
38709,43
38710,43
38711,43
38712,43
38713,43
38714,43
38715,43
38716,43
38717,43
38718,43
38719,43
38720,43
38721,43
38722,43
38723,43
38724,43
38725,43
38726,43
38727,43
38728,43
38729,43
38730,43
38731,43
38732,43
38733,43
38734,43
38735,43
38736,43
38737,43
38738,43
38739,43
38740,43
38741,43
38742,43
38743,43
38744,43
38745,43
38746,43
38747,43
38748,43
38749,43
38750,43
38751,43
38752,43
38753,43
38754,43
38755,43
38756,43
38757,43
38758,43
38759,43
38760,43
38761,43
38762,43
38763,43
38764,43
38765,43
38766,43
38767,43
38768,43
38769,43
38770,43
38771,43
38772,43
38773,43
38774,43
38775,43
38776,43
38777,43
38778,43
38779,43
38780,43
38781,43
38782,43
38783,43
38784,43
38785,43
38786,43
38787,43
38788,43
38789,43
38790,43
38791,43
38792,43
38793,43
38794,43
38795,43
38796,43
38797,43
38798,43
38799,43
38800,43
38801,43
38802,43
38803,43
38804,43
38805,43
38806,43
38807,43
38808,44
38809,44
38810,44
38811,44
38812,44
38813,44
38814,44
38815,44
38816,44
38817,44
38818,44
38819,44
38820,44
38821,44
38822,44
38823,44
38824,44
38825,44
38826,44
38827,44
38828,44
38829,44
38830,44
38831,44
38832,44
38833,44
38834,44
38835,44
38836,44
38837,44
38838,44
38839,44
38840,44
38841,44
38842,44
38843,44
38844,44
38845,44
38846,44
38847,44
38848,44
38849,44
38850,44
38851,44
38852,44
38853,44
38854,44
38855,44
38856,44
38857,44
38858,44
38859,44
38860,44
38861,44
38862,44
38863,44
38864,44
38865,44
38866,44
38867,44
38868,44
38869,44
38870,44
38871,44
38872,44
38873,44
38874,44
38875,44
38876,44
38877,44
38878,44
38879,44
38880,44
38881,44
38882,44
38883,44
38884,44
38885,44
38886,44
38887,44
38888,44
38889,44
38890,44
38891,44
38892,44
38893,44
38894,44
38895,44
38896,44
38897,44
38898,44
38899,44
38900,44
38901,44
38902,44
38903,44
38904,44
38905,44
38906,44
38907,44
38908,44
38909,44
38910,44
38911,44
38912,44
38913,44
38914,44
38915,44
38916,44
38917,44
38918,44
38919,44
38920,44
38921,44
38922,44
38923,44
38924,44
38925,44
38926,44
38927,44
38928,44
38929,44
38930,44
38931,44
38932,44
38933,44
38934,44
38935,44
38936,44
38937,44
38938,44
38939,44
38940,44
38941,44
38942,44
38943,44
38944,44
38945,44
38946,44
38947,44
38948,44
38949,44
38950,44
38951,44
38952,44
38953,44
38954,44
38955,44
38956,44
38957,44
38958,44
38959,44
38960,44
38961,44
38962,44
38963,44
38964,44
38965,44
38966,44
38967,44
38968,44
38969,44
38970,44
38971,44
38972,44
38973,44
38974,44
38975,44
38976,44
38977,44
38978,44
38979,44
38980,44
38981,44
38982,44
38983,44
38984,44
38985,44
38986,44
38987,44
38988,44
38989,44
38990,44
38991,44
38992,44
38993,44
38994,44
38995,44
38996,44
38997,44
38998,44
38999,44
39000,44
39001,44
39002,44
39003,44
39004,44
39005,44
39006,44
39007,44
39008,44
39009,44
39010,44
39011,44
39012,44
39013,44
39014,44
39015,44
39016,44
39017,44
39018,44
39019,44
39020,44
39021,44
39022,44
39023,44
39024,44
39025,44
39026,44
39027,44
39028,44
39029,44
39030,44
39031,44
39032,44
39033,44
39034,44
39035,44
39036,44
39037,44
39038,44
39039,44
39040,44
39041,44
39042,44
39043,44
39044,44
39045,44
39046,44
39047,44
39048,44
39049,44
39050,44
39051,44
39052,44
39053,44
39054,44
39055,44
39056,44
39057,44
39058,44
39059,44
39060,44
39061,44
39062,44
39063,44
39064,44
39065,44
39066,44
39067,44
39068,44
39069,44
39070,44
39071,44
39072,44
39073,44
39074,44
39075,44
39076,44
39077,44
39078,44
39079,44
39080,44
39081,44
39082,44
39083,44
39084,44
39085,44
39086,44
39087,44
39088,44
39089,44
39090,44
39091,44
39092,44
39093,44
39094,44
39095,44
39096,44
39097,44
39098,44
39099,44
39100,44
39101,44
39102,44
39103,44
39104,44
39105,44
39106,44
39107,44
39108,44
39109,44
39110,44
39111,44
39112,44
39113,44
39114,44
39115,44
39116,44
39117,44
39118,44
39119,44
39120,44
39121,44
39122,44
39123,44
39124,44
39125,44
39126,44
39127,44
39128,44
39129,44
39130,44
39131,44
39132,44
39133,44
39134,44
39135,44
39136,44
39137,44
39138,44
39139,44
39140,44
39141,44
39142,44
39143,44
39144,44
39145,44
39146,44
39147,44
39148,44
39149,44
39150,44
39151,44
39152,44
39153,44
39154,44
39155,44
39156,44
39157,44
39158,44
39159,44
39160,44
39161,44
39162,44
39163,44
39164,44
39165,44
39166,44
39167,44
39168,44
39169,44
39170,44
39171,44
39172,44
39173,44
39174,44
39175,44
39176,44
39177,44
39178,44
39179,44
39180,44
39181,44
39182,44
39183,44
39184,44
39185,44
39186,44
39187,44
39188,44
39189,44
39190,44
39191,44
39192,44
39193,44
39194,44
39195,44
39196,44
39197,44
39198,44
39199,44
39200,44
39201,44
39202,44
39203,44
39204,44
39205,44
39206,44
39207,44
39208,44
39209,44
39210,44
39211,44
39212,44
39213,44
39214,44
39215,44
39216,44
39217,44
39218,44
39219,44
39220,44
39221,44
39222,44
39223,44
39224,44
39225,44
39226,45
39227,45
39228,45
39229,45
39230,45
39231,45
39232,45
39233,45
39234,45
39235,45
39236,45
39237,45
39238,45
39239,45
39240,45
39241,45
39242,45
39243,45
39244,45
39245,45
39246,45
39247,45
39248,45
39249,45
39250,45
39251,45
39252,45
39253,45
39254,45
39255,45
39256,45
39257,45
39258,45
39259,45
39260,45
39261,45
39262,45
39263,45
39264,45
39265,44
39266,44
39267,44
39268,44
39269,44
39270,44
39271,44
39272,44
39273,44
39274,44
39275,44
39276,44
39277,44
39278,44
39279,44
39280,44
39281,44
39282,44
39283,44
39284,44
39285,44
39286,44
39287,44
39288,44
39289,44
39290,44
39291,44
39292,44
39293,44
39294,44
39295,44
39296,44
39297,44
39298,44
39299,44
39300,44
39301,44
39302,44
39303,44
39304,44
39305,44
39306,44
39307,44
39308,44
39309,44
39310,44
39311,44
39312,44
39313,44
39314,44
39315,44
39316,44
39317,44
39318,44
39319,44
39320,44
39321,44
39322,44
39323,44
39324,44
39325,44
39326,44
39327,44
39328,44
39329,44
39330,44
39331,44
39332,44
39333,44
39334,44
39335,44
39336,44
39337,44
39338,44
39339,44
39340,44
39341,44
39342,44
39343,44
39344,44
39345,44
39346,44
39347,44
39348,44
39349,44
39350,44
39351,44
39352,44
39353,44
39354,44
39355,44
39356,44
39357,44
39358,44
39359,44
39360,44
39361,44
39362,44
39363,44
39364,44
39365,44
39366,44
39367,44
39368,44
39369,44
39370,44
39371,44
39372,44
39373,44
39374,44
39375,44
39376,44
39377,44
39378,44
39379,44
39380,44
39381,44
39382,44
39383,44
39384,44
39385,44
39386,44
39387,43
39388,44
39389,44
39390,44
39391,44
39392,44
39393,44
39394,44
39395,44
39396,44
39397,44
39398,44
39399,44
39400,44
39401,44
39402,44
39403,44
39404,44
39405,44
39406,44
39407,44
39408,44
39409,44
39410,44
39411,44
39412,44
39413,44
39414,44
39415,44
39416,44
39417,44
39418,44
39419,44
39420,44
39421,44
39422,44
39423,44
39424,44
39425,44
39426,44
39427,44
39428,44
39429,44
39430,44
39431,44
39432,44
39433,44
39434,44
39435,44
39436,44
39437,44
39438,44
39439,44
39440,44
39441,44
39442,44
39443,44
39444,44
39445,44
39446,44
39447,44
39448,44
39449,44
39450,44
39451,44
39452,44
39453,44
39454,44
39455,44
39456,44
39457,44
39458,44
39459,44
39460,44
39461,44
39462,44
39463,44
39464,44
39465,44
39466,44
39467,44
39468,44
39469,44
39470,44
39471,44
39472,44
39473,44
39474,44
39475,44
39476,44
39477,44
39478,43
39479,43
39480,43
39481,44
39482,44
39483,44
39484,44
39485,44
39486,43
39487,43
39488,43
39489,44
39490,44
39491,44
39492,43
39493,43
39494,43
39495,43
39496,43
39497,43
39498,43
39499,43
39500,43
39501,43
39502,44
39503,44
39504,44
39505,43
39506,44
39507,44
39508,44
39509,44
39510,44
39511,44
39512,44
39513,44
39514,44
39515,44
39516,44
39517,44
39518,44
39519,44
39520,44
39521,44
39522,44
39523,44
39524,44
39525,44
39526,44
39527,44
39528,44
39529,44
39530,44
39531,44
39532,44
39533,44
39534,44
39535,44
39536,44
39537,44
39538,44
39539,44
39540,44
39541,44
39542,44
39543,44
39544,44
39545,44
39546,44
39547,44
39548,44
39549,44
39550,44
39551,44
39552,44
39553,44
39554,44
39555,44
39556,44
39557,44
39558,44
39559,44
39560,44
39561,44
39562,44
39563,44
39564,44
39565,44
39566,44
39567,44
39568,44
39569,44
39570,44
39571,44
39572,44
39573,44
39574,44
39575,44
39576,44
39577,44
39578,44
39579,44
39580,44
39581,44
39582,44
39583,44
39584,44
39585,44
39586,44
39587,44
39588,44
39589,44
39590,44
39591,44
39592,43
39593,43
39594,44
39595,44
39596,44
39597,44
39598,44
39599,44
39600,44
39601,44
39602,44
39603,44
39604,44
39605,44
39606,44
39607,44
39608,44
39609,44
39610,44
39611,44
39612,44
39613,44
39614,44
39615,44
39616,44
39617,44
39618,44
39619,44
39620,44
39621,44
39622,44
39623,44
39624,44
39625,44
39626,44
39627,44
39628,44
39629,44
39630,44
39631,44
39632,44
39633,44
39634,44
39635,44
39636,44
39637,44
39638,44
39639,44
39640,44
39641,44
39642,44
39643,44
39644,44
39645,44
39646,44
39647,44
39648,44
39649,44
39650,44
39651,44
39652,44
39653,44
39654,44
39655,44
39656,44
39657,44
39658,44
39659,44
39660,44
39661,44
39662,44
39663,44
39664,44
39665,44
39666,44
39667,44
39668,44
39669,44
39670,44
39671,44
39672,44
39673,44
39674,44
39675,44
39676,44
39677,44
39678,44
39679,44
39680,44
39681,44
39682,44
39683,44
39684,44
39685,44
39686,44
39687,44
39688,44
39689,44
39690,44
39691,44
39692,44
39693,44
39694,44
39695,44
39696,44
39697,44
39698,44
39699,44
39700,44
39701,44
39702,44
39703,44
39704,44
39705,44
39706,44
39707,44
39708,44
39709,44
39710,44
39711,44
39712,44
39713,44
39714,44
39715,44
39716,44
39717,44
39718,44
39719,44
39720,44
39721,44
39722,44
39723,44
39724,44
39725,44
39726,44
39727,44
39728,44
39729,44
39730,44
39731,44
39732,44
39733,44
39734,44
39735,44
39736,44
39737,44
39738,44
39739,44
39740,44
39741,44
39742,44
39743,44
39744,44
39745,44
39746,44
39747,44
39748,44
39749,44
39750,44
39751,44
39752,44
39753,44
39754,44
39755,44
39756,44
39757,44
39758,44
39759,44
39760,44
39761,44
39762,44
39763,44
39764,44
39765,44
39766,44
39767,44
39768,44
39769,44
39770,44
39771,44
39772,44
39773,44
39774,44
39775,44
39776,44
39777,44
39778,44
39779,44
39780,44
39781,44
39782,44
39783,44
39784,44
39785,44
39786,44
39787,44
39788,44
39789,44
39790,44
39791,44
39792,44
39793,44
39794,44
39795,44
39796,44
39797,44
39798,44
39799,44
39800,44
39801,44
39802,44
39803,44
39804,44
39805,44
39806,44
39807,44
39808,44
39809,44
39810,44
39811,44
39812,44
39813,44
39814,44
39815,44
39816,44
39817,44
39818,44
39819,44
39820,44
39821,44
39822,44
39823,44
39824,44
39825,44
39826,44
39827,44
39828,44
39829,44
39830,44
39831,44
39832,44
39833,44
39834,44
39835,44
39836,44
39837,44
39838,44
39839,44
39840,44
39841,44
39842,44
39843,44
39844,44
39845,44
39846,44
39847,44
39848,44
39849,44
39850,44
39851,44
39852,44
39853,44
39854,44
39855,44
39856,44
39857,44
39858,44
39859,44
39860,44
39861,44
39862,44
39863,44
39864,44
39865,44
39866,44
39867,44
39868,44
39869,44
39870,44
39871,44
39872,44
39873,44
39874,44
39875,44
39876,44
39877,44
39878,44
39879,44
39880,44
39881,44
39882,44
39883,44
39884,44
39885,44
39886,44
39887,44
39888,44
39889,44
39890,44
39891,44
39892,44
39893,44
39894,44
39895,44
39896,44
39897,44
39898,44
39899,44
39900,44
39901,44
39902,44
39903,44
39904,44
39905,44
39906,44
39907,44
39908,44
39909,44
39910,44
39911,44
39912,44
39913,44
39914,44
39915,44
39916,44
39917,44
39918,44
39919,44
39920,44
39921,44
39922,44
39923,44
39924,44
39925,44
39926,44
39927,44
39928,44
39929,44
39930,44
39931,44
39932,44
39933,44
39934,44
39935,44
39936,44
39937,44
39938,44
39939,44
39940,44
39941,44
39942,44
39943,45
39944,45
39945,45
39946,45
39947,45
39948,45
39949,45
39950,45
39951,45
39952,45
39953,45
39954,45
39955,45
39956,45
39957,45
39958,45
39959,45
39960,45
39961,45
39962,45
39963,45
39964,45
39965,45
39966,45
39967,45
39968,45
39969,45
39970,45
39971,45
39972,45
39973,45
39974,45
39975,45
39976,45
39977,45
39978,45
39979,45
39980,45
39981,45
39982,45
39983,45
39984,45
39985,45
39986,45
39987,45
39988,45
39989,45
39990,45
39991,45
39992,45
39993,45
39994,45
39995,45
39996,45
39997,45
39998,45
39999,45
40000,45
40001,45
40002,45
40003,45
40004,45
40005,45
40006,45
40007,45
40008,45
40009,45
40010,45
40011,45
40012,45
40013,45
40014,45
40015,45
40016,45
40017,45
40018,45
40019,45
40020,45
40021,45
40022,45
40023,45
40024,45
40025,45
40026,44
40027,44
40028,44
40029,44
40030,44
40031,44
40032,44
40033,44
40034,44
40035,44
40036,44
40037,44
40038,44
40039,44
40040,44
40041,44
40042,44
40043,44
40044,44
40045,44
40046,44
40047,44
40048,44
40049,44
40050,44
40051,44
40052,44
40053,44
40054,44
40055,44
40056,44
40057,44
40058,44
40059,44
40060,44
40061,44
40062,44
40063,44
40064,44
40065,44
40066,44
40067,44
40068,44
40069,44
40070,44
40071,44
40072,44
40073,44
40074,44
40075,44
40076,44
40077,44
40078,44
40079,44
40080,45
40081,45
40082,45
40083,45
40084,45
40085,45
40086,44
40087,44
40088,44
40089,44
40090,44
40091,44
40092,44
40093,44
40094,44
40095,44
40096,44
40097,44
40098,44
40099,44
40100,44
40101,44
40102,44
40103,44
40104,44
40105,44
40106,44
40107,44
40108,44
40109,44
40110,44
40111,44
40112,44
40113,44
40114,44
40115,44
40116,44
40117,44
40118,44
40119,44
40120,44
40121,44
40122,44
40123,44
40124,44
40125,44
40126,44
40127,44
40128,44
40129,44
40130,44
40131,44
40132,44
40133,44
40134,44
40135,44
40136,44
40137,44
40138,44
40139,44
40140,44
40141,44
40142,44
40143,44
40144,44
40145,44
40146,44
40147,44
40148,44
40149,44
40150,44
40151,44
40152,44
40153,44
40154,44
40155,44
40156,44
40157,44
40158,44
40159,44
40160,44
40161,44
40162,44
40163,44
40164,44
40165,44
40166,44
40167,44
40168,44
40169,44
40170,44
40171,44
40172,44
40173,44
40174,44
40175,44
40176,44
40177,44
40178,44
40179,44
40180,44
40181,44
40182,44
40183,44
40184,44
40185,44
40186,44
40187,44
40188,44
40189,44
40190,44
40191,44
40192,44
40193,44
40194,44
40195,44
40196,44
40197,44
40198,44
40199,44
40200,44
40201,44
40202,44
40203,44
40204,44
40205,44
40206,44
40207,44
40208,44
40209,44
40210,44
40211,44
40212,44
40213,44
40214,44
40215,44
40216,44
40217,44
40218,44
40219,44
40220,44
40221,44
40222,44
40223,44
40224,44
40225,44
40226,44
40227,44
40228,44
40229,44
40230,44
40231,44
40232,44
40233,44
40234,44
40235,44
40236,44
40237,44
40238,44
40239,44
40240,44
40241,44
40242,44
40243,44
40244,44
40245,44
40246,44
40247,44
40248,44
40249,44
40250,44
40251,44
40252,44
40253,44
40254,44
40255,44
40256,44
40257,44
40258,44
40259,44
40260,44
40261,44
40262,44
40263,44
40264,44
40265,44
40266,44
40267,44
40268,44
40269,44
40270,44
40271,44
40272,44
40273,44
40274,44
40275,44
40276,44
40277,44
40278,44
40279,44
40280,44
40281,44
40282,44
40283,44
40284,44
40285,44
40286,44
40287,44
40288,44
40289,44
40290,44
40291,44
40292,44
40293,44
40294,44
40295,44
40296,44
40297,44
40298,44
40299,44
40300,44
40301,44
40302,44
40303,44
40304,44
40305,44
40306,44
40307,44
40308,44
40309,44
40310,44
40311,44
40312,44
40313,44
40314,44
40315,44
40316,44
40317,44
40318,44
40319,44
40320,44
40321,44
40322,44
40323,44
40324,44
40325,44
40326,44
40327,44
40328,44
40329,44
40330,44
40331,44
40332,44
40333,44
40334,44
40335,44
40336,44
40337,44
40338,44
40339,44
40340,44
40341,44
40342,44
40343,44
40344,44
40345,44
40346,44
40347,44
40348,44
40349,44
40350,44
40351,44
40352,44
40353,44
40354,44
40355,44
40356,44
40357,44
40358,44
40359,44
40360,44
40361,44
40362,44
40363,44
40364,44
40365,44
40366,44
40367,44
40368,44
40369,44
40370,44
40371,44
40372,44
40373,44
40374,44
40375,44
40376,44
40377,44
40378,44
40379,44
40380,44
40381,44
40382,44
40383,44
40384,44
40385,44
40386,44
40387,44
40388,44
40389,44
40390,44
40391,44
40392,44
40393,44
40394,44
40395,44
40396,44
40397,44
40398,44
40399,44
40400,44
40401,44
40402,44
40403,44
40404,44
40405,44
40406,44
40407,44
40408,44
40409,44
40410,44
40411,44
40412,44
40413,44
40414,44
40415,44
40416,44
40417,44
40418,44
40419,44
40420,44
40421,44
40422,44
40423,44
40424,44
40425,44
40426,44
40427,44
40428,44
40429,44
40430,44
40431,44
40432,44
40433,44
40434,44
40435,44
40436,44
40437,44
40438,44
40439,44
40440,44
40441,44
40442,44
40443,44
40444,44
40445,44
40446,44
40447,44
40448,44
40449,44
40450,44
40451,44
40452,44
40453,44
40454,44
40455,44
40456,44
40457,44
40458,44
40459,44
40460,44
40461,44
40462,44
40463,44
40464,44
40465,44
40466,44
40467,44
40468,44
40469,44
40470,44
40471,44
40472,44
40473,44
40474,44
40475,44
40476,44
40477,44
40478,44
40479,44
40480,44
40481,44
40482,44
40483,44
40484,44
40485,44
40486,44
40487,44
40488,44
40489,44
40490,44
40491,44
40492,44
40493,44
40494,44
40495,44
40496,44
40497,44
40498,44
40499,44
40500,44
40501,44
40502,44
40503,44
40504,44
40505,44
40506,44
40507,44
40508,44
40509,44
40510,44
40511,44
40512,44
40513,44
40514,44
40515,44
40516,44
40517,44
40518,44
40519,44
40520,44
40521,44
40522,44
40523,44
40524,44
40525,44
40526,44
40527,44
40528,44
40529,44
40530,44
40531,44
40532,44
40533,44
40534,44
40535,44
40536,44
40537,44
40538,44
40539,44
40540,44
40541,44
40542,44
40543,44
40544,44
40545,44
40546,44
40547,44
40548,44
40549,44
40550,44
40551,44
40552,44
40553,44
40554,44
40555,44
40556,44
40557,44
40558,44
40559,44
40560,44
40561,44
40562,44
40563,44
40564,44
40565,44
40566,44
40567,44
40568,44
40569,44
40570,44
40571,44
40572,44
40573,44
40574,44
40575,44
40576,44
40577,44
40578,44
40579,44
40580,44
40581,44
40582,44
40583,44
40584,44
40585,44
40586,44
40587,44
40588,44
40589,44
40590,44
40591,44
40592,44
40593,44
40594,44
40595,44
40596,44
40597,44
40598,44
40599,44
40600,44
40601,44
40602,44
40603,44
40604,44
40605,44
40606,44
40607,44
40608,44
40609,44
40610,44
40611,44
40612,44
40613,44
40614,44
40615,44
40616,44
40617,44
40618,44
40619,44
40620,44
40621,44
40622,44
40623,44
40624,44
40625,44
40626,44
40627,44
40628,44
40629,44
40630,44
40631,44
40632,44
40633,44
40634,44
40635,44
40636,44
40637,44
40638,44
40639,44
40640,44
40641,44
40642,44
40643,44
40644,44
40645,44
40646,44
40647,44
40648,44
40649,44
40650,44
40651,44
40652,43
40653,43
40654,43
40655,43
40656,43
40657,43
40658,43
40659,43
40660,43
40661,43
40662,43
40663,43
40664,43
40665,43
40666,43
40667,43
40668,43
40669,43
40670,43
40671,43
40672,43
40673,43
40674,43
40675,43
40676,43
40677,43
40678,43
40679,43
40680,43
40681,43
40682,43
40683,43
40684,43
40685,43
40686,43
40687,43
40688,43
40689,43
40690,43
40691,44
40692,44
40693,44
40694,44
40695,44
40696,44
40697,44
40698,44
40699,44
40700,44
40701,44
40702,44
40703,44
40704,44
40705,44
40706,44
40707,44
40708,44
40709,44
40710,44
40711,44
40712,44
40713,44
40714,44
40715,44
40716,44
40717,44
40718,44
40719,44
40720,44
40721,44
40722,44
40723,44
40724,44
40725,44
40726,44
40727,44
40728,44
40729,44
40730,44
40731,44
40732,44
40733,44
40734,44
40735,44
40736,44
40737,44
40738,44
40739,44
40740,44
40741,44
40742,44
40743,44
40744,44
40745,44
40746,44
40747,44
40748,44
40749,44
40750,44
40751,44
40752,44
40753,44
40754,44
40755,44
40756,44
40757,44
40758,44
40759,44
40760,44
40761,44
40762,44
40763,44
40764,44
40765,44
40766,44
40767,44
40768,44
40769,44
40770,44
40771,44
40772,44
40773,44
40774,44
40775,44
40776,44
40777,44
40778,44
40779,44
40780,44
40781,44
40782,44
40783,44
40784,44
40785,44
40786,44
40787,44
40788,44
40789,44
40790,44
40791,44
40792,44
40793,44
40794,44
40795,44
40796,44
40797,44
40798,44
40799,44
40800,44
40801,44
40802,44
40803,44
40804,44
40805,44
40806,44
40807,44
40808,44
40809,44
40810,44
40811,44
40812,44
40813,44
40814,44
40815,44
40816,44
40817,44
40818,44
40819,44
40820,44
40821,44
40822,44
40823,44
40824,44
40825,44
40826,44
40827,44
40828,44
40829,44
40830,44
40831,44
40832,44
40833,44
40834,44
40835,44
40836,44
40837,44
40838,44
40839,44
40840,44
40841,44
40842,44
40843,44
40844,44
40845,44
40846,44
40847,44
40848,44
40849,44
40850,44
40851,44
40852,44
40853,44
40854,44
40855,44
40856,44
40857,44
40858,44
40859,44
40860,44
40861,44
40862,44
40863,44
40864,44
40865,44
40866,44
40867,44
40868,44
40869,44
40870,44
40871,44
40872,44
40873,44
40874,44
40875,44
40876,44
40877,44
40878,44
40879,44
40880,44
40881,44
40882,44
40883,44
40884,44
40885,44
40886,44
40887,44
40888,44
40889,44
40890,44
40891,44
40892,44
40893,44
40894,44
40895,44
40896,44
40897,44
40898,44
40899,44
40900,44
40901,44
40902,44
40903,44
40904,44
40905,44
40906,44
40907,44
40908,44
40909,44
40910,44
40911,44
40912,44
40913,44
40914,44
40915,44
40916,44
40917,44
40918,44
40919,43
40920,43
40921,43
40922,43
40923,43
40924,43
40925,43
40926,43
40927,43
40928,43
40929,43
40930,43
40931,43
40932,43
40933,43
40934,43
40935,43
40936,43
40937,44
40938,44
40939,44
40940,44
40941,44
40942,44
40943,44
40944,44
40945,44
40946,44
40947,44
40948,44
40949,44
40950,44
40951,44
40952,44
40953,44
40954,44
40955,44
40956,44
40957,44
40958,44
40959,43
40960,43
40961,43
40962,43
40963,43
40964,43
40965,43
40966,43
40967,43
40968,43
40969,43
40970,43
40971,43
40972,43
40973,43
40974,43
40975,43
40976,43
40977,43
40978,43
40979,43
40980,43
40981,43
40982,43
40983,43
40984,43
40985,43
40986,43
40987,43
40988,43
40989,43
40990,43
40991,43
40992,43
40993,43
40994,43
40995,43
40996,43
40997,43
40998,43
40999,43
41000,43
41001,43
41002,43
41003,43
41004,43
41005,43
41006,43
41007,43
41008,43
41009,43
41010,43
41011,43
41012,43
41013,43
41014,43
41015,43
41016,43
41017,43
41018,43
41019,43
41020,43
41021,43
41022,43
41023,43
41024,43
41025,43
41026,43
41027,43
41028,43
41029,44
41030,44
41031,44
41032,44
41033,44
41034,44
41035,44
41036,44
41037,44
41038,44
41039,44
41040,44
41041,44
41042,44
41043,44
41044,44
41045,44
41046,44
41047,44
41048,44
41049,44
41050,44
41051,44
41052,44
41053,44
41054,44
41055,44
41056,44
41057,44
41058,44
41059,44
41060,44
41061,44
41062,44
41063,44
41064,44
41065,44
41066,44
41067,43
41068,43
41069,43
41070,43
41071,43
41072,43
41073,43
41074,43
41075,43
41076,43
41077,43
41078,43
41079,43
41080,43
41081,43
41082,43
41083,43
41084,43
41085,43
41086,43
41087,43
41088,43
41089,43
41090,43
41091,43
41092,43
41093,43
41094,43
41095,43
41096,43
41097,43
41098,43
41099,43
41100,43
41101,43
41102,43
41103,43
41104,43
41105,43
41106,43
41107,43
41108,43
41109,43
41110,43
41111,43
41112,43
41113,43
41114,43
41115,43
41116,43
41117,43
41118,43
41119,43
41120,43
41121,43
41122,44
41123,44
41124,44
41125,44
41126,44
41127,44
41128,44
41129,44
41130,44
41131,44
41132,44
41133,44
41134,44
41135,44
41136,44
41137,44
41138,44
41139,44
41140,44
41141,44
41142,44
41143,44
41144,44
41145,44
41146,44
41147,44
41148,44
41149,44
41150,44
41151,44
41152,44
41153,44
41154,44
41155,44
41156,44
41157,44
41158,44
41159,44
41160,44
41161,44
41162,44
41163,44
41164,44
41165,44
41166,44
41167,44
41168,44
41169,44
41170,44
41171,44
41172,44
41173,44
41174,44
41175,44
41176,44
41177,44
41178,44
41179,44
41180,44
41181,44
41182,44
41183,44
41184,44
41185,44
41186,44
41187,44
41188,44
41189,44
41190,44
41191,44
41192,44
41193,44
41194,44
41195,44
41196,44
41197,44
41198,44
41199,44
41200,44
41201,44
41202,44
41203,44
41204,44
41205,44
41206,44
41207,44
41208,44
41209,44
41210,44
41211,44
41212,44
41213,44
41214,44
41215,44
41216,44
41217,44
41218,44
41219,44
41220,44
41221,44
41222,44
41223,44
41224,44
41225,44
41226,44
41227,44
41228,44
41229,44
41230,44
41231,44
41232,44
41233,44
41234,44
41235,44
41236,44
41237,44
41238,44
41239,44
41240,44
41241,44
41242,44
41243,44
41244,44
41245,44
41246,44
41247,44
41248,44
41249,44
41250,44
41251,44
41252,44
41253,44
41254,44
41255,44
41256,44
41257,44
41258,44
41259,44
41260,44
41261,44
41262,44
41263,44
41264,44
41265,44
41266,44
41267,44
41268,44
41269,44
41270,44
41271,44
41272,44
41273,44
41274,44
41275,44
41276,44
41277,44
41278,44
41279,44
41280,44
41281,44
41282,44
41283,44
41284,44
41285,44
41286,44
41287,44
41288,44
41289,44
41290,44
41291,44
41292,44
41293,44
41294,44
41295,44
41296,44
41297,44
41298,44
41299,44
41300,44
41301,44
41302,44
41303,44
41304,44
41305,44
41306,44
41307,44
41308,44
41309,44
41310,44
41311,44
41312,44
41313,44
41314,44
41315,44
41316,44
41317,44
41318,44
41319,44
41320,44
41321,44
41322,44
41323,44
41324,44
41325,44
41326,44
41327,44
41328,44
41329,44
41330,44
41331,44
41332,44
41333,44
41334,44
41335,44
41336,44
41337,44
41338,44
41339,44
41340,44
41341,44
41342,44
41343,44
41344,44
41345,44
41346,44
41347,44
41348,44
41349,44
41350,44
41351,44
41352,44
41353,44
41354,44
41355,44
41356,44
41357,44
41358,44
41359,44
41360,44
41361,44
41362,44
41363,44
41364,44
41365,44
41366,44
41367,44
41368,44
41369,44
41370,44
41371,44
41372,44
41373,44
41374,44
41375,44
41376,44
41377,44
41378,44
41379,44
41380,44
41381,44
41382,44
41383,44
41384,44
41385,44
41386,44
41387,44
41388,44
41389,44
41390,44
41391,44
41392,44
41393,44
41394,44
41395,44
41396,44
41397,44
41398,44
41399,44
41400,44
41401,44
41402,44
41403,44
41404,44
41405,44
41406,44
41407,44
41408,44
41409,44
41410,44
41411,44
41412,44
41413,44
41414,44
41415,44
41416,44
41417,44
41418,44
41419,44
41420,44
41421,44
41422,44
41423,44
41424,44
41425,44
41426,44
41427,44
41428,44
41429,44
41430,44
41431,44
41432,44
41433,44
41434,44
41435,44
41436,44
41437,44
41438,44
41439,44
41440,44
41441,44
41442,44
41443,44
41444,44
41445,44
41446,44
41447,44
41448,44
41449,44
41450,44
41451,44
41452,44
41453,44
41454,44
41455,44
41456,44
41457,44
41458,44
41459,44
41460,44
41461,44
41462,44
41463,44
41464,44
41465,44
41466,44
41467,44
41468,44
41469,44
41470,44
41471,44
41472,44
41473,44
41474,44
41475,44
41476,44
41477,44
41478,44
41479,44
41480,44
41481,44
41482,44
41483,44
41484,44
41485,44
41486,44
41487,44
41488,44
41489,44
41490,44
41491,44
41492,44
41493,44
41494,44
41495,44
41496,44
41497,44
41498,44
41499,44
41500,44
41501,44
41502,44
41503,44
41504,44
41505,44
41506,44
41507,44
41508,44
41509,44
41510,44
41511,44
41512,44
41513,44
41514,44
41515,44
41516,44
41517,44
41518,44
41519,44
41520,44
41521,44
41522,44
41523,44
41524,44
41525,44
41526,44
41527,44
41528,44
41529,44
41530,44
41531,44
41532,44
41533,44
41534,44
41535,44
41536,44
41537,44
41538,44
41539,44
41540,44
41541,44
41542,44
41543,44
41544,44
41545,44
41546,44
41547,44
41548,44
41549,44
41550,44
41551,44
41552,44
41553,44
41554,44
41555,44
41556,44
41557,44
41558,44
41559,44
41560,44
41561,44
41562,44
41563,44
41564,44
41565,44
41566,44
41567,44
41568,44
41569,44
41570,44
41571,45
41572,44
41573,44
41574,44
41575,44
41576,44
41577,45
41578,45
41579,45
41580,45
41581,45
41582,45
41583,45
41584,45
41585,45
41586,45
41587,45
41588,45
41589,45
41590,45
41591,44
41592,44
41593,44
41594,44
41595,44
41596,44
41597,44
41598,44
41599,44
41600,44
41601,44
41602,44
41603,44
41604,44
41605,44
41606,44
41607,44
41608,44
41609,44
41610,45
41611,45
41612,45
41613,45
41614,44
41615,44
41616,44
41617,44
41618,44
41619,44
41620,44
41621,44
41622,44
41623,44
41624,44
41625,44
41626,44
41627,44
41628,44
41629,44
41630,44
41631,44
41632,44
41633,44
41634,44
41635,44
41636,44
41637,44
41638,44
41639,44
41640,44
41641,44
41642,44
41643,44
41644,44
41645,44
41646,44
41647,44
41648,44
41649,44
41650,44
41651,44
41652,44
41653,44
41654,44
41655,44
41656,44
41657,44
41658,44
41659,44
41660,44
41661,44
41662,44
41663,44
41664,44
41665,44
41666,44
41667,44
41668,44
41669,44
41670,44
41671,44
41672,44
41673,44
41674,44
41675,44
41676,44
41677,44
41678,44
41679,44
41680,44
41681,44
41682,44
41683,44
41684,44
41685,44
41686,44
41687,44
41688,44
41689,44
41690,44
41691,44
41692,44
41693,44
41694,44
41695,44
41696,44
41697,44
41698,44
41699,44
41700,44
41701,44
41702,44
41703,44
41704,44
41705,44
41706,44
41707,44
41708,44
41709,44
41710,44
41711,44
41712,44
41713,44
41714,44
41715,44
41716,44
41717,44
41718,44
41719,44
41720,44
41721,44
41722,44
41723,44
41724,44
41725,44
41726,44
41727,44
41728,44
41729,44
41730,44
41731,44
41732,44
41733,44
41734,44
41735,44
41736,44
41737,44
41738,44
41739,44
41740,44
41741,44
41742,44
41743,44
41744,44
41745,44
41746,44
41747,44
41748,44
41749,44
41750,44
41751,44
41752,44
41753,44
41754,44
41755,44
41756,44
41757,44
41758,44
41759,44
41760,44
41761,44
41762,44
41763,44
41764,44
41765,44
41766,44
41767,44
41768,44
41769,44
41770,44
41771,44
41772,44
41773,44
41774,44
41775,44
41776,44
41777,44
41778,44
41779,44
41780,44
41781,44
41782,44
41783,44
41784,44
41785,44
41786,44
41787,44
41788,44
41789,44
41790,44
41791,44
41792,44
41793,44
41794,44
41795,44
41796,44
41797,44
41798,44
41799,44
41800,44
41801,44
41802,44
41803,44
41804,44
41805,44
41806,44
41807,44
41808,44
41809,44
41810,44
41811,44
41812,44
41813,44
41814,44
41815,44
41816,44
41817,44
41818,44
41819,44
41820,44
41821,44
41822,44
41823,44
41824,44
41825,44
41826,44
41827,44
41828,44
41829,44
41830,44
41831,44
41832,44
41833,44
41834,44
41835,44
41836,44
41837,44
41838,44
41839,44
41840,44
41841,44
41842,44
41843,44
41844,44
41845,44
41846,44
41847,44
41848,44
41849,44
41850,44
41851,44
41852,44
41853,44
41854,44
41855,44
41856,44
41857,44
41858,44
41859,44
41860,44
41861,44
41862,44
41863,44
41864,44
41865,44
41866,44
41867,44
41868,44
41869,44
41870,44
41871,44
41872,44
41873,44
41874,44
41875,44
41876,44
41877,44
41878,44
41879,44
41880,44
41881,44
41882,44
41883,44
41884,44
41885,44
41886,44
41887,44
41888,44
41889,44
41890,44
41891,44
41892,44
41893,44
41894,44
41895,44
41896,44
41897,44
41898,44
41899,44
41900,44
41901,44
41902,44
41903,44
41904,44
41905,44
41906,44
41907,44
41908,44
41909,44
41910,44
41911,44
41912,44
41913,44
41914,44
41915,44
41916,44
41917,44
41918,44
41919,44
41920,44
41921,44
41922,44
41923,44
41924,44
41925,44
41926,44
41927,44
41928,44
41929,44
41930,44
41931,44
41932,44
41933,44
41934,44
41935,44
41936,44
41937,44
41938,45
41939,45
41940,45
41941,45
41942,45
41943,45
41944,45
41945,45
41946,45
41947,44
41948,44
41949,44
41950,44
41951,44
41952,44
41953,44
41954,44
41955,44
41956,44
41957,44
41958,44
41959,44
41960,44
41961,44
41962,44
41963,44
41964,44
41965,44
41966,44
41967,44
41968,44
41969,44
41970,44
41971,44
41972,44
41973,44
41974,44
41975,44
41976,44
41977,44
41978,44
41979,44
41980,44
41981,44
41982,44
41983,44
41984,44
41985,44
41986,44
41987,44
41988,44
41989,44
41990,44
41991,44
41992,44
41993,44
41994,44
41995,44
41996,44
41997,44
41998,44
41999,44
42000,44
42001,44
42002,44
42003,44
42004,44
42005,44
42006,44
42007,44
42008,44
42009,44
42010,44
42011,44
42012,44
42013,44
42014,44
42015,44
42016,44
42017,44
42018,44
42019,44
42020,44
42021,44
42022,44
42023,44
42024,44
42025,44
42026,44
42027,44
42028,44
42029,44
42030,44
42031,44
42032,44
42033,44
42034,44
42035,44
42036,44
42037,44
42038,44
42039,44
42040,44
42041,44
42042,44
42043,44
42044,44
42045,44
42046,44
42047,44
42048,44
42049,44
42050,44
42051,44
42052,44
42053,44
42054,44
42055,44
42056,44
42057,44
42058,44
42059,44
42060,44
42061,44
42062,44
42063,44
42064,44
42065,44
42066,44
42067,44
42068,44
42069,44
42070,44
42071,44
42072,44
42073,44
42074,44
42075,44
42076,44
42077,44
42078,44
42079,44
42080,44
42081,44
42082,44
42083,44
42084,44
42085,44
42086,44
42087,44
42088,44
42089,44
42090,44
42091,44
42092,44
42093,44
42094,44
42095,44
42096,44
42097,44
42098,44
42099,44
42100,44
42101,44
42102,44
42103,44
42104,44
42105,44
42106,44
42107,44
42108,44
42109,44
42110,44
42111,44
42112,44
42113,44
42114,44
42115,44
42116,44
42117,44
42118,44
42119,44
42120,44
42121,44
42122,44
42123,44
42124,44
42125,44
42126,44
42127,44
42128,44
42129,44
42130,44
42131,44
42132,44
42133,44
42134,44
42135,44
42136,44
42137,44
42138,44
42139,44
42140,44
42141,44
42142,44
42143,44
42144,44
42145,44
42146,44
42147,44
42148,44
42149,44
42150,44
42151,44
42152,44
42153,44
42154,44
42155,44
42156,44
42157,44
42158,44
42159,44
42160,44
42161,44
42162,44
42163,44
42164,44
42165,44
42166,44
42167,44
42168,44
42169,44
42170,44
42171,44
42172,44
42173,44
42174,44
42175,44
42176,44
42177,44
42178,44
42179,44
42180,44
42181,44
42182,44
42183,44
42184,44
42185,44
42186,44
42187,44
42188,44
42189,44
42190,44
42191,44
42192,44
42193,44
42194,44
42195,44
42196,44
42197,44
42198,44
42199,44
42200,44
42201,44
42202,44
42203,44
42204,44
42205,44
42206,44
42207,44
42208,44
42209,44
42210,44
42211,44
42212,44
42213,44
42214,44
42215,44
42216,44
42217,44
42218,44
42219,44
42220,44
42221,44
42222,44
42223,44
42224,44
42225,44
42226,44
42227,44
42228,44
42229,44
42230,44
42231,44
42232,44
42233,44
42234,44
42235,44
42236,44
42237,44
42238,44
42239,44
42240,44
42241,44
42242,44
42243,44
42244,44
42245,44
42246,44
42247,44
42248,44
42249,44
42250,44
42251,44
42252,44
42253,44
42254,44
42255,44
42256,44
42257,44
42258,44
42259,44
42260,44
42261,44
42262,44
42263,44
42264,44
42265,44
42266,44
42267,44
42268,44
42269,44
42270,44
42271,44
42272,44
42273,44
42274,44
42275,44
42276,44
42277,44
42278,44
42279,44
42280,44
42281,44
42282,44
42283,44
42284,44
42285,44
42286,44
42287,44
42288,44
42289,44
42290,44
42291,44
42292,44
42293,44
42294,44
42295,44
42296,44
42297,44
42298,44
42299,44
42300,44
42301,44
42302,44
42303,44
42304,44
42305,44
42306,44
42307,44
42308,44
42309,44
42310,44
42311,44
42312,44
42313,44
42314,44
42315,44
42316,44
42317,44
42318,44
42319,44
42320,44
42321,44
42322,44
42323,44
42324,44
42325,44
42326,44
42327,44
42328,44
42329,44
42330,44
42331,44
42332,44
42333,44
42334,44
42335,44
42336,44
42337,44
42338,44
42339,44
42340,44
42341,44
42342,44
42343,44
42344,44
42345,44
42346,44
42347,44
42348,44
42349,44
42350,44
42351,44
42352,44
42353,44
42354,44
42355,44
42356,44
42357,44
42358,44
42359,44
42360,44
42361,44
42362,44
42363,44
42364,44
42365,44
42366,44
42367,44
42368,44
42369,44
42370,44
42371,44
42372,44
42373,44
42374,44
42375,44
42376,44
42377,44
42378,44
42379,44
42380,44
42381,44
42382,44
42383,44
42384,44
42385,44
42386,44
42387,44
42388,44
42389,44
42390,44
42391,44
42392,44
42393,44
42394,44
42395,44
42396,44
42397,44
42398,44
42399,44
42400,44
42401,44
42402,44
42403,44
42404,44
42405,44
42406,44
42407,44
42408,44
42409,44
42410,44
42411,44
42412,44
42413,44
42414,44
42415,44
42416,44
42417,44
42418,44
42419,44
42420,44
42421,44
42422,44
42423,44
42424,44
42425,44
42426,44
42427,44
42428,44
42429,44
42430,44
42431,44
42432,44
42433,44
42434,44
42435,44
42436,44
42437,44
42438,44
42439,44
42440,44
42441,44
42442,44
42443,44
42444,44
42445,44
42446,44
42447,44
42448,44
42449,44
42450,44
42451,44
42452,44
42453,44
42454,44
42455,44
42456,44
42457,44
42458,44
42459,44
42460,44
42461,44
42462,44
42463,44
42464,44
42465,44
42466,44
42467,44
42468,44
42469,44
42470,44
42471,44
42472,44
42473,44
42474,44
42475,44
42476,44
42477,44
42478,44
42479,44
42480,44
42481,44
42482,44
42483,44
42484,44
42485,44
42486,44
42487,44
42488,44
42489,44
42490,44
42491,44
42492,44
42493,44
42494,45
42495,44
42496,44
42497,44
42498,45
42499,45
42500,45
42501,45
42502,45
42503,45
42504,45
42505,45
42506,45
42507,45
42508,45
42509,45
42510,45
42511,45
42512,45
42513,45
42514,45
42515,45
42516,45
42517,45
42518,45
42519,45
42520,44
42521,44
42522,44
42523,44
42524,44
42525,44
42526,44
42527,44
42528,44
42529,44
42530,44
42531,44
42532,44
42533,44
42534,44
42535,44
42536,44
42537,44
42538,44
42539,44
42540,44
42541,44
42542,44
42543,44
42544,44
42545,44
42546,44
42547,44
42548,44
42549,44
42550,44
42551,44
42552,44
42553,44
42554,44
42555,44
42556,44
42557,44
42558,44
42559,44
42560,44
42561,45
42562,45
42563,44
42564,44
42565,45
42566,45
42567,45
42568,45
42569,45
42570,45
42571,45
42572,45
42573,45
42574,45
42575,45
42576,45
42577,45
42578,45
42579,45
42580,45
42581,45
42582,45
42583,45
42584,45
42585,45
42586,45
42587,45
42588,45
42589,45
42590,45
42591,45
42592,45
42593,45
42594,45
42595,45
42596,45
42597,45
42598,45
42599,45
42600,45
42601,45
42602,45
42603,45
42604,45
42605,45
42606,45
42607,45
42608,45
42609,45
42610,45
42611,45
42612,45
42613,45
42614,45
42615,45
42616,45
42617,45
42618,45
42619,45
42620,45
42621,45
42622,45
42623,45
42624,45
42625,45
42626,45
42627,45
42628,45
42629,45
42630,45
42631,45
42632,45
42633,45
42634,45
42635,45
42636,45
42637,45
42638,45
42639,45
42640,45
42641,45
42642,45
42643,45
42644,45
42645,45
42646,45
42647,45
42648,45
42649,45
42650,45
42651,45
42652,45
42653,45
42654,45
42655,45
42656,45
42657,45
42658,45
42659,45
42660,45
42661,45
42662,45
42663,44
42664,44
42665,45
42666,45
42667,45
42668,45
42669,45
42670,45
42671,45
42672,45
42673,45
42674,45
42675,45
42676,45
42677,45
42678,45
42679,45
42680,45
42681,45
42682,45
42683,45
42684,45
42685,45
42686,45
42687,45
42688,45
42689,45
42690,45
42691,45
42692,45
42693,45
42694,45
42695,45
42696,45
42697,45
42698,45
42699,45
42700,45
42701,45
42702,45
42703,45
42704,45
42705,45
42706,45
42707,45
42708,45
42709,45
42710,45
42711,45
42712,45
42713,45
42714,45
42715,45
42716,45
42717,45
42718,45
42719,45
42720,45
42721,45
42722,45
42723,45
42724,45
42725,45
42726,45
42727,45
42728,44
42729,44
42730,44
42731,44
42732,44
42733,44
42734,44
42735,44
42736,44
42737,44
42738,44
42739,44
42740,44
42741,44
42742,44
42743,44
42744,44
42745,44
42746,44
42747,44
42748,44
42749,44
42750,44
42751,44
42752,44
42753,44
42754,44
42755,44
42756,44
42757,44
42758,44
42759,44
42760,44
42761,44
42762,44
42763,44
42764,45
42765,45
42766,45
42767,45
42768,45
42769,45
42770,44
42771,44
42772,44
42773,44
42774,45
42775,45
42776,45
42777,45
42778,45
42779,45
42780,44
42781,44
42782,44
42783,44
42784,44
42785,44
42786,44
42787,44
42788,44
42789,44
42790,44
42791,44
42792,44
42793,44
42794,44
42795,44
42796,44
42797,44
42798,44
42799,44
42800,44
42801,44
42802,44
42803,44
42804,44
42805,44
42806,44
42807,44
42808,44
42809,44
42810,44
42811,44
42812,44
42813,44
42814,44
42815,44
42816,44
42817,44
42818,44
42819,44
42820,44
42821,44
42822,44
42823,44
42824,44
42825,44
42826,44
42827,44
42828,44
42829,44
42830,44
42831,44
42832,44
42833,44
42834,44
42835,44
42836,44
42837,44
42838,44
42839,44
42840,44
42841,44
42842,44
42843,44
42844,44
42845,44
42846,44
42847,44
42848,44
42849,44
42850,44
42851,44
42852,44
42853,44
42854,44
42855,44
42856,44
42857,44
42858,44
42859,44
42860,44
42861,44
42862,44
42863,44
42864,44
42865,44
42866,44
42867,44
42868,44
42869,44
42870,44
42871,44
42872,44
42873,44
42874,44
42875,44
42876,44
42877,44
42878,44
42879,44
42880,44
42881,44
42882,44
42883,44
42884,44
42885,44
42886,44
42887,44
42888,44
42889,44
42890,44
42891,44
42892,44
42893,44
42894,44
42895,44
42896,44
42897,44
42898,44
42899,44
42900,44
42901,44
42902,44
42903,44
42904,44
42905,44
42906,44
42907,44
42908,44
42909,44
42910,44
42911,44
42912,44
42913,44
42914,44
42915,44
42916,44
42917,44
42918,44
42919,44
42920,44
42921,44
42922,44
42923,44
42924,44
42925,44
42926,44
42927,44
42928,44
42929,44
42930,44
42931,44
42932,44
42933,44
42934,44
42935,44
42936,44
42937,44
42938,44
42939,44
42940,44
42941,44
42942,44
42943,44
42944,44
42945,44
42946,44
42947,44
42948,44
42949,44
42950,44
42951,44
42952,44
42953,44
42954,44
42955,44
42956,44
42957,44
42958,44
42959,44
42960,44
42961,44
42962,44
42963,44
42964,44
42965,44
42966,44
42967,44
42968,44
42969,44
42970,44
42971,44
42972,44
42973,44
42974,44
42975,44
42976,44
42977,44
42978,44
42979,44
42980,44
42981,44
42982,44
42983,44
42984,44
42985,44
42986,44
42987,44
42988,44
42989,44
42990,44
42991,44
42992,44
42993,44
42994,44
42995,44
42996,44
42997,44
42998,44
42999,44
43000,44
43001,44
43002,44
43003,44
43004,44
43005,44
43006,44
43007,44
43008,44
43009,44
43010,44
43011,44
43012,44
43013,44
43014,44
43015,44
43016,44
43017,44
43018,44
43019,44
43020,44
43021,44
43022,44
43023,44
43024,44
43025,44
43026,44
43027,44
43028,44
43029,44
43030,44
43031,44
43032,44
43033,44
43034,44
43035,44
43036,44
43037,44
43038,44
43039,44
43040,44
43041,44
43042,44
43043,44
43044,44
43045,44
43046,44
43047,44
43048,44
43049,44
43050,44
43051,44
43052,44
43053,44
43054,44
43055,44
43056,44
43057,44
43058,44
43059,44
43060,45
43061,45
43062,44
43063,44
43064,44
43065,44
43066,44
43067,44
43068,44
43069,44
43070,44
43071,44
43072,44
43073,44
43074,44
43075,44
43076,44
43077,44
43078,44
43079,44
43080,44
43081,44
43082,44
43083,44
43084,44
43085,44
43086,44
43087,44
43088,44
43089,44
43090,44
43091,44
43092,44
43093,44
43094,44
43095,44
43096,44
43097,44
43098,44
43099,44
43100,44
43101,44
43102,44
43103,44
43104,44
43105,44
43106,44
43107,45
43108,45
43109,45
43110,44
43111,44
43112,44
43113,45
43114,45
43115,45
43116,44
43117,44
43118,44
43119,44
43120,44
43121,44
43122,44
43123,44
43124,44
43125,44
43126,44
43127,44
43128,44
43129,44
43130,44
43131,44
43132,44
43133,44
43134,44
43135,44
43136,44
43137,44
43138,44
43139,44
43140,44
43141,44
43142,44
43143,44
43144,44
43145,44
43146,44
43147,44
43148,44
43149,44
43150,44
43151,44
43152,44
43153,44
43154,45
43155,45
43156,45
43157,45
43158,45
43159,45
43160,45
43161,45
43162,45
43163,45
43164,45
43165,45
43166,45
43167,45
43168,45
43169,45
43170,45
43171,45
43172,45
43173,45
43174,45
43175,45
43176,44
43177,44
43178,44
43179,44
43180,44
43181,44
43182,44
43183,44
43184,44
43185,44
43186,44
43187,44
43188,44
43189,44
43190,44
43191,44
43192,44
43193,44
43194,44
43195,44
43196,44
43197,44
43198,44
43199,44
43200,44
43201,44
43202,44
43203,44
43204,44
43205,44
43206,44
43207,44
43208,44
43209,44
43210,44
43211,44
43212,44
43213,45
43214,45
43215,45
43216,45
43217,45
43218,45
43219,45
43220,45
43221,45
43222,45
43223,45
43224,45
43225,45
43226,45
43227,45
43228,45
43229,45
43230,45
43231,45
43232,45
43233,45
43234,45
43235,45
43236,45
43237,45
43238,45
43239,45
43240,45
43241,45
43242,44
43243,44
43244,44
43245,44
43246,44
43247,44
43248,44
43249,44
43250,44
43251,44
43252,44
43253,44
43254,44
43255,44
43256,44
43257,44
43258,44
43259,44
43260,44
43261,44
43262,44
43263,44
43264,44
43265,44
43266,44
43267,44
43268,44
43269,44
43270,44
43271,44
43272,44
43273,44
43274,44
43275,44
43276,44
43277,44
43278,44
43279,44
43280,44
43281,44
43282,44
43283,44
43284,44
43285,44
43286,45
43287,45
43288,45
43289,44
43290,44
43291,44
43292,44
43293,44
43294,44
43295,44
43296,44
43297,44
43298,44
43299,44
43300,44
43301,44
43302,44
43303,44
43304,44
43305,44
43306,44
43307,44
43308,44
43309,44
43310,44
43311,44
43312,44
43313,44
43314,44
43315,44
43316,44
43317,44
43318,44
43319,44
43320,44
43321,44
43322,44
43323,44
43324,44
43325,44
43326,44
43327,44
43328,44
43329,44
43330,44
43331,44
43332,44
43333,44
43334,44
43335,44
43336,44
43337,44
43338,44
43339,44
43340,44
43341,44
43342,44
43343,44
43344,44
43345,44
43346,44
43347,44
43348,44
43349,44
43350,44
43351,44
43352,44
43353,44
43354,44
43355,44
43356,44
43357,44
43358,44
43359,44
43360,44
43361,44
43362,44
43363,44
43364,44
43365,44
43366,44
43367,44
43368,44
43369,44
43370,44
43371,44
43372,44
43373,44
43374,44
43375,44
43376,44
43377,44
43378,44
43379,44
43380,44
43381,44
43382,44
43383,44
43384,44
43385,44
43386,44
43387,44
43388,44
43389,44
43390,44
43391,44
43392,44
43393,44
43394,44
43395,44
43396,44
43397,44
43398,44
43399,44
43400,44
43401,44
43402,44
43403,44
43404,44
43405,44
43406,44
43407,44
43408,44
43409,44
43410,44
43411,44
43412,44
43413,44
43414,44
43415,44
43416,44
43417,44
43418,44
43419,44
43420,44
43421,44
43422,44
43423,44
43424,44
43425,44
43426,44
43427,44
43428,44
43429,44
43430,44
43431,44
43432,44
43433,44
43434,44
43435,44
43436,44
43437,44
43438,44
43439,44
43440,44
43441,44
43442,44
43443,44
43444,44
43445,44
43446,44
43447,44
43448,44
43449,44
43450,44
43451,44
43452,44
43453,44
43454,44
43455,44
43456,44
43457,44
43458,44
43459,44
43460,44
43461,44
43462,44
43463,44
43464,44
43465,44
43466,44
43467,44
43468,44
43469,44
43470,44
43471,44
43472,44
43473,44
43474,44
43475,44
43476,44
43477,44
43478,44
43479,44
43480,44
43481,44
43482,44
43483,44
43484,44
43485,44
43486,44
43487,44
43488,44
43489,44
43490,44
43491,44
43492,44
43493,44
43494,44
43495,44
43496,44
43497,44
43498,44
43499,44
43500,44
43501,44
43502,44
43503,44
43504,44
43505,44
43506,44
43507,44
43508,44
43509,44
43510,44
43511,44
43512,44
43513,44
43514,44
43515,44
43516,44
43517,45
43518,45
43519,45
43520,45
43521,45
43522,45
43523,45
43524,45
43525,45
43526,45
43527,45
43528,45
43529,45
43530,45
43531,45
43532,45
43533,45
43534,45
43535,45
43536,45
43537,45
43538,45
43539,45
43540,45
43541,45
43542,45
43543,45
43544,45
43545,45
43546,45
43547,45
43548,45
43549,45
43550,45
43551,45
43552,45
43553,45
43554,45
43555,44
43556,44
43557,44
43558,44
43559,44
43560,44
43561,44
43562,44
43563,44
43564,44
43565,44
43566,44
43567,44
43568,44
43569,44
43570,44
43571,44
43572,44
43573,44
43574,44
43575,44
43576,44
43577,44
43578,44
43579,44
43580,44
43581,44
43582,44
43583,44
43584,44
43585,44
43586,44
43587,44
43588,44
43589,44
43590,44
43591,44
43592,44
43593,45
43594,45
43595,45
43596,45
43597,45
43598,45
43599,45
43600,45
43601,45
43602,45
43603,45
43604,44
43605,44
43606,44
43607,44
43608,44
43609,44
43610,44
43611,44
43612,44
43613,44
43614,44
43615,44
43616,44
43617,44
43618,44
43619,44
43620,44
43621,44
43622,44
43623,44
43624,44
43625,44
43626,44
43627,44
43628,44
43629,44
43630,44
43631,44
43632,44
43633,44
43634,44
43635,44
43636,44
43637,44
43638,44
43639,44
43640,44
43641,44
43642,44
43643,44
43644,44
43645,44
43646,45
43647,45
43648,45
43649,45
43650,45
43651,45
43652,45
43653,45
43654,45
43655,45
43656,45
43657,45
43658,45
43659,45
43660,45
43661,45
43662,45
43663,45
43664,45
43665,45
43666,45
43667,45
43668,45
43669,45
43670,45
43671,45
43672,45
43673,45
43674,45
43675,45
43676,45
43677,44
43678,44
43679,44
43680,44
43681,44
43682,44
43683,44
43684,44
43685,44
43686,44
43687,44
43688,44
43689,44
43690,44
43691,44
43692,44
43693,44
43694,44
43695,44
43696,44
43697,44
43698,44
43699,44
43700,44
43701,44
43702,44
43703,44
43704,44
43705,44
43706,44
43707,44
43708,44
43709,44
43710,44
43711,44
43712,44
43713,44
43714,44
43715,44
43716,44
43717,44
43718,44
43719,44
43720,44
43721,44
43722,44
43723,44
43724,44
43725,44
43726,44
43727,44
43728,44
43729,44
43730,44
43731,44
43732,44
43733,44
43734,44
43735,44
43736,44
43737,44
43738,44
43739,44
43740,44
43741,44
43742,44
43743,44
43744,44
43745,44
43746,44
43747,44
43748,44
43749,44
43750,44
43751,44
43752,44
43753,44
43754,44
43755,44
43756,44
43757,44
43758,44
43759,44
43760,44
43761,44
43762,44
43763,44
43764,44
43765,44
43766,44
43767,44
43768,44
43769,44
43770,44
43771,44
43772,44
43773,44
43774,44
43775,44
43776,44
43777,44
43778,44
43779,44
43780,44
43781,44
43782,44
43783,44
43784,44
43785,44
43786,44
43787,44
43788,44
43789,44
43790,44
43791,44
43792,44
43793,44
43794,44
43795,44
43796,44
43797,44
43798,44
43799,44
43800,44
43801,44
43802,44
43803,44
43804,44
43805,44
43806,44
43807,44
43808,44
43809,44
43810,44
43811,44
43812,44
43813,44
43814,44
43815,44
43816,44
43817,44
43818,44
43819,44
43820,44
43821,44
43822,44
43823,44
43824,44
43825,44
43826,45
43827,45
43828,45
43829,45
43830,45
43831,45
43832,45
43833,45
43834,45
43835,45
43836,45
43837,45
43838,45
43839,45
43840,45
43841,45
43842,45
43843,45
43844,45
43845,45
43846,45
43847,45
43848,45
43849,45
43850,45
43851,45
43852,45
43853,45
43854,45
43855,45
43856,45
43857,45
43858,45
43859,45
43860,45
43861,45
43862,45
43863,45
43864,45
43865,45
43866,45
43867,45
43868,45
43869,45
43870,44
43871,44
43872,44
43873,44
43874,44
43875,44
43876,44
43877,44
43878,44
43879,44
43880,44
43881,44
43882,44
43883,44
43884,44
43885,44
43886,44
43887,44
43888,44
43889,44
43890,44
43891,44
43892,44
43893,44
43894,44
43895,44
43896,44
43897,44
43898,44
43899,44
43900,44
43901,44
43902,44
43903,44
43904,44
43905,44
43906,44
43907,44
43908,44
43909,44
43910,44
43911,44
43912,44
43913,44
43914,44
43915,44
43916,44
43917,44
43918,44
43919,44
43920,44
43921,44
43922,44
43923,44
43924,44
43925,44
43926,44
43927,44
43928,44
43929,44
43930,44
43931,44
43932,44
43933,44
43934,44
43935,44
43936,44
43937,44
43938,44
43939,44
43940,44
43941,44
43942,44
43943,44
43944,44
43945,44
43946,44
43947,44
43948,45
43949,45
43950,44
43951,44
43952,44
43953,44
43954,45
43955,45
43956,45
43957,45
43958,45
43959,45
43960,45
43961,45
43962,45
43963,45
43964,44
43965,44
43966,44
43967,44
43968,44
43969,44
43970,44
43971,44
43972,44
43973,44
43974,44
43975,44
43976,44
43977,44
43978,44
43979,44
43980,44
43981,44
43982,44
43983,44
43984,44
43985,44
43986,44
43987,44
43988,44
43989,44
43990,44
43991,44
43992,44
43993,44
43994,44
43995,44
43996,44
43997,44
43998,44
43999,44
44000,44
44001,44
44002,44
44003,44
44004,44
44005,44
44006,44
44007,44
44008,44
44009,44
44010,44
44011,44
44012,44
44013,44
44014,44
44015,44
44016,44
44017,44
44018,44
44019,44
44020,44
44021,44
44022,44
44023,44
44024,44
44025,44
44026,44
44027,44
44028,44
44029,44
44030,44
44031,44
44032,44
44033,44
44034,44
44035,44
44036,44
44037,44
44038,44
44039,44
44040,44
44041,44
44042,44
44043,44
44044,44
44045,44
44046,44
44047,44
44048,44
44049,44
44050,44
44051,44
44052,44
44053,44
44054,44
44055,44
44056,44
44057,44
44058,44
44059,44
44060,44
44061,44
44062,44
44063,44
44064,44
44065,44
44066,44
44067,44
44068,44
44069,44
44070,44
44071,44
44072,44
44073,44
44074,44
44075,44
44076,44
44077,44
44078,44
44079,44
44080,44
44081,44
44082,44
44083,44
44084,44
44085,44
44086,44
44087,44
44088,44
44089,44
44090,44
44091,44
44092,44
44093,44
44094,44
44095,44
44096,44
44097,44
44098,44
44099,44
44100,44
44101,44
44102,44
44103,44
44104,44
44105,44
44106,44
44107,44
44108,44
44109,44
44110,44
44111,44
44112,44
44113,44
44114,44
44115,44
44116,44
44117,44
44118,44
44119,44
44120,44
44121,44
44122,44
44123,44
44124,44
44125,44
44126,44
44127,44
44128,44
44129,45
44130,45
44131,45
44132,45
44133,45
44134,45
44135,45
44136,45
44137,45
44138,45
44139,45
44140,45
44141,45
44142,45
44143,45
44144,45
44145,45
44146,45
44147,45
44148,45
44149,45
44150,45
44151,45
44152,45
44153,45
44154,45
44155,45
44156,45
44157,45
44158,45
44159,45
44160,45
44161,45
44162,45
44163,45
44164,45
44165,45
44166,45
44167,45
44168,45
44169,45
44170,45
44171,45
44172,45
44173,45
44174,45
44175,45
44176,45
44177,45
44178,45
44179,45
44180,45
44181,45
44182,45
44183,45
44184,45
44185,45
44186,45
44187,45
44188,45
44189,45
44190,45
44191,45
44192,45
44193,45
44194,45
44195,45
44196,45
44197,45
44198,45
44199,45
44200,45
44201,45
44202,45
44203,45
44204,45
44205,45
44206,45
44207,45
44208,45
44209,45
44210,45
44211,45
44212,45
44213,45
44214,45
44215,45
44216,45
44217,44
44218,44
44219,44
44220,44
44221,45
44222,45
44223,45
44224,45
44225,44
44226,44
44227,45
44228,45
44229,45
44230,45
44231,45
44232,45
44233,45
44234,45
44235,45
44236,45
44237,45
44238,45
44239,45
44240,45
44241,45
44242,45
44243,45
44244,45
44245,45
44246,45
44247,45
44248,45
44249,45
44250,45
44251,45
44252,45
44253,45
44254,45
44255,45
44256,45
44257,45
44258,45
44259,45
44260,45
44261,45
44262,45
44263,45
44264,44
44265,44
44266,44
44267,45
44268,45
44269,45
44270,45
44271,45
44272,45
44273,45
44274,45
44275,45
44276,45
44277,45
44278,45
44279,44
44280,44
44281,45
44282,45
44283,44
44284,44
44285,44
44286,44
44287,44
44288,44
44289,44
44290,44
44291,44
44292,44
44293,44
44294,44
44295,44
44296,44
44297,44
44298,44
44299,44
44300,44
44301,44
44302,44
44303,44
44304,44
44305,44
44306,44
44307,44
44308,44
44309,44
44310,44
44311,44
44312,44
44313,44
44314,44
44315,44
44316,44
44317,44
44318,44
44319,44
44320,44
44321,44
44322,44
44323,44
44324,44
44325,44
44326,44
44327,44
44328,44
44329,44
44330,44
44331,44
44332,44
44333,44
44334,44
44335,44
44336,44
44337,44
44338,44
44339,44
44340,44
44341,44
44342,44
44343,44
44344,44
44345,44
44346,44
44347,44
44348,44
44349,44
44350,44
44351,44
44352,44
44353,44
44354,44
44355,45
44356,45
44357,45
44358,45
44359,45
44360,45
44361,45
44362,45
44363,45
44364,45
44365,45
44366,45
44367,45
44368,45
44369,45
44370,45
44371,45
44372,45
44373,45
44374,45
44375,45
44376,45
44377,45
44378,45
44379,45
44380,45
44381,45
44382,45
44383,45
44384,45
44385,45
44386,45
44387,45
44388,45
44389,45
44390,45
44391,45
44392,45
44393,45
44394,45
44395,45
44396,45
44397,45
44398,45
44399,45
44400,45
44401,45
44402,45
44403,45
44404,44
44405,44
44406,44
44407,45
44408,45
44409,45
44410,45
44411,45
44412,45
44413,45
44414,45
44415,45
44416,45
44417,45
44418,45
44419,45
44420,45
44421,45
44422,45
44423,45
44424,45
44425,44
44426,45
44427,45
44428,45
44429,45
44430,44
44431,44
44432,44
44433,44
44434,44
44435,44
44436,44
44437,44
44438,44
44439,44
44440,44
44441,44
44442,44
44443,44
44444,44
44445,44
44446,44
44447,44
44448,44
44449,44
44450,44
44451,44
44452,44
44453,44
44454,44
44455,44
44456,44
44457,44
44458,44
44459,44
44460,44
44461,44
44462,44
44463,44
44464,44
44465,44
44466,44
44467,44
44468,44
44469,44
44470,44
44471,44
44472,44
44473,44
44474,44
44475,44
44476,44
44477,44
44478,44
44479,44
44480,44
44481,44
44482,44
44483,44
44484,44
44485,44
44486,44
44487,44
44488,44
44489,44
44490,44
44491,44
44492,44
44493,44
44494,44
44495,44
44496,44
44497,44
44498,44
44499,44
44500,44
44501,44
44502,44
44503,44
44504,44
44505,44
44506,44
44507,44
44508,44
44509,44
44510,44
44511,44
44512,44
44513,44
44514,44
44515,44
44516,44
44517,44
44518,44
44519,44
44520,44
44521,44
44522,44
44523,44
44524,44
44525,44
44526,44
44527,44
44528,44
44529,44
44530,44
44531,44
44532,44
44533,44
44534,44
44535,44
44536,44
44537,44
44538,44
44539,44
44540,44
44541,44
44542,44
44543,44
44544,44
44545,44
44546,44
44547,44
44548,44
44549,44
44550,44
44551,44
44552,44
44553,44
44554,44
44555,44
44556,44
44557,44
44558,44
44559,44
44560,44
44561,44
44562,44
44563,44
44564,44
44565,44
44566,44
44567,44
44568,44
44569,44
44570,44
44571,45
44572,45
44573,45
44574,45
44575,45
44576,45
44577,45
44578,45
44579,45
44580,45
44581,45
44582,45
44583,45
44584,45
44585,45
44586,45
44587,45
44588,45
44589,45
44590,45
44591,45
44592,45
44593,45
44594,45
44595,45
44596,45
44597,45
44598,45
44599,45
44600,45
44601,45
44602,45
44603,45
44604,45
44605,45
44606,44
44607,45
44608,45
44609,44
44610,44
44611,44
44612,44
44613,44
44614,44
44615,44
44616,44
44617,44
44618,44
44619,44
44620,44
44621,44
44622,44
44623,44
44624,44
44625,44
44626,44
44627,44
44628,44
44629,44
44630,44
44631,44
44632,44
44633,44
44634,44
44635,44
44636,44
44637,44
44638,44
44639,44
44640,44
44641,44
44642,44
44643,44
44644,44
44645,44
44646,44
44647,44
44648,44
44649,44
44650,44
44651,44
44652,44
44653,44
44654,44
44655,44
44656,44
44657,44
44658,44
44659,44
44660,44
44661,44
44662,44
44663,44
44664,44
44665,44
44666,44
44667,44
44668,44
44669,44
44670,44
44671,44
44672,44
44673,44
44674,44
44675,44
44676,44
44677,44
44678,44
44679,44
44680,44
44681,44
44682,44
44683,44
44684,44
44685,44
44686,44
44687,44
44688,44
44689,44
44690,44
44691,44
44692,44
44693,44
44694,44
44695,44
44696,44
44697,44
44698,44
44699,44
44700,44
44701,44
44702,44
44703,44
44704,44
44705,44
44706,44
44707,44
44708,45
44709,45
44710,45
44711,45
44712,45
44713,45
44714,45
44715,45
44716,45
44717,45
44718,45
44719,45
44720,45
44721,45
44722,45
44723,45
44724,45
44725,45
44726,45
44727,45
44728,45
44729,45
44730,45
44731,45
44732,45
44733,45
44734,45
44735,45
44736,45
44737,45
44738,45
44739,45
44740,45
44741,45
44742,45
44743,45
44744,45
44745,45
44746,45
44747,45
44748,45
44749,45
44750,45
44751,45
44752,45
44753,45
44754,45
44755,45
44756,45
44757,45
44758,44
44759,44
44760,44
44761,44
44762,45
44763,44
44764,44
44765,44
44766,44
44767,44
44768,45
44769,45
44770,44
44771,44
44772,44
44773,44
44774,44
44775,44
44776,44
44777,44
44778,44
44779,44
44780,44
44781,44
44782,44
44783,44
44784,44
44785,44
44786,44
44787,44
44788,44
44789,44
44790,44
44791,44
44792,44
44793,44
44794,44
44795,44
44796,44
44797,44
44798,44
44799,44
44800,44
44801,44
44802,44
44803,44
44804,44
44805,44
44806,44
44807,44
44808,44
44809,44
44810,44
44811,44
44812,44
44813,44
44814,44
44815,44
44816,44
44817,44
44818,44
44819,44
44820,44
44821,44
44822,44
44823,44
44824,44
44825,44
44826,44
44827,44
44828,44
44829,44
44830,44
44831,44
44832,44
44833,44
44834,44
44835,44
44836,44
44837,44
44838,44
44839,44
44840,44
44841,44
44842,44
44843,44
44844,44
44845,44
44846,44
44847,44
44848,44
44849,44
44850,44
44851,44
44852,44
44853,44
44854,44
44855,44
44856,44
44857,44
44858,44
44859,44
44860,44
44861,44
44862,44
44863,44
44864,44
44865,44
44866,44
44867,44
44868,44
44869,44
44870,44
44871,44
44872,44
44873,44
44874,44
44875,44
44876,44
44877,44
44878,44
44879,44
44880,44
44881,44
44882,44
44883,44
44884,44
44885,44
44886,44
44887,44
44888,44
44889,44
44890,44
44891,44
44892,44
44893,44
44894,44
44895,44
44896,44
44897,44
44898,44
44899,44
44900,44
44901,44
44902,44
44903,44
44904,44
44905,44
44906,44
44907,44
44908,44
44909,44
44910,44
44911,44
44912,44
44913,44
44914,44
44915,44
44916,44
44917,44
44918,44
44919,44
44920,44
44921,44
44922,44
44923,44
44924,44
44925,44
44926,44
44927,44
44928,44
44929,44
44930,44
44931,44
44932,44
44933,44
44934,44
44935,44
44936,44
44937,44
44938,44
44939,44
44940,44
44941,44
44942,44
44943,44
44944,44
44945,44
44946,44
44947,44
44948,44
44949,44
44950,44
44951,44
44952,44
44953,44
44954,44
44955,44
44956,44
44957,44
44958,44
44959,44
44960,44
44961,44
44962,44
44963,44
44964,44
44965,44
44966,44
44967,44
44968,44
44969,44
44970,44
44971,44
44972,44
44973,44
44974,44
44975,44
44976,44
44977,44
44978,44
44979,44
44980,44
44981,44
44982,44
44983,44
44984,44
44985,44
44986,44
44987,44
44988,44
44989,44
44990,44
44991,44
44992,44
44993,44
44994,44
44995,44
44996,44
44997,44
44998,44
44999,44
45000,44
45001,44
45002,44
45003,44
45004,44
45005,44
45006,44
45007,44
45008,44
45009,44
45010,44
45011,44
45012,44
45013,44
45014,44
45015,44
45016,44
45017,44
45018,44
45019,44
45020,44
45021,44
45022,44
45023,44
45024,44
45025,44
45026,44
45027,44
45028,44
45029,44
45030,44
45031,44
45032,44
45033,44
45034,44
45035,44
45036,44
45037,44
45038,44
45039,44
45040,44
45041,44
45042,44
45043,44
45044,44
45045,44
45046,44
45047,44
45048,44
45049,44
45050,44
45051,44
45052,44
45053,44
45054,44
45055,44
45056,44
45057,44
45058,44
45059,44
45060,44
45061,44
45062,44
45063,44
45064,44
45065,44
45066,44
45067,44
45068,44
45069,44
45070,44
45071,44
45072,44
45073,44
45074,44
45075,44
45076,44
45077,44
45078,44
45079,44
45080,44
45081,44
45082,44
45083,44
45084,44
45085,44
45086,44
45087,44
45088,44
45089,44
45090,44
45091,44
45092,44
45093,44
45094,44
45095,44
45096,44
45097,44
45098,44
45099,44
45100,44
45101,44
45102,44
45103,44
45104,44
45105,44
45106,44
45107,44
45108,44
45109,44
45110,44
45111,44
45112,44
45113,44
45114,44
45115,44
45116,44
45117,44
45118,44
45119,44
45120,44
45121,44
45122,44
45123,44
45124,44
45125,44
45126,44
45127,44
45128,44
45129,44
45130,44
45131,44
45132,44
45133,44
45134,44
45135,44
45136,44
45137,44
45138,44
45139,44
45140,44
45141,44
45142,44
45143,44
45144,44
45145,44
45146,44
45147,44
45148,44
45149,44
45150,44
45151,44
45152,44
45153,44
45154,44
45155,44
45156,44
45157,44
45158,44
45159,44
45160,44
45161,44
45162,44
45163,44
45164,44
45165,44
45166,44
45167,44
45168,44
45169,44
45170,44
45171,44
45172,44
45173,44
45174,44
45175,44
45176,44
45177,44
45178,44
45179,44
45180,44
45181,44
45182,44
45183,44
45184,44
45185,44
45186,44
45187,44
45188,44
45189,44
45190,44
45191,44
45192,44
45193,44
45194,44
45195,44
45196,44
45197,44
45198,44
45199,44
45200,44
45201,44
45202,44
45203,44
45204,44
45205,44
45206,44
45207,44
45208,44
45209,44
45210,44
45211,44
45212,44
45213,44
45214,44
45215,44
45216,44
45217,44
45218,44
45219,44
45220,44
45221,44
45222,44
45223,44
45224,44
45225,44
45226,44
45227,44
45228,44
45229,44
45230,44
45231,44
45232,44
45233,44
45234,44
45235,44
45236,44
45237,44
45238,44
45239,44
45240,44
45241,44
45242,44
45243,44
45244,44
45245,44
45246,44
45247,44
45248,44
45249,44
45250,44
45251,44
45252,44
45253,44
45254,44
45255,44
45256,44
45257,44
45258,44
45259,44
45260,44
45261,44
45262,44
45263,44
45264,44
45265,44
45266,44
45267,44
45268,44
45269,44
45270,44
45271,44
45272,44
45273,44
45274,44
45275,44
45276,44
45277,44
45278,44
45279,44
45280,44
45281,44
45282,44
45283,44
45284,44
45285,44
45286,44
45287,44
45288,44
45289,44
45290,44
45291,44
45292,44
45293,43
45294,43
45295,43
45296,43
45297,43
45298,43
45299,43
45300,43
45301,43
45302,43
45303,43
45304,43
45305,43
45306,43
45307,43
45308,44
45309,44
45310,44
45311,44
45312,44
45313,44
45314,44
45315,44
45316,44
45317,44
45318,44
45319,44
45320,44
45321,44
45322,44
45323,44
45324,44
45325,44
45326,44
45327,44
45328,44
45329,44
45330,44
45331,44
45332,44
45333,44
45334,44
45335,44
45336,44
45337,44
45338,44
45339,44
45340,44
45341,44
45342,44
45343,44
45344,44
45345,44
45346,44
45347,44
45348,44
45349,44
45350,44
45351,44
45352,44
45353,44
45354,44
45355,44
45356,44
45357,44
45358,44
45359,44
45360,44
45361,44
45362,44
45363,44
45364,44
45365,44
45366,44
45367,44
45368,44
45369,44
45370,44
45371,44
45372,44
45373,43
45374,43
45375,44
45376,44
45377,44
45378,43
45379,43
45380,43
45381,43
45382,43
45383,43
45384,43
45385,43
45386,43
45387,43
45388,44
45389,44
45390,44
45391,44
45392,44
45393,44
45394,44
45395,44
45396,44
45397,44
45398,44
45399,44
45400,44
45401,44
45402,44
45403,44
45404,44
45405,44
45406,44
45407,44
45408,44
45409,44
45410,44
45411,44
45412,44
45413,44
45414,44
45415,44
45416,44
45417,44
45418,44
45419,44
45420,44
45421,44
45422,44
45423,44
45424,44
45425,44
45426,44
45427,44
45428,44
45429,44
45430,44
45431,44
45432,44
45433,44
45434,44
45435,44
45436,44
45437,44
45438,44
45439,44
45440,44
45441,44
45442,44
45443,44
45444,44
45445,44
45446,44
45447,44
45448,44
45449,44
45450,44
45451,44
45452,44
45453,44
45454,44
45455,44
45456,44
45457,44
45458,44
45459,44
45460,44
45461,44
45462,44
45463,44
45464,44
45465,44
45466,44
45467,44
45468,44
45469,44
45470,44
45471,44
45472,44
45473,44
45474,44
45475,44
45476,44
45477,44
45478,44
45479,44
45480,44
45481,44
45482,44
45483,44
45484,44
45485,44
45486,44
45487,44
45488,44
45489,44
45490,44
45491,44
45492,44
45493,44
45494,44
45495,44
45496,44
45497,44
45498,44
45499,44
45500,44
45501,44
45502,44
45503,44
45504,44
45505,44
45506,44
45507,44
45508,44
45509,44
45510,44
45511,44
45512,44
45513,44
45514,44
45515,44
45516,44
45517,44
45518,44
45519,44
45520,44
45521,44
45522,44
45523,44
45524,44
45525,44
45526,44
45527,44
45528,44
45529,44
45530,44
45531,44
45532,44
45533,44
45534,44
45535,44
45536,44
45537,44
45538,44
45539,44
45540,44
45541,44
45542,44
45543,44
45544,44
45545,44
45546,44
45547,44
45548,44
45549,44
45550,44
45551,44
45552,44
45553,44
45554,44
45555,44
45556,44
45557,44
45558,44
45559,44
45560,44
45561,44
45562,44
45563,44
45564,44
45565,44
45566,44
45567,44
45568,44
45569,44
45570,44
45571,44
45572,44
45573,44
45574,44
45575,44
45576,44
45577,44
45578,44
45579,44
45580,44
45581,44
45582,44
45583,44
45584,44
45585,44
45586,44
45587,44
45588,44
45589,44
45590,44
45591,44
45592,44
45593,44
45594,44
45595,44
45596,44
45597,44
45598,44
45599,44
45600,44
45601,44
45602,44
45603,44
45604,44
45605,44
45606,44
45607,44
45608,44
45609,44
45610,44
45611,44
45612,44
45613,44
45614,44
45615,44
45616,44
45617,44
45618,44
45619,44
45620,44
45621,44
45622,44
45623,44
45624,44
45625,44
45626,44
45627,44
45628,44
45629,44
45630,44
45631,44
45632,44
45633,44
45634,44
45635,44
45636,44
45637,44
45638,44
45639,44
45640,44
45641,44
45642,44
45643,44
45644,44
45645,44
45646,44
45647,44
45648,44
45649,44
45650,44
45651,44
45652,44
45653,44
45654,44
45655,44
45656,44
45657,44
45658,44
45659,44
45660,44
45661,44
45662,44
45663,44
45664,44
45665,44
45666,44
45667,44
45668,44
45669,44
45670,44
45671,44
45672,44
45673,44
45674,44
45675,44
45676,44
45677,44
45678,44
45679,44
45680,44
45681,44
45682,44
45683,44
45684,44
45685,44
45686,44
45687,44
45688,44
45689,44
45690,44
45691,44
45692,44
45693,44
45694,44
45695,44
45696,44
45697,44
45698,44
45699,44
45700,44
45701,44
45702,44
45703,44
45704,44
45705,44
45706,44
45707,44
45708,44
45709,44
45710,44
45711,44
45712,44
45713,44
45714,44
45715,44
45716,44
45717,44
45718,44
45719,44
45720,44
45721,44
45722,44
45723,44
45724,44
45725,44
45726,44
45727,44
45728,44
45729,44
45730,44
45731,44
45732,44
45733,44
45734,44
45735,44
45736,44
45737,44
45738,44
45739,44
45740,44
45741,44
45742,44
45743,44
45744,44
45745,44
45746,44
45747,44
45748,44
45749,44
45750,44
45751,44
45752,44
45753,44
45754,44
45755,44
45756,44
45757,44
45758,44
45759,44
45760,44
45761,44
45762,44
45763,44
45764,44
45765,44
45766,44
45767,44
45768,44
45769,44
45770,44
45771,44
45772,44
45773,44
45774,44
45775,44
45776,44
45777,44
45778,44
45779,44
45780,44
45781,44
45782,44
45783,44
45784,44
45785,43
45786,43
45787,43
45788,43
45789,43
45790,43
45791,43
45792,43
45793,43
45794,43
45795,43
45796,43
45797,43
45798,43
45799,43
45800,43
45801,43
45802,43
45803,43
45804,43
45805,43
45806,43
45807,43
45808,43
45809,43
45810,43
45811,43
45812,43
45813,43
45814,43
45815,43
45816,43
45817,43
45818,43
45819,43
45820,43
45821,43
45822,43
45823,43
45824,43
45825,43
45826,43
45827,43
45828,43
45829,43
45830,43
45831,43
45832,43
45833,43
45834,43
45835,43
45836,43
45837,44
45838,44
45839,44
45840,44
45841,44
45842,44
45843,44
45844,44
45845,44
45846,44
45847,44
45848,44
45849,44
45850,44
45851,44
45852,44
45853,44
45854,44
45855,44
45856,44
45857,44
45858,44
45859,44
45860,44
45861,44
45862,44
45863,44
45864,44
45865,44
45866,44
45867,44
45868,44
45869,44
45870,44
45871,44
45872,44
45873,44
45874,44
45875,44
45876,44
45877,44
45878,44
45879,44
45880,44
45881,44
45882,44
45883,44
45884,44
45885,44
45886,44
45887,44
45888,44
45889,44
45890,44
45891,44
45892,44
45893,44
45894,44
45895,44
45896,44
45897,44
45898,44
45899,44
45900,44
45901,44
45902,44
45903,44
45904,44
45905,44
45906,44
45907,44
45908,44
45909,44
45910,44
45911,44
45912,44
45913,44
45914,44
45915,44
45916,44
45917,44
45918,44
45919,44
45920,44
45921,44
45922,44
45923,44
45924,44
45925,44
45926,44
45927,44
45928,44
45929,44
45930,44
45931,43
45932,43
45933,43
45934,43
45935,43
45936,43
45937,43
45938,43
45939,43
45940,43
45941,43
45942,43
45943,43
45944,43
45945,43
45946,43
45947,43
45948,43
45949,43
45950,43
45951,43
45952,43
45953,43
45954,43
45955,43
45956,44
45957,44
45958,44
45959,44
45960,44
45961,44
45962,44
45963,44
45964,44
45965,44
45966,44
45967,44
45968,44
45969,44
45970,44
45971,44
45972,44
45973,44
45974,44
45975,44
45976,44
45977,44
45978,44
45979,44
45980,44
45981,44
45982,44
45983,44
45984,44
45985,44
45986,44
45987,44
45988,44
45989,44
45990,44
45991,44
45992,44
45993,44
45994,44
45995,44
45996,44
45997,44
45998,44
45999,44
46000,44
46001,44
46002,44
46003,44
46004,44
46005,44
46006,44
46007,44
46008,44
46009,44
46010,44
46011,44
46012,44
46013,44
46014,44
46015,44
46016,44
46017,44
46018,44
46019,44
46020,44
46021,44
46022,44
46023,44
46024,44
46025,44
46026,44
46027,44
46028,44
46029,44
46030,44
46031,44
46032,44
46033,44
46034,44
46035,44
46036,44
46037,44
46038,44
46039,44
46040,44
46041,44
46042,44
46043,44
46044,44
46045,44
46046,44
46047,44
46048,44
46049,44
46050,44
46051,44
46052,44
46053,44
46054,44
46055,44
46056,44
46057,44
46058,44
46059,44
46060,44
46061,44
46062,44
46063,44
46064,44
46065,44
46066,44
46067,44
46068,44
46069,44
46070,44
46071,44
46072,44
46073,44
46074,44
46075,44
46076,44
46077,44
46078,44
46079,44
46080,44
46081,44
46082,44
46083,44
46084,44
46085,44
46086,44
46087,44
46088,44
46089,44
46090,44
46091,44
46092,44
46093,44
46094,44
46095,44
46096,44
46097,44
46098,44
46099,44
46100,44
46101,44
46102,44
46103,44
46104,44
46105,44
46106,44
46107,44
46108,44
46109,44
46110,44
46111,44
46112,44
46113,44
46114,44
46115,44
46116,44
46117,44
46118,44
46119,44
46120,44
46121,44
46122,44
46123,44
46124,44
46125,44
46126,44
46127,44
46128,44
46129,44
46130,44
46131,44
46132,44
46133,44
46134,44
46135,44
46136,44
46137,44
46138,44
46139,44
46140,44
46141,44
46142,44
46143,44
46144,44
46145,44
46146,44
46147,44
46148,44
46149,44
46150,44
46151,44
46152,44
46153,44
46154,44
46155,44
46156,44
46157,44
46158,44
46159,44
46160,44
46161,44
46162,44
46163,44
46164,44
46165,44
46166,44
46167,44
46168,44
46169,44
46170,44
46171,44
46172,44
46173,44
46174,44
46175,44
46176,44
46177,44
46178,44
46179,43
46180,43
46181,43
46182,43
46183,43
46184,43
46185,43
46186,43
46187,43
46188,43
46189,43
46190,43
46191,43
46192,43
46193,43
46194,43
46195,43
46196,43
46197,43
46198,43
46199,43
46200,43
46201,43
46202,43
46203,43
46204,43
46205,43
46206,43
46207,43
46208,43
46209,43
46210,43
46211,43
46212,43
46213,43
46214,43
46215,43
46216,43
46217,43
46218,43
46219,44
46220,44
46221,44
46222,44
46223,44
46224,44
46225,44
46226,44
46227,44
46228,44
46229,44
46230,44
46231,44
46232,44
46233,44
46234,44
46235,44
46236,44
46237,44
46238,44
46239,44
46240,44
46241,44
46242,44
46243,44
46244,44
46245,44
46246,44
46247,44
46248,44
46249,44
46250,44
46251,44
46252,44
46253,44
46254,44
46255,44
46256,44
46257,44
46258,44
46259,44
46260,44
46261,44
46262,44
46263,44
46264,44
46265,44
46266,44
46267,44
46268,44
46269,44
46270,44
46271,44
46272,44
46273,44
46274,44
46275,44
46276,44
46277,44
46278,44
46279,44
46280,44
46281,44
46282,44
46283,44
46284,44
46285,44
46286,44
46287,44
46288,44
46289,44
46290,44
46291,44
46292,44
46293,44
46294,44
46295,44
46296,44
46297,44
46298,44
46299,44
46300,44
46301,43
46302,43
46303,43
46304,43
46305,43
46306,44
46307,44
46308,44
46309,44
46310,44
46311,44
46312,44
46313,44
46314,43
46315,44
46316,44
46317,44
46318,44
46319,44
46320,44
46321,44
46322,44
46323,44
46324,44
46325,44
46326,44
46327,43
46328,43
46329,43
46330,44
46331,44
46332,44
46333,44
46334,44
46335,44
46336,44
46337,44
46338,44
46339,44
46340,44
46341,44
46342,44
46343,44
46344,44
46345,44
46346,44
46347,44
46348,43
46349,43
46350,43
46351,43
46352,43
46353,43
46354,43
46355,43
46356,43
46357,43
46358,43
46359,43
46360,43
46361,43
46362,43
46363,43
46364,44
46365,44
46366,43
46367,43
46368,43
46369,43
46370,43
46371,43
46372,43
46373,43
46374,43
46375,43
46376,43
46377,43
46378,43
46379,43
46380,43
46381,43
46382,43
46383,43
46384,43
46385,43
46386,43
46387,43
46388,43
46389,43
46390,43
46391,43
46392,43
46393,43
46394,43
46395,43
46396,44
46397,44
46398,44
46399,44
46400,44
46401,44
46402,44
46403,44
46404,44
46405,44
46406,44
46407,44
46408,44
46409,44
46410,44
46411,44
46412,44
46413,44
46414,44
46415,44
46416,44
46417,44
46418,44
46419,44
46420,44
46421,44
46422,44
46423,44
46424,44
46425,44
46426,44
46427,44
46428,44
46429,44
46430,44
46431,44
46432,44
46433,44
46434,44
46435,44
46436,44
46437,44
46438,44
46439,44
46440,44
46441,44
46442,44
46443,44
46444,44
46445,44
46446,44
46447,44
46448,44
46449,44
46450,44
46451,44
46452,44
46453,44
46454,44
46455,44
46456,44
46457,44
46458,44
46459,44
46460,44
46461,44
46462,44
46463,44
46464,44
46465,44
46466,44
46467,44
46468,44
46469,44
46470,44
46471,44
46472,44
46473,45
46474,45
46475,44
46476,44
46477,44
46478,44
46479,44
46480,44
46481,44
46482,44
46483,44
46484,45
46485,45
46486,45
46487,45
46488,45
46489,45
46490,45
46491,45
46492,45
46493,45
46494,44
46495,44
46496,44
46497,44
46498,45
46499,45
46500,45
46501,45
46502,45
46503,45
46504,45
46505,45
46506,45
46507,44
46508,44
46509,44
46510,44
46511,44
46512,44
46513,44
46514,44
46515,44
46516,44
46517,44
46518,44
46519,44
46520,44
46521,44
46522,44
46523,44
46524,44
46525,44
46526,44
46527,44
46528,44
46529,44
46530,44
46531,44
46532,44
46533,44
46534,44
46535,44
46536,44
46537,44
46538,44
46539,44
46540,44
46541,44
46542,44
46543,44
46544,44
46545,44
46546,44
46547,44
46548,44
46549,44
46550,44
46551,45
46552,45
46553,45
46554,44
46555,44
46556,45
46557,45
46558,45
46559,45
46560,45
46561,45
46562,45
46563,45
46564,45
46565,45
46566,45
46567,45
46568,45
46569,45
46570,45
46571,45
46572,45
46573,45
46574,44
46575,44
46576,44
46577,44
46578,44
46579,44
46580,44
46581,44
46582,44
46583,44
46584,44
46585,44
46586,44
46587,44
46588,44
46589,44
46590,44
46591,44
46592,44
46593,44
46594,44
46595,44
46596,44
46597,44
46598,44
46599,44
46600,44
46601,44
46602,44
46603,44
46604,44
46605,44
46606,44
46607,44
46608,44
46609,44
46610,44
46611,44
46612,44
46613,44
46614,44
46615,44
46616,44
46617,44
46618,44
46619,44
46620,44
46621,44
46622,44
46623,44
46624,44
46625,44
46626,44
46627,44
46628,44
46629,44
46630,44
46631,44
46632,44
46633,44
46634,44
46635,44
46636,44
46637,44
46638,44
46639,44
46640,44
46641,44
46642,44
46643,44
46644,44
46645,44
46646,44
46647,44
46648,44
46649,44
46650,44
46651,44
46652,44
46653,44
46654,44
46655,44
46656,44
46657,44
46658,44
46659,44
46660,44
46661,44
46662,44
46663,44
46664,44
46665,44
46666,44
46667,44
46668,44
46669,44
46670,44
46671,44
46672,44
46673,44
46674,44
46675,44
46676,44
46677,44
46678,44
46679,44
46680,44
46681,44
46682,44
46683,44
46684,44
46685,44
46686,44
46687,44
46688,44
46689,44
46690,44
46691,44
46692,44
46693,44
46694,44
46695,44
46696,44
46697,44
46698,44
46699,44
46700,44
46701,44
46702,44
46703,44
46704,44
46705,44
46706,44
46707,44
46708,44
46709,44
46710,44
46711,44
46712,44
46713,44
46714,44
46715,44
46716,44
46717,44
46718,44
46719,44
46720,44
46721,44
46722,44
46723,44
46724,44
46725,44
46726,44
46727,44
46728,44
46729,44
46730,44
46731,44
46732,44
46733,44
46734,44
46735,44
46736,44
46737,44
46738,44
46739,44
46740,44
46741,44
46742,44
46743,44
46744,44
46745,44
46746,44
46747,44
46748,44
46749,44
46750,44
46751,44
46752,44
46753,44
46754,44
46755,44
46756,44
46757,44
46758,44
46759,44
46760,44
46761,44
46762,44
46763,44
46764,44
46765,44
46766,44
46767,44
46768,44
46769,44
46770,44
46771,44
46772,44
46773,44
46774,44
46775,44
46776,44
46777,44
46778,44
46779,44
46780,44
46781,44
46782,44
46783,44
46784,44
46785,44
46786,44
46787,44
46788,44
46789,44
46790,44
46791,44
46792,45
46793,45
46794,45
46795,45
46796,45
46797,45
46798,45
46799,45
46800,45
46801,45
46802,45
46803,45
46804,45
46805,45
46806,45
46807,45
46808,45
46809,45
46810,45
46811,45
46812,45
46813,45
46814,45
46815,45
46816,45
46817,45
46818,45
46819,45
46820,45
46821,45
46822,45
46823,45
46824,45
46825,45
46826,45
46827,45
46828,45
46829,45
46830,45
46831,45
46832,45
46833,45
46834,45
46835,45
46836,45
46837,45
46838,45
46839,45
46840,45
46841,45
46842,45
46843,45
46844,45
46845,45
46846,45
46847,45
46848,45
46849,45
46850,45
46851,45
46852,45
46853,45
46854,45
46855,45
46856,45
46857,45
46858,45
46859,45
46860,45
46861,45
46862,45
46863,45
46864,45
46865,45
46866,45
46867,45
46868,45
46869,45
46870,45
46871,45
46872,45
46873,45
46874,45
46875,44
46876,44
46877,45
46878,45
46879,45
46880,45
46881,45
46882,45
46883,45
46884,45
46885,45
46886,45
46887,45
46888,45
46889,45
46890,45
46891,45
46892,45
46893,45
46894,45
46895,45
46896,44
46897,44
46898,45
46899,45
46900,45
46901,45
46902,45
46903,45
46904,45
46905,45
46906,45
46907,45
46908,45
46909,45
46910,45
46911,45
46912,45
46913,45
46914,45
46915,45
46916,45
46917,45
46918,45
46919,45
46920,45
46921,45
46922,45
46923,45
46924,45
46925,45
46926,45
46927,45
46928,45
46929,45
46930,45
46931,45
46932,45
46933,45
46934,45
46935,45
46936,45
46937,45
46938,45
46939,45
46940,45
46941,45
46942,45
46943,45
46944,45
46945,45
46946,45
46947,45
46948,45
46949,45
46950,45
46951,45
46952,45
46953,45
46954,45
46955,45
46956,45
46957,45
46958,45
46959,45
46960,45
46961,45
46962,45
46963,45
46964,45
46965,45
46966,45
46967,45
46968,44
46969,44
46970,44
46971,44
46972,44
46973,44
46974,44
46975,44
46976,44
46977,44
46978,44
46979,44
46980,44
46981,44
46982,44
46983,44
46984,44
46985,45
46986,45
46987,45
46988,45
46989,45
46990,45
46991,45
46992,45
46993,45
46994,45
46995,45
46996,45
46997,45
46998,45
46999,45
47000,45
47001,45
47002,45
47003,45
47004,45
47005,45
47006,45
47007,45
47008,45
47009,45
47010,45
47011,45
47012,45
47013,45
47014,45
47015,45
47016,45
47017,45
47018,45
47019,45
47020,45
47021,45
47022,45
47023,45
47024,45
47025,45
47026,45
47027,44
47028,44
47029,44
47030,44
47031,44
47032,44
47033,44
47034,44
47035,44
47036,44
47037,44
47038,44
47039,44
47040,44
47041,44
47042,44
47043,44
47044,44
47045,44
47046,44
47047,44
47048,44
47049,44
47050,44
47051,44
47052,44
47053,44
47054,44
47055,44
47056,44
47057,44
47058,44
47059,44
47060,44
47061,44
47062,44
47063,44
47064,44
47065,44
47066,44
47067,44
47068,44
47069,44
47070,44
47071,44
47072,44
47073,44
47074,44
47075,44
47076,44
47077,44
47078,44
47079,44
47080,44
47081,44
47082,44
47083,44
47084,44
47085,44
47086,44
47087,44
47088,44
47089,44
47090,44
47091,44
47092,44
47093,45
47094,45
47095,44
47096,44
47097,45
47098,45
47099,45
47100,45
47101,45
47102,45
47103,45
47104,45
47105,45
47106,45
47107,45
47108,45
47109,45
47110,45
47111,45
47112,45
47113,45
47114,44
47115,44
47116,44
47117,44
47118,44
47119,44
47120,44
47121,44
47122,44
47123,44
47124,44
47125,44
47126,44
47127,44
47128,44
47129,44
47130,44
47131,44
47132,44
47133,44
47134,44
47135,44
47136,44
47137,44
47138,44
47139,44
47140,44
47141,44
47142,44
47143,44
47144,44
47145,44
47146,44
47147,44
47148,44
47149,44
47150,44
47151,44
47152,44
47153,44
47154,44
47155,44
47156,44
47157,44
47158,44
47159,44
47160,44
47161,44
47162,44
47163,44
47164,44
47165,44
47166,44
47167,44
47168,44
47169,44
47170,44
47171,44
47172,44
47173,44
47174,44
47175,44
47176,44
47177,44
47178,44
47179,44
47180,44
47181,44
47182,44
47183,44
47184,44
47185,44
47186,44
47187,44
47188,44
47189,44
47190,44
47191,44
47192,45
47193,45
47194,45
47195,45
47196,45
47197,45
47198,45
47199,45
47200,45
47201,45
47202,45
47203,45
47204,45
47205,45
47206,45
47207,45
47208,45
47209,45
47210,45
47211,45
47212,45
47213,45
47214,45
47215,45
47216,45
47217,45
47218,45
47219,45
47220,45
47221,45
47222,45
47223,45
47224,45
47225,45
47226,45
47227,45
47228,45
47229,45
47230,45
47231,45
47232,45
47233,45
47234,45
47235,45
47236,45
47237,45
47238,45
47239,45
47240,45
47241,45
47242,45
47243,45
47244,45
47245,45
47246,45
47247,45
47248,45
47249,45
47250,45
47251,45
47252,45
47253,45
47254,45
47255,45
47256,45
47257,45
47258,45
47259,45
47260,45
47261,45
47262,45
47263,45
47264,45
47265,45
47266,45
47267,45
47268,45
47269,45
47270,45
47271,45
47272,45
47273,45
47274,45
47275,44
47276,44
47277,44
47278,44
47279,44
47280,44
47281,44
47282,44
47283,44
47284,44
47285,44
47286,44
47287,44
47288,44
47289,44
47290,44
47291,44
47292,44
47293,44
47294,44
47295,44
47296,44
47297,44
47298,44
47299,44
47300,44
47301,44
47302,44
47303,44
47304,44
47305,44
47306,44
47307,44
47308,44
47309,44
47310,44
47311,44
47312,44
47313,44
47314,44
47315,44
47316,44
47317,44
47318,44
47319,44
47320,44
47321,44
47322,44
47323,44
47324,44
47325,44
47326,44
47327,44
47328,44
47329,44
47330,44
47331,44
47332,44
47333,44
47334,44
47335,44
47336,44
47337,44
47338,44
47339,44
47340,44
47341,44
47342,44
47343,44
47344,44
47345,44
47346,44
47347,44
47348,44
47349,44
47350,44
47351,44
47352,44
47353,44
47354,44
47355,44
47356,44
47357,44
47358,44
47359,44
47360,44
47361,44
47362,44
47363,44
47364,44
47365,44
47366,44
47367,44
47368,44
47369,44
47370,44
47371,44
47372,44
47373,44
47374,44
47375,44
47376,44
47377,44
47378,44
47379,44
47380,44
47381,44
47382,44
47383,44
47384,44
47385,44
47386,44
47387,44
47388,44
47389,44
47390,44
47391,44
47392,44
47393,44
47394,44
47395,44
47396,44
47397,44
47398,45
47399,45
47400,45
47401,45
47402,44
47403,45
47404,45
47405,45
47406,45
47407,45
47408,45
47409,45
47410,45
47411,45
47412,45
47413,45
47414,45
47415,45
47416,45
47417,45
47418,45
47419,45
47420,45
47421,44
47422,44
47423,44
47424,44
47425,44
47426,44
47427,44
47428,44
47429,44
47430,44
47431,44
47432,44
47433,44
47434,44
47435,44
47436,44
47437,44
47438,44
47439,44
47440,44
47441,44
47442,44
47443,44
47444,44
47445,44
47446,44
47447,44
47448,44
47449,44
47450,44
47451,44
47452,44
47453,44
47454,44
47455,44
47456,44
47457,44
47458,44
47459,44
47460,44
47461,44
47462,44
47463,44
47464,44
47465,44
47466,44
47467,44
47468,44
47469,44
47470,44
47471,44
47472,44
47473,44
47474,44
47475,44
47476,44
47477,44
47478,44
47479,44
47480,44
47481,44
47482,44
47483,44
47484,44
47485,44
47486,44
47487,44
47488,44
47489,44
47490,44
47491,44
47492,44
47493,44
47494,44
47495,44
47496,44
47497,44
47498,44
47499,44
47500,44
47501,44
47502,44
47503,44
47504,44
47505,44
47506,44
47507,44
47508,44
47509,44
47510,44
47511,44
47512,44
47513,44
47514,44
47515,44
47516,44
47517,44
47518,44
47519,44
47520,44
47521,44
47522,44
47523,44
47524,44
47525,44
47526,44
47527,44
47528,44
47529,44
47530,44
47531,44
47532,44
47533,44
47534,44
47535,44
47536,44
47537,44
47538,44
47539,44
47540,44
47541,44
47542,44
47543,44
47544,44
47545,44
47546,44
47547,44
47548,44
47549,44
47550,44
47551,44
47552,44
47553,44
47554,44
47555,44
47556,44
47557,44
47558,44
47559,44
47560,44
47561,44
47562,44
47563,44
47564,44
47565,44
47566,44
47567,44
47568,44
47569,44
47570,44
47571,44
47572,44
47573,44
47574,44
47575,44
47576,44
47577,44
47578,44
47579,44
47580,44
47581,44
47582,44
47583,44
47584,44
47585,44
47586,44
47587,44
47588,44
47589,44
47590,44
47591,44
47592,44
47593,44
47594,44
47595,44
47596,44
47597,44
47598,44
47599,44
47600,44
47601,44
47602,44
47603,44
47604,44
47605,44
47606,44
47607,44
47608,44
47609,44
47610,44
47611,44
47612,44
47613,44
47614,44
47615,44
47616,44
47617,44
47618,44
47619,44
47620,44
47621,44
47622,44
47623,44
47624,44
47625,44
47626,44
47627,44
47628,44
47629,44
47630,44
47631,44
47632,44
47633,44
47634,44
47635,44
47636,44
47637,44
47638,44
47639,44
47640,44
47641,44
47642,44
47643,44
47644,44
47645,44
47646,44
47647,44
47648,44
47649,44
47650,44
47651,44
47652,44
47653,44
47654,44
47655,44
47656,44
47657,44
47658,44
47659,44
47660,44
47661,44
47662,44
47663,44
47664,44
47665,44
47666,44
47667,44
47668,44
47669,44
47670,44
47671,44
47672,44
47673,44
47674,44
47675,44
47676,44
47677,44
47678,44
47679,44
47680,44
47681,44
47682,44
47683,44
47684,44
47685,44
47686,44
47687,44
47688,44
47689,44
47690,44
47691,44
47692,44
47693,44
47694,44
47695,44
47696,44
47697,44
47698,44
47699,44
47700,44
47701,44
47702,44
47703,44
47704,44
47705,44
47706,44
47707,44
47708,44
47709,44
47710,44
47711,44
47712,44
47713,44
47714,44
47715,44
47716,44
47717,44
47718,44
47719,45
47720,45
47721,45
47722,45
47723,45
47724,45
47725,45
47726,45
47727,45
47728,45
47729,45
47730,45
47731,45
47732,45
47733,45
47734,45
47735,45
47736,45
47737,45
47738,45
47739,45
47740,45
47741,45
47742,45
47743,45
47744,45
47745,45
47746,45
47747,45
47748,45
47749,45
47750,45
47751,45
47752,45
47753,45
47754,45
47755,45
47756,45
47757,45
47758,45
47759,45
47760,45
47761,45
47762,45
47763,45
47764,45
47765,45
47766,45
47767,45
47768,44
47769,44
47770,44
47771,44
47772,45
47773,45
47774,45
47775,45
47776,44
47777,44
47778,45
47779,45
47780,45
47781,45
47782,45
47783,45
47784,45
47785,45
47786,45
47787,45
47788,45
47789,45
47790,45
47791,45
47792,45
47793,45
47794,45
47795,45
47796,45
47797,45
47798,45
47799,45
47800,45
47801,45
47802,45
47803,45
47804,45
47805,45
47806,45
47807,45
47808,45
47809,44
47810,44
47811,44
47812,45
47813,45
47814,45
47815,44
47816,44
47817,44
47818,44
47819,44
47820,44
47821,44
47822,44
47823,44
47824,44
47825,44
47826,44
47827,44
47828,44
47829,44
47830,44
47831,44
47832,44
47833,44
47834,44
47835,44
47836,44
47837,44
47838,44
47839,44
47840,44
47841,44
47842,44
47843,44
47844,44
47845,44
47846,44
47847,44
47848,44
47849,44
47850,44
47851,44
47852,44
47853,44
47854,44
47855,44
47856,44
47857,44
47858,44
47859,44
47860,44
47861,44
47862,44
47863,44
47864,44
47865,44
47866,44
47867,44
47868,44
47869,44
47870,44
47871,44
47872,44
47873,44
47874,44
47875,44
47876,44
47877,44
47878,44
47879,44
47880,44
47881,44
47882,44
47883,44
47884,44
47885,44
47886,44
47887,44
47888,44
47889,44
47890,44
47891,44
47892,44
47893,44
47894,44
47895,44
47896,44
47897,44
47898,44
47899,44
47900,44
47901,44
47902,44
47903,44
47904,44
47905,44
47906,44
47907,44
47908,44
47909,44
47910,44
47911,44
47912,44
47913,44
47914,44
47915,44
47916,44
47917,44
47918,44
47919,44
47920,44
47921,44
47922,44
47923,44
47924,44
47925,44
47926,44
47927,44
47928,44
47929,44
47930,44
47931,44
47932,44
47933,44
47934,44
47935,44
47936,44
47937,44
47938,44
47939,44
47940,44
47941,44
47942,44
47943,44
47944,44
47945,44
47946,44
47947,44
47948,44
47949,44
47950,44
47951,44
47952,44
47953,44
47954,44
47955,44
47956,44
47957,44
47958,44
47959,44
47960,44
47961,44
47962,44
47963,44
47964,44
47965,44
47966,44
47967,44
47968,44
47969,44
47970,44
47971,44
47972,44
47973,44
47974,44
47975,44
47976,44
47977,45
47978,45
47979,45
47980,45
47981,45
47982,45
47983,45
47984,45
47985,45
47986,45
47987,45
47988,45
47989,45
47990,45
47991,45
47992,45
47993,45
47994,45
47995,45
47996,45
47997,45
47998,45
47999,45
48000,45
48001,45
48002,45
48003,45
48004,45
48005,45
48006,45
48007,45
48008,45
48009,45
48010,45
48011,45
48012,45
48013,45
48014,45
48015,45
48016,45
48017,45
48018,45
48019,45
48020,45
48021,44
48022,44
48023,44
48024,44
48025,44
48026,44
48027,44
48028,44
48029,44
48030,44
48031,44
48032,44
48033,44
48034,44
48035,44
48036,44
48037,44
48038,44
48039,44
48040,44
48041,44
48042,44
48043,44
48044,44
48045,44
48046,44
48047,44
48048,44
48049,44
48050,44
48051,44
48052,44
48053,44
48054,44
48055,44
48056,44
48057,44
48058,44
48059,44
48060,44
48061,44
48062,44
48063,44
48064,44
48065,44
48066,44
48067,44
48068,44
48069,44
48070,44
48071,44
48072,44
48073,44
48074,44
48075,44
48076,44
48077,44
48078,44
48079,44
48080,44
48081,44
48082,44
48083,44
48084,44
48085,44
48086,44
48087,44
48088,44
48089,44
48090,44
48091,44
48092,44
48093,44
48094,44
48095,44
48096,44
48097,44
48098,44
48099,44
48100,44
48101,44
48102,44
48103,44
48104,44
48105,44
48106,44
48107,44
48108,44
48109,44
48110,44
48111,44
48112,44
48113,44
48114,44
48115,44
48116,44
48117,44
48118,44
48119,44
48120,44
48121,44
48122,44
48123,44
48124,44
48125,44
48126,44
48127,44
48128,44
48129,44
48130,44
48131,44
48132,44
48133,44
48134,44
48135,44
48136,44
48137,44
48138,44
48139,44
48140,44
48141,44
48142,44
48143,44
48144,44
48145,44
48146,44
48147,44
48148,44
48149,44
48150,44
48151,44
48152,44
48153,44
48154,44
48155,44
48156,44
48157,44
48158,44
48159,44
48160,44
48161,44
48162,44
48163,44
48164,44
48165,44
48166,44
48167,44
48168,44
48169,44
48170,44
48171,44
48172,44
48173,44
48174,44
48175,44
48176,44
48177,44
48178,44
48179,44
48180,44
48181,44
48182,44
48183,44
48184,44
48185,44
48186,44
48187,44
48188,44
48189,44
48190,44
48191,44
48192,44
48193,44
48194,44
48195,44
48196,44
48197,44
48198,44
48199,44
48200,44
48201,44
48202,44
48203,44
48204,44
48205,44
48206,44
48207,44
48208,44
48209,44
48210,44
48211,44
48212,44
48213,44
48214,44
48215,44
48216,44
48217,44
48218,44
48219,44
48220,44
48221,44
48222,44
48223,44
48224,44
48225,44
48226,44
48227,44
48228,44
48229,44
48230,44
48231,44
48232,44
48233,44
48234,44
48235,44
48236,44
48237,44
48238,44
48239,44
48240,44
48241,44
48242,44
48243,44
48244,44
48245,44
48246,44
48247,44
48248,44
48249,44
48250,44
48251,44
48252,44
48253,44
48254,44
48255,44
48256,44
48257,44
48258,44
48259,44
48260,44
48261,44
48262,44
48263,44
48264,44
48265,44
48266,44
48267,44
48268,44
48269,44
48270,44
48271,44
48272,44
48273,44
48274,44
48275,44
48276,44
48277,44
48278,44
48279,44
48280,44
48281,44
48282,44
48283,44
48284,44
48285,44
48286,44
48287,44
48288,44
48289,44
48290,44
48291,44
48292,44
48293,44
48294,44
48295,44
48296,44
48297,44
48298,44
48299,44
48300,44
48301,44
48302,44
48303,44
48304,44
48305,44
48306,44
48307,44
48308,44
48309,44
48310,44
48311,44
48312,44
48313,44
48314,44
48315,44
48316,44
48317,44
48318,44
48319,44
48320,45
48321,45
48322,45
48323,44
48324,45
48325,45
48326,45
48327,45
48328,44
48329,44
48330,44
48331,44
48332,44
48333,44
48334,44
48335,44
48336,44
48337,44
48338,44
48339,44
48340,44
48341,44
48342,44
48343,44
48344,44
48345,44
48346,44
48347,44
48348,44
48349,44
48350,44
48351,44
48352,44
48353,44
48354,44
48355,44
48356,44
48357,44
48358,44
48359,44
48360,44
48361,44
48362,44
48363,44
48364,44
48365,44
48366,44
48367,44
48368,44
48369,44
48370,44
48371,44
48372,44
48373,44
48374,44
48375,44
48376,44
48377,44
48378,44
48379,44
48380,44
48381,44
48382,44
48383,44
48384,44
48385,44
48386,44
48387,44
48388,44
48389,44
48390,44
48391,44
48392,44
48393,44
48394,44
48395,44
48396,44
48397,44
48398,44
48399,44
48400,44
48401,44
48402,44
48403,44
48404,44
48405,44
48406,44
48407,44
48408,44
48409,44
48410,44
48411,44
48412,44
48413,44
48414,44
48415,44
48416,44
48417,44
48418,44
48419,44
48420,44
48421,44
48422,44
48423,44
48424,44
48425,44
48426,44
48427,44
48428,44
48429,44
48430,44
48431,44
48432,44
48433,44
48434,44
48435,44
48436,44
48437,44
48438,44
48439,44
48440,44
48441,44
48442,44
48443,44
48444,44
48445,44
48446,44
48447,44
48448,44
48449,44
48450,44
48451,44
48452,44
48453,44
48454,44
48455,44
48456,44
48457,44
48458,44
48459,44
48460,44
48461,44
48462,44
48463,44
48464,44
48465,44
48466,44
48467,44
48468,44
48469,44
48470,44
48471,44
48472,44
48473,44
48474,44
48475,44
48476,44
48477,44
48478,44
48479,44
48480,44
48481,44
48482,44
48483,44
48484,44
48485,44
48486,44
48487,44
48488,44
48489,44
48490,44
48491,44
48492,44
48493,44
48494,44
48495,44
48496,44
48497,44
48498,44
48499,44
48500,44
48501,44
48502,44
48503,44
48504,44
48505,44
48506,44
48507,44
48508,44
48509,44
48510,44
48511,44
48512,44
48513,44
48514,44
48515,44
48516,44
48517,44
48518,44
48519,44
48520,44
48521,44
48522,44
48523,44
48524,44
48525,44
48526,44
48527,44
48528,44
48529,44
48530,44
48531,44
48532,44
48533,44
48534,44
48535,44
48536,44
48537,44
48538,44
48539,44
48540,44
48541,44
48542,44
48543,44
48544,44
48545,44
48546,44
48547,44
48548,44
48549,44
48550,44
48551,44
48552,44
48553,44
48554,44
48555,44
48556,44
48557,44
48558,44
48559,44
48560,44
48561,44
48562,44
48563,44
48564,44
48565,44
48566,44
48567,44
48568,44
48569,44
48570,44
48571,44
48572,44
48573,44
48574,44
48575,44
48576,44
48577,44
48578,44
48579,44
48580,44
48581,44
48582,44
48583,44
48584,44
48585,44
48586,44
48587,44
48588,44
48589,44
48590,44
48591,44
48592,44
48593,44
48594,44
48595,44
48596,44
48597,44
48598,44
48599,44
48600,44
48601,44
48602,44
48603,44
48604,44
48605,44
48606,44
48607,44
48608,44
48609,44
48610,44
48611,44
48612,44
48613,44
48614,44
48615,44
48616,44
48617,44
48618,44
48619,44
48620,44
48621,44
48622,44
48623,44
48624,44
48625,44
48626,44
48627,44
48628,44
48629,44
48630,44
48631,44
48632,44
48633,44
48634,44
48635,44
48636,44
48637,44
48638,44
48639,44
48640,44
48641,44
48642,44
48643,44
48644,44
48645,44
48646,44
48647,44
48648,44
48649,44
48650,44
48651,44
48652,44
48653,44
48654,44
48655,44
48656,44
48657,44
48658,44
48659,44
48660,44
48661,44
48662,44
48663,44
48664,44
48665,44
48666,44
48667,44
48668,44
48669,44
48670,44
48671,44
48672,44
48673,44
48674,44
48675,44
48676,44
48677,44
48678,44
48679,44
48680,44
48681,44
48682,44
48683,44
48684,44
48685,44
48686,44
48687,44
48688,44
48689,44
48690,44
48691,44
48692,44
48693,44
48694,44
48695,44
48696,44
48697,44
48698,44
48699,44
48700,44
48701,44
48702,44
48703,44
48704,44
48705,44
48706,44
48707,44
48708,44
48709,44
48710,44
48711,44
48712,44
48713,44
48714,44
48715,44
48716,44
48717,44
48718,44
48719,44
48720,44
48721,44
48722,44
48723,44
48724,44
48725,44
48726,44
48727,44
48728,44
48729,44
48730,44
48731,44
48732,44
48733,44
48734,44
48735,44
48736,44
48737,44
48738,44
48739,44
48740,44
48741,44
48742,44
48743,44
48744,44
48745,44
48746,44
48747,44
48748,44
48749,44
48750,44
48751,44
48752,44
48753,44
48754,44
48755,44
48756,44
48757,44
48758,44
48759,44
48760,44
48761,44
48762,44
48763,44
48764,44
48765,44
48766,44
48767,44
48768,44
48769,44
48770,44
48771,44
48772,44
48773,44
48774,44
48775,44
48776,44
48777,44
48778,44
48779,44
48780,44
48781,44
48782,44
48783,44
48784,44
48785,44
48786,44
48787,44
48788,44
48789,44
48790,44
48791,44
48792,44
48793,44
48794,44
48795,44
48796,44
48797,44
48798,44
48799,44
48800,44
48801,44
48802,44
48803,44
48804,44
48805,44
48806,44
48807,44
48808,44
48809,44
48810,44
48811,44
48812,44
48813,44
48814,44
48815,44
48816,44
48817,44
48818,44
48819,44
48820,44
48821,44
48822,44
48823,44
48824,44
48825,44
48826,44
48827,44
48828,44
48829,44
48830,44
48831,44
48832,44
48833,44
48834,44
48835,44
48836,44
48837,44
48838,44
48839,44
48840,44
48841,44
48842,44
48843,44
48844,44
48845,44
48846,44
48847,44
48848,44
48849,44
48850,44
48851,44
48852,44
48853,44
48854,44
48855,44
48856,44
48857,44
48858,44
48859,45
48860,45
48861,45
48862,45
48863,45
48864,44
48865,44
48866,44
48867,44
48868,44
48869,44
48870,44
48871,44
48872,44
48873,44
48874,44
48875,44
48876,44
48877,44
48878,44
48879,44
48880,44
48881,44
48882,44
48883,44
48884,44
48885,44
48886,44
48887,44
48888,44
48889,44
48890,44
48891,44
48892,44
48893,44
48894,44
48895,44
48896,44
48897,44
48898,44
48899,44
48900,44
48901,44
48902,44
48903,44
48904,44
48905,44
48906,44
48907,44
48908,44
48909,44
48910,44
48911,44
48912,44
48913,44
48914,44
48915,44
48916,44
48917,44
48918,44
48919,44
48920,44
48921,44
48922,44
48923,44
48924,44
48925,44
48926,44
48927,44
48928,44
48929,44
48930,44
48931,44
48932,44
48933,44
48934,44
48935,44
48936,44
48937,44
48938,44
48939,44
48940,44
48941,44
48942,44
48943,44
48944,44
48945,44
48946,44
48947,44
48948,44
48949,44
48950,44
48951,44
48952,44
48953,44
48954,44
48955,44
48956,44
48957,44
48958,44
48959,44
48960,44
48961,44
48962,44
48963,44
48964,44
48965,44
48966,44
48967,44
48968,44
48969,44
48970,44
48971,44
48972,44
48973,44
48974,44
48975,44
48976,44
48977,44
48978,44
48979,44
48980,44
48981,44
48982,44
48983,44
48984,44
48985,44
48986,44
48987,44
48988,44
48989,44
48990,44
48991,44
48992,44
48993,44
48994,44
48995,44
48996,44
48997,44
48998,44
48999,44
49000,44
49001,44
49002,44
49003,44
49004,44
49005,44
49006,44
49007,44
49008,44
49009,44
49010,44
49011,44
49012,44
49013,44
49014,44
49015,44
49016,44
49017,44
49018,44
49019,44
49020,44
49021,44
49022,44
49023,44
49024,44
49025,44
49026,44
49027,44
49028,44
49029,44
49030,44
49031,44
49032,44
49033,44
49034,44
49035,44
49036,44
49037,44
49038,44
49039,44
49040,44
49041,44
49042,44
49043,44
49044,44
49045,44
49046,44
49047,44
49048,44
49049,44
49050,44
49051,44
49052,44
49053,44
49054,44
49055,44
49056,44
49057,44
49058,44
49059,44
49060,44
49061,44
49062,44
49063,44
49064,44
49065,44
49066,44
49067,44
49068,44
49069,44
49070,44
49071,44
49072,44
49073,44
49074,44
49075,44
49076,44
49077,44
49078,43
49079,43
49080,44
49081,44
49082,44
49083,44
49084,44
49085,44
49086,44
49087,44
49088,44
49089,44
49090,44
49091,44
49092,44
49093,44
49094,44
49095,44
49096,44
49097,44
49098,44
49099,44
49100,44
49101,44
49102,44
49103,44
49104,44
49105,44
49106,44
49107,44
49108,44
49109,44
49110,44
49111,44
49112,44
49113,44
49114,44
49115,44
49116,44
49117,44
49118,44
49119,44
49120,44
49121,44
49122,44
49123,44
49124,44
49125,44
49126,44
49127,44
49128,44
49129,44
49130,44
49131,44
49132,44
49133,44
49134,44
49135,44
49136,44
49137,44
49138,44
49139,44
49140,44
49141,44
49142,44
49143,44
49144,44
49145,44
49146,44
49147,44
49148,44
49149,44
49150,44
49151,44
49152,44
49153,44
49154,44
49155,44
49156,44
49157,44
49158,44
49159,44
49160,44
49161,44
49162,44
49163,44
49164,44
49165,44
49166,44
49167,44
49168,44
49169,44
49170,44
49171,44
49172,44
49173,44
49174,44
49175,44
49176,44
49177,44
49178,44
49179,44
49180,44
49181,44
49182,44
49183,44
49184,44
49185,44
49186,44
49187,44
49188,44
49189,44
49190,44
49191,44
49192,44
49193,44
49194,44
49195,44
49196,44
49197,44
49198,44
49199,44
49200,44
49201,44
49202,44
49203,44
49204,44
49205,44
49206,44
49207,44
49208,44
49209,44
49210,44
49211,44
49212,44
49213,44
49214,44
49215,44
49216,44
49217,44
49218,44
49219,44
49220,44
49221,44
49222,44
49223,44
49224,44
49225,44
49226,44
49227,44
49228,44
49229,44
49230,44
49231,44
49232,44
49233,44
49234,44
49235,44
49236,44
49237,44
49238,44
49239,44
49240,44
49241,44
49242,44
49243,44
49244,44
49245,44
49246,44
49247,44
49248,44
49249,44
49250,44
49251,44
49252,44
49253,44
49254,44
49255,44
49256,44
49257,44
49258,44
49259,44
49260,44
49261,44
49262,44
49263,44
49264,44
49265,44
49266,44
49267,44
49268,44
49269,44
49270,44
49271,44
49272,44
49273,44
49274,44
49275,44
49276,44
49277,44
49278,44
49279,44
49280,44
49281,44
49282,44
49283,44
49284,44
49285,44
49286,44
49287,44
49288,44
49289,44
49290,44
49291,44
49292,44
49293,44
49294,44
49295,44
49296,44
49297,44
49298,44
49299,44
49300,44
49301,44
49302,44
49303,44
49304,44
49305,44
49306,44
49307,44
49308,44
49309,44
49310,44
49311,44
49312,44
49313,44
49314,44
49315,44
49316,44
49317,44
49318,44
49319,44
49320,44
49321,44
49322,44
49323,44
49324,44
49325,44
49326,44
49327,44
49328,44
49329,44
49330,44
49331,44
49332,44
49333,44
49334,44
49335,44
49336,44
49337,44
49338,44
49339,44
49340,44
49341,44
49342,44
49343,44
49344,44
49345,44
49346,44
49347,44
49348,44
49349,44
49350,44
49351,44
49352,44
49353,44
49354,44
49355,44
49356,44
49357,44
49358,44
49359,44
49360,44
49361,44
49362,44
49363,44
49364,44
49365,44
49366,44
49367,44
49368,44
49369,44
49370,44
49371,44
49372,44
49373,44
49374,44
49375,44
49376,44
49377,44
49378,44
49379,44
49380,44
49381,44
49382,44
49383,44
49384,44
49385,44
49386,44
49387,44
49388,44
49389,44
49390,44
49391,44
49392,44
49393,44
49394,44
49395,44
49396,44
49397,44
49398,44
49399,44
49400,44
49401,44
49402,44
49403,44
49404,44
49405,44
49406,44
49407,44
49408,44
49409,44
49410,44
49411,44
49412,44
49413,44
49414,44
49415,44
49416,44
49417,44
49418,44
49419,44
49420,44
49421,44
49422,44
49423,44
49424,44
49425,44
49426,44
49427,44
49428,44
49429,44
49430,44
49431,44
49432,44
49433,44
49434,44
49435,44
49436,44
49437,44
49438,44
49439,44
49440,44
49441,44
49442,44
49443,44
49444,44
49445,44
49446,44
49447,44
49448,44
49449,44
49450,44
49451,44
49452,44
49453,44
49454,44
49455,44
49456,44
49457,44
49458,44
49459,44
49460,44
49461,44
49462,44
49463,44
49464,44
49465,44
49466,44
49467,44
49468,44
49469,44
49470,44
49471,44
49472,44
49473,44
49474,44
49475,44
49476,44
49477,44
49478,44
49479,44
49480,44
49481,44
49482,44
49483,44
49484,44
49485,44
49486,44
49487,44
49488,44
49489,44
49490,44
49491,44
49492,44
49493,44
49494,44
49495,44
49496,44
49497,44
49498,44
49499,44
49500,44
49501,44
49502,44
49503,44
49504,44
49505,44
49506,44
49507,44
49508,44
49509,44
49510,44
49511,44
49512,44
49513,44
49514,44
49515,44
49516,44
49517,44
49518,44
49519,44
49520,44
49521,44
49522,44
49523,44
49524,44
49525,44
49526,44
49527,44
49528,44
49529,44
49530,44
49531,44
49532,44
49533,44
49534,44
49535,44
49536,44
49537,44
49538,44
49539,44
49540,44
49541,44
49542,44
49543,44
49544,44
49545,44
49546,44
49547,44
49548,44
49549,44
49550,44
49551,44
49552,44
49553,44
49554,44
49555,44
49556,44
49557,44
49558,44
49559,44
49560,44
49561,44
49562,44
49563,44
49564,44
49565,44
49566,44
49567,44
49568,44
49569,44
49570,44
49571,44
49572,44
49573,44
49574,44
49575,44
49576,44
49577,44
49578,44
49579,44
49580,44
49581,44
49582,44
49583,44
49584,44
49585,44
49586,44
49587,44
49588,44
49589,44
49590,44
49591,44
49592,44
49593,44
49594,44
49595,44
49596,44
49597,44
49598,44
49599,44
49600,44
49601,44
49602,44
49603,44
49604,44
49605,44
49606,44
49607,44
49608,44
49609,44
49610,44
49611,44
49612,44
49613,44
49614,44
49615,44
49616,44
49617,44
49618,44
49619,44
49620,44
49621,44
49622,44
49623,44
49624,44
49625,44
49626,44
49627,44
49628,44
49629,44
49630,44
49631,44
49632,44
49633,44
49634,44
49635,44
49636,44
49637,44
49638,44
49639,44
49640,44
49641,44
49642,44
49643,44
49644,44
49645,44
49646,44
49647,44
49648,44
49649,44
49650,44
49651,44
49652,44
49653,44
49654,44
49655,44
49656,44
49657,44
49658,44
49659,44
49660,44
49661,44
49662,44
49663,44
49664,44
49665,44
49666,44
49667,44
49668,44
49669,44
49670,44
49671,44
49672,44
49673,44
49674,44
49675,44
49676,44
49677,44
49678,44
49679,44
49680,44
49681,44
49682,44
49683,44
49684,44
49685,44
49686,44
49687,44
49688,44
49689,44
49690,44
49691,44
49692,44
49693,44
49694,44
49695,44
49696,44
49697,44
49698,44
49699,44
49700,44
49701,44
49702,44
49703,44
49704,44
49705,44
49706,44
49707,44
49708,43
49709,43
49710,43
49711,43
49712,43
49713,43
49714,43
49715,43
49716,43
49717,43
49718,43
49719,43
49720,43
49721,43
49722,43
49723,43
49724,43
49725,43
49726,43
49727,43
49728,43
49729,43
49730,43
49731,43
49732,43
49733,43
49734,43
49735,43
49736,43
49737,43
49738,43
49739,43
49740,43
49741,43
49742,44
49743,44
49744,44
49745,44
49746,44
49747,44
49748,44
49749,44
49750,44
49751,44
49752,44
49753,44
49754,44
49755,44
49756,44
49757,44
49758,44
49759,44
49760,44
49761,44
49762,44
49763,44
49764,44
49765,44
49766,44
49767,44
49768,44
49769,44
49770,44
49771,44
49772,44
49773,44
49774,44
49775,44
49776,44
49777,44
49778,44
49779,44
49780,44
49781,44
49782,44
49783,44
49784,44
49785,44
49786,44
49787,44
49788,44
49789,44
49790,44
49791,44
49792,44
49793,44
49794,44
49795,44
49796,44
49797,44
49798,44
49799,44
49800,44
49801,44
49802,44
49803,44
49804,44
49805,44
49806,44
49807,44
49808,44
49809,44
49810,44
49811,44
49812,44
49813,44
49814,44
49815,44
49816,44
49817,44
49818,44
49819,44
49820,44
49821,44
49822,44
49823,44
49824,44
49825,44
49826,44
49827,44
49828,44
49829,44
49830,44
49831,44
49832,44
49833,44
49834,44
49835,44
49836,44
49837,44
49838,44
49839,44
49840,44
49841,44
49842,44
49843,44
49844,44
49845,44
49846,44
49847,44
49848,44
49849,44
49850,44
49851,44
49852,44
49853,44
49854,44
49855,44
49856,44
49857,44
49858,44
49859,44
49860,44
49861,44
49862,44
49863,44
49864,44
49865,44
49866,44
49867,44
49868,44
49869,44
49870,44
49871,44
49872,44
49873,44
49874,44
49875,44
49876,44
49877,44
49878,44
49879,44
49880,44
49881,44
49882,44
49883,44
49884,44
49885,44
49886,44
49887,44
49888,44
49889,44
49890,44
49891,44
49892,44
49893,44
49894,44
49895,44
49896,44
49897,44
49898,44
49899,44
49900,44
49901,44
49902,44
49903,44
49904,44
49905,44
49906,44
49907,44
49908,44
49909,44
49910,44
49911,44
49912,44
49913,44
49914,44
49915,44
49916,44
49917,44
49918,44
49919,44
49920,44
49921,44
49922,44
49923,44
49924,44
49925,44
49926,44
49927,44
49928,44
49929,44
49930,44
49931,44
49932,44
49933,44
49934,44
49935,44
49936,44
49937,44
49938,44
49939,44
49940,44
49941,44
49942,44
49943,44
49944,44
49945,44
49946,44
49947,44
49948,44
49949,44
49950,44
49951,44
49952,44
49953,44
49954,44
49955,44
49956,44
49957,44
49958,44
49959,43
49960,43
49961,43
49962,43
49963,43
49964,43
49965,43
49966,43
49967,43
49968,43
49969,44
49970,44
49971,44
49972,43
49973,43
49974,43
49975,43
49976,43
49977,43
49978,43
49979,43
49980,43
49981,43
49982,43
49983,43
49984,43
49985,43
49986,43
49987,43
49988,43
49989,43
49990,43
49991,43
49992,43
49993,43
49994,43
49995,43
49996,43
49997,43
49998,43
49999,43
50000,43
50001,43
50002,43
50003,43
50004,43
50005,43
50006,43
50007,43
50008,43
50009,43
50010,43
50011,43
50012,43
50013,44
50014,44
50015,44
50016,44
50017,44
50018,44
50019,44
50020,44
50021,44
50022,44
50023,44
50024,44
50025,44
50026,44
50027,44
50028,44
50029,44
50030,44
50031,44
50032,44
50033,44
50034,44
50035,44
50036,44
50037,44
50038,44
50039,44
50040,44
50041,44
50042,44
50043,44
50044,44
50045,44
50046,44
50047,44
50048,44
50049,44
50050,44
50051,44
50052,44
50053,44
50054,44
50055,44
50056,44
50057,44
50058,44
50059,44
50060,44
50061,44
50062,44
50063,44
50064,44
50065,44
50066,44
50067,44
50068,44
50069,44
50070,44
50071,44
50072,44
50073,44
50074,44
50075,44
50076,44
50077,44
50078,44
50079,44
50080,44
50081,44
50082,44
50083,44
50084,44
50085,44
50086,44
50087,44
50088,44
50089,44
50090,44
50091,44
50092,43
50093,43
50094,43
50095,43
50096,43
50097,43
50098,43
50099,43
50100,43
50101,43
50102,43
50103,44
50104,44
50105,44
50106,44
50107,43
50108,44
50109,44
50110,44
50111,44
50112,44
50113,44
50114,44
50115,44
50116,44
50117,44
50118,44
50119,44
50120,44
50121,44
50122,44
50123,44
50124,44
50125,44
50126,44
50127,44
50128,44
50129,44
50130,44
50131,44
50132,44
50133,44
50134,44
50135,44
50136,44
50137,44
50138,44
50139,44
50140,44
50141,44
50142,44
50143,44
50144,44
50145,44
50146,44
50147,44
50148,44
50149,44
50150,44
50151,44
50152,44
50153,44
50154,44
50155,44
50156,44
50157,44
50158,44
50159,44
50160,44
50161,44
50162,44
50163,44
50164,44
50165,44
50166,44
50167,44
50168,44
50169,44
50170,44
50171,44
50172,44
50173,44
50174,44
50175,44
50176,44
50177,44
50178,44
50179,44
50180,44
50181,44
50182,44
50183,44
50184,44
50185,44
50186,44
50187,44
50188,44
50189,44
50190,44
50191,44
50192,44
50193,44
50194,44
50195,44
50196,44
50197,44
50198,44
50199,44
50200,44
50201,44
50202,44
50203,44
50204,44
50205,44
50206,44
50207,44
50208,44
50209,44
50210,44
50211,44
50212,44
50213,44
50214,44
50215,44
50216,44
50217,44
50218,44
50219,44
50220,44
50221,44
50222,44
50223,44
50224,44
50225,44
50226,44
50227,44
50228,44
50229,44
50230,44
50231,44
50232,44
50233,44
50234,44
50235,44
50236,44
50237,44
50238,44
50239,44
50240,44
50241,44
50242,44
50243,44
50244,44
50245,44
50246,44
50247,44
50248,44
50249,44
50250,44
50251,44
50252,44
50253,44
50254,44
50255,43
50256,43
50257,43
50258,43
50259,43
50260,43
50261,43
50262,43
50263,43
50264,43
50265,43
50266,43
50267,43
50268,43
50269,43
50270,44
50271,43
50272,43
50273,43
50274,43
50275,44
50276,44
50277,44
50278,44
50279,44
50280,44
50281,44
50282,44
50283,44
50284,44
50285,44
50286,44
50287,44
50288,44
50289,44
50290,44
50291,44
50292,44
50293,44
50294,44
50295,44
50296,44
50297,44
50298,44
50299,44
50300,44
50301,44
50302,44
50303,44
50304,44
50305,44
50306,44
50307,44
50308,44
50309,44
50310,44
50311,44
50312,44
50313,44
50314,44
50315,44
50316,44
50317,44
50318,44
50319,44
50320,44
50321,44
50322,44
50323,44
50324,44
50325,44
50326,44
50327,44
50328,44
50329,44
50330,44
50331,44
50332,44
50333,44
50334,44
50335,44
50336,44
50337,44
50338,44
50339,44
50340,44
50341,44
50342,44
50343,44
50344,44
50345,44
50346,44
50347,44
50348,44
50349,44
50350,44
50351,44
50352,44
50353,44
50354,44
50355,44
50356,44
50357,44
50358,43
50359,43
50360,43
50361,43
50362,43
50363,43
50364,43
50365,43
50366,43
50367,43
50368,43
50369,43
50370,43
50371,43
50372,43
50373,43
50374,43
50375,43
50376,43
50377,43
50378,43
50379,43
50380,43
50381,43
50382,43
50383,43
50384,43
50385,43
50386,43
50387,43
50388,43
50389,43
50390,43
50391,43
50392,43
50393,43
50394,43
50395,43
50396,43
50397,43
50398,43
50399,43
50400,43
50401,43
50402,44
50403,44
50404,44
50405,44
50406,44
50407,44
50408,44
50409,44
50410,44
50411,44
50412,44
50413,44
50414,44
50415,44
50416,44
50417,44
50418,44
50419,44
50420,44
50421,44
50422,44
50423,44
50424,44
50425,44
50426,44
50427,44
50428,44
50429,44
50430,44
50431,44
50432,44
50433,44
50434,44
50435,44
50436,44
50437,44
50438,44
50439,43
50440,43
50441,43
50442,43
50443,43
50444,43
50445,43
50446,43
50447,43
50448,43
50449,43
50450,43
50451,43
50452,43
50453,43
50454,43
50455,43
50456,43
50457,43
50458,43
50459,43
50460,43
50461,43
50462,43
50463,44
50464,43
50465,43
50466,43
50467,43
50468,43
50469,44
50470,44
50471,43
50472,43
50473,43
50474,44
50475,44
50476,44
50477,44
50478,44
50479,44
50480,44
50481,44
50482,44
50483,44
50484,44
50485,44
50486,44
50487,44
50488,44
50489,44
50490,44
50491,44
50492,44
50493,44
50494,44
50495,44
50496,44
50497,44
50498,44
50499,44
50500,44
50501,44
50502,44
50503,44
50504,44
50505,44
50506,44
50507,44
50508,44
50509,44
50510,44
50511,44
50512,44
50513,44
50514,44
50515,44
50516,44
50517,44
50518,44
50519,44
50520,44
50521,44
50522,44
50523,44
50524,44
50525,44
50526,44
50527,44
50528,44
50529,44
50530,44
50531,44
50532,44
50533,44
50534,44
50535,44
50536,44
50537,44
50538,44
50539,44
50540,44
50541,44
50542,44
50543,44
50544,44
50545,44
50546,44
50547,44
50548,44
50549,44
50550,44
50551,44
50552,44
50553,44
50554,44
50555,44
50556,44
50557,44
50558,44
50559,44
50560,44
50561,44
50562,44
50563,44
50564,44
50565,44
50566,44
50567,44
50568,44
50569,44
50570,44
50571,44
50572,44
50573,44
50574,44
50575,44
50576,44
50577,44
50578,44
50579,44
50580,44
50581,44
50582,44
50583,44
50584,44
50585,44
50586,44
50587,44
50588,44
50589,44
50590,44
50591,44
50592,44
50593,44
50594,44
50595,44
50596,44
50597,44
50598,44
50599,44
50600,44
50601,44
50602,44
50603,44
50604,44
50605,44
50606,44
50607,44
50608,44
50609,44
50610,44
50611,44
50612,44
50613,44
50614,44
50615,44
50616,44
50617,44
50618,44
50619,44
50620,44
50621,44
50622,44
50623,44
50624,44
50625,44
50626,44
50627,44
50628,44
50629,44
50630,44
50631,44
50632,44
50633,44
50634,44
50635,44
50636,44
50637,44
50638,44
50639,44
50640,44
50641,44
50642,44
50643,44
50644,44
50645,44
50646,44
50647,44
50648,44
50649,44
50650,44
50651,44
50652,44
50653,44
50654,44
50655,44
50656,44
50657,44
50658,44
50659,44
50660,44
50661,44
50662,44
50663,44
50664,44
50665,44
50666,44
50667,44
50668,44
50669,44
50670,44
50671,44
50672,44
50673,44
50674,44
50675,44
50676,44
50677,44
50678,44
50679,44
50680,44
50681,44
50682,44
50683,44
50684,44
50685,44
50686,44
50687,44
50688,44
50689,44
50690,44
50691,44
50692,44
50693,44
50694,44
50695,44
50696,44
50697,44
50698,44
50699,44
50700,44
50701,44
50702,44
50703,44
50704,44
50705,44
50706,44
50707,44
50708,44
50709,44
50710,44
50711,44
50712,44
50713,44
50714,44
50715,44
50716,44
50717,44
50718,44
50719,44
50720,44
50721,44
50722,44
50723,44
50724,44
50725,44
50726,44
50727,44
50728,44
50729,44
50730,44
50731,44
50732,44
50733,44
50734,44
50735,44
50736,44
50737,44
50738,44
50739,44
50740,44
50741,44
50742,44
50743,44
50744,44
50745,44
50746,44
50747,44
50748,44
50749,44
50750,44
50751,44
50752,44
50753,44
50754,44
50755,44
50756,44
50757,44
50758,44
50759,44
50760,44
50761,44
50762,44
50763,44
50764,44
50765,44
50766,44
50767,44
50768,44
50769,44
50770,44
50771,44
50772,44
50773,44
50774,44
50775,44
50776,44
50777,44
50778,44
50779,44
50780,44
50781,44
50782,44
50783,44
50784,44
50785,44
50786,44
50787,44
50788,44
50789,44
50790,44
50791,44
50792,44
50793,44
50794,44
50795,44
50796,44
50797,44
50798,44
50799,44
50800,44
50801,44
50802,44
50803,44
50804,44
50805,44
50806,44
50807,44
50808,44
50809,44
50810,44
50811,44
50812,44
50813,44
50814,44
50815,44
50816,44
50817,44
50818,44
50819,44
50820,44
50821,44
50822,44
50823,44
50824,44
50825,44
50826,44
50827,44
50828,44
50829,44
50830,44
50831,44
50832,44
50833,44
50834,44
50835,44
50836,44
50837,44
50838,44
50839,44
50840,44
50841,44
50842,44
50843,44
50844,44
50845,44
50846,44
50847,44
50848,44
50849,44
50850,44
50851,44
50852,44
50853,44
50854,44
50855,44
50856,44
50857,44
50858,44
50859,44
50860,44
50861,44
50862,44
50863,44
50864,44
50865,44
50866,44
50867,44
50868,44
50869,44
50870,44
50871,44
50872,44
50873,44
50874,44
50875,44
50876,44
50877,44
50878,44
50879,44
50880,44
50881,44
50882,44
50883,44
50884,44
50885,44
50886,44
50887,44
50888,44
50889,44
50890,44
50891,44
50892,44
50893,44
50894,44
50895,44
50896,44
50897,44
50898,44
50899,44
50900,44
50901,44
50902,44
50903,44
50904,44
50905,44
50906,44
50907,44
50908,44
50909,44
50910,44
50911,44
50912,44
50913,44
50914,44
50915,44
50916,44
50917,44
50918,44
50919,44
50920,44
50921,44
50922,44
50923,44
50924,44
50925,44
50926,44
50927,44
50928,44
50929,44
50930,44
50931,44
50932,44
50933,44
50934,44
50935,44
50936,44
50937,44
50938,44
50939,44
50940,44
50941,44
50942,44
50943,44
50944,44
50945,44
50946,44
50947,44
50948,44
50949,44
50950,44
50951,44
50952,44
50953,44
50954,44
50955,44
50956,44
50957,44
50958,44
50959,44
50960,44
50961,44
50962,44
50963,44
50964,44
50965,44
50966,44
50967,44
50968,44
50969,44
50970,44
50971,44
50972,44
50973,44
50974,44
50975,44
50976,44
50977,44
50978,44
50979,44
50980,44
50981,44
50982,44
50983,44
50984,44
50985,44
50986,44
50987,44
50988,44
50989,44
50990,44
50991,44
50992,44
50993,44
50994,44
50995,44
50996,44
50997,44
50998,44
50999,44
51000,44
51001,44
51002,44
51003,44
51004,44
51005,44
51006,44
51007,44
51008,44
51009,44
51010,44
51011,44
51012,44
51013,44
51014,44
51015,44
51016,44
51017,44
51018,44
51019,44
51020,44
51021,44
51022,44
51023,44
51024,44
51025,44
51026,44
51027,44
51028,44
51029,44
51030,44
51031,44
51032,44
51033,44
51034,44
51035,44
51036,44
51037,44
51038,44
51039,44
51040,44
51041,44
51042,44
51043,44
51044,44
51045,44
51046,44
51047,44
51048,44
51049,44
51050,44
51051,44
51052,44
51053,44
51054,44
51055,44
51056,44
51057,44
51058,44
51059,44
51060,44
51061,44
51062,44
51063,44
51064,44
51065,44
51066,44
51067,44
51068,44
51069,44
51070,44
51071,44
51072,44
51073,44
51074,44
51075,44
51076,44
51077,44
51078,44
51079,44
51080,44
51081,44
51082,44
51083,44
51084,44
51085,44
51086,44
51087,44
51088,44
51089,44
51090,44
51091,44
51092,44
51093,44
51094,44
51095,44
51096,44
51097,44
51098,44
51099,44
51100,44
51101,44
51102,44
51103,44
51104,44
51105,44
51106,44
51107,44
51108,44
51109,44
51110,44
51111,44
51112,44
51113,44
51114,44
51115,44
51116,44
51117,44
51118,44
51119,44
51120,44
51121,44
51122,44
51123,44
51124,44
51125,44
51126,44
51127,44
51128,44
51129,44
51130,44
51131,44
51132,44
51133,44
51134,44
51135,44
51136,44
51137,44
51138,44
51139,44
51140,44
51141,44
51142,44
51143,44
51144,44
51145,44
51146,44
51147,44
51148,44
51149,44
51150,44
51151,44
51152,44
51153,44
51154,44
51155,44
51156,44
51157,44
51158,44
51159,44
51160,44
51161,44
51162,44
51163,44
51164,44
51165,44
51166,44
51167,44
51168,44
51169,44
51170,44
51171,44
51172,44
51173,44
51174,44
51175,44
51176,44
51177,44
51178,44
51179,44
51180,44
51181,44
51182,44
51183,44
51184,44
51185,44
51186,44
51187,44
51188,44
51189,44
51190,44
51191,44
51192,44
51193,44
51194,44
51195,44
51196,44
51197,44
51198,44
51199,44
51200,44
51201,44
51202,44
51203,44
51204,44
51205,44
51206,44
51207,44
51208,44
51209,44
51210,44
51211,44
51212,44
51213,44
51214,44
51215,44
51216,44
51217,44
51218,44
51219,44
51220,44
51221,44
51222,44
51223,44
51224,44
51225,44
51226,44
51227,44
51228,44
51229,44
51230,44
51231,44
51232,44
51233,44
51234,44
51235,44
51236,44
51237,44
51238,44
51239,44
51240,44
51241,44
51242,44
51243,44
51244,44
51245,44
51246,44
51247,44
51248,44
51249,44
51250,44
51251,44
51252,44
51253,44
51254,44
51255,44
51256,44
51257,44
51258,44
51259,44
51260,44
51261,44
51262,44
51263,44
51264,44
51265,44
51266,44
51267,44
51268,44
51269,44
51270,44
51271,44
51272,44
51273,44
51274,44
51275,44
51276,44
51277,44
51278,44
51279,44
51280,44
51281,44
51282,44
51283,44
51284,44
51285,44
51286,44
51287,44
51288,44
51289,44
51290,44
51291,44
51292,44
51293,44
51294,44
51295,44
51296,44
51297,44
51298,44
51299,44
51300,44
51301,44
51302,44
51303,44
51304,44
51305,44
51306,44
51307,44
51308,44
51309,44
51310,44
51311,44
51312,44
51313,44
51314,44
51315,44
51316,44
51317,44
51318,44
51319,44
51320,44
51321,44
51322,44
51323,44
51324,44
51325,44
51326,44
51327,44
51328,44
51329,44
51330,44
51331,44
51332,44
51333,44
51334,44
51335,44
51336,44
51337,44
51338,44
51339,44
51340,44
51341,44
51342,44
51343,44
51344,44
51345,44
51346,44
51347,44
51348,44
51349,44
51350,44
51351,44
51352,44
51353,44
51354,44
51355,44
51356,44
51357,44
51358,44
51359,44
51360,44
51361,44
51362,44
51363,44
51364,44
51365,44
51366,44
51367,44
51368,44
51369,44
51370,44
51371,44
51372,44
51373,44
51374,44
51375,44
51376,44
51377,44
51378,44
51379,44
51380,44
51381,44
51382,44
51383,44
51384,44
51385,44
51386,44
51387,44
51388,44
51389,44
51390,44
51391,44
51392,44
51393,44
51394,44
51395,44
51396,44
51397,44
51398,44
51399,44
51400,44
51401,44
51402,44
51403,44
51404,44
51405,44
51406,44
51407,44
51408,44
51409,44
51410,44
51411,44
51412,44
51413,44
51414,44
51415,44
51416,44
51417,44
51418,44
51419,44
51420,44
51421,44
51422,44
51423,44
51424,44
51425,44
51426,44
51427,44
51428,44
51429,44
51430,44
51431,44
51432,44
51433,44
51434,44
51435,44
51436,44
51437,44
51438,44
51439,44
51440,44
51441,44
51442,44
51443,44
51444,44
51445,44
51446,44
51447,44
51448,44
51449,44
51450,44
51451,44
51452,44
51453,44
51454,44
51455,44
51456,44
51457,44
51458,44
51459,44
51460,44
51461,44
51462,44
51463,44
51464,44
51465,44
51466,44
51467,44
51468,44
51469,44
51470,44
51471,44
51472,44
51473,44
51474,44
51475,44
51476,44
51477,44
51478,44
51479,44
51480,44
51481,44
51482,44
51483,44
51484,44
51485,44
51486,44
51487,44
51488,44
51489,44
51490,44
51491,44
51492,44
51493,44
51494,44
51495,44
51496,44
51497,44
51498,44
51499,44
51500,44
51501,44
51502,44
51503,44
51504,44
51505,44
51506,44
51507,44
51508,44
51509,44
51510,44
51511,44
51512,44
51513,44
51514,44
51515,44
51516,44
51517,44
51518,44
51519,44
51520,44
51521,44
51522,44
51523,44
51524,44
51525,44
51526,44
51527,44
51528,44
51529,44
51530,44
51531,44
51532,44
51533,44
51534,44
51535,44
51536,44
51537,44
51538,44
51539,44
51540,44
51541,44
51542,44
51543,45
51544,45
51545,45
51546,45
51547,45
51548,45
51549,44
51550,45
51551,45
51552,45
51553,44
51554,44
51555,44
51556,44
51557,44
51558,44
51559,44
51560,44
51561,44
51562,44
51563,44
51564,44
51565,44
51566,44
51567,44
51568,44
51569,44
51570,44
51571,44
51572,44
51573,44
51574,44
51575,44
51576,44
51577,44
51578,44
51579,44
51580,44
51581,44
51582,44
51583,44
51584,44
51585,44
51586,44
51587,44
51588,44
51589,44
51590,44
51591,44
51592,44
51593,44
51594,44
51595,44
51596,44
51597,44
51598,44
51599,44
51600,44
51601,44
51602,44
51603,44
51604,44
51605,44
51606,44
51607,44
51608,44
51609,44
51610,44
51611,44
51612,44
51613,44
51614,44
51615,44
51616,44
51617,44
51618,44
51619,44
51620,44
51621,44
51622,44
51623,44
51624,44
51625,44
51626,44
51627,44
51628,44
51629,44
51630,44
51631,44
51632,44
51633,44
51634,44
51635,44
51636,44
51637,44
51638,44
51639,44
51640,44
51641,44
51642,44
51643,44
51644,44
51645,44
51646,44
51647,44
51648,44
51649,44
51650,44
51651,44
51652,44
51653,44
51654,44
51655,44
51656,44
51657,44
51658,44
51659,44
51660,44
51661,44
51662,44
51663,44
51664,44
51665,44
51666,44
51667,44
51668,44
51669,44
51670,44
51671,44
51672,44
51673,44
51674,44
51675,44
51676,44
51677,44
51678,44
51679,44
51680,44
51681,44
51682,44
51683,44
51684,44
51685,44
51686,44
51687,44
51688,44
51689,44
51690,44
51691,44
51692,44
51693,44
51694,44
51695,44
51696,44
51697,44
51698,44
51699,44
51700,44
51701,44
51702,44
51703,44
51704,44
51705,44
51706,44
51707,44
51708,44
51709,44
51710,44
51711,44
51712,44
51713,44
51714,44
51715,44
51716,44
51717,44
51718,44
51719,44
51720,44
51721,44
51722,44
51723,44
51724,44
51725,44
51726,44
51727,44
51728,43
51729,43
51730,44
51731,44
51732,43
51733,43
51734,43
51735,43
51736,43
51737,43
51738,43
51739,43
51740,43
51741,43
51742,43
51743,43
51744,43
51745,43
51746,43
51747,43
51748,43
51749,43
51750,43
51751,43
51752,43
51753,43
51754,43
51755,43
51756,43
51757,43
51758,43
51759,43
51760,43
51761,43
51762,43
51763,43
51764,43
51765,43
51766,43
51767,43
51768,43
51769,43
51770,43
51771,43
51772,43
51773,43
51774,43
51775,43
51776,43
51777,43
51778,43
51779,44
51780,44
51781,44
51782,44
51783,44
51784,44
51785,44
51786,44
51787,44
51788,44
51789,44
51790,44
51791,44
51792,44
51793,44
51794,44
51795,44
51796,44
51797,44
51798,44
51799,44
51800,44
51801,44
51802,44
51803,44
51804,44
51805,44
51806,44
51807,44
51808,44
51809,44
51810,44
51811,44
51812,44
51813,44
51814,44
51815,44
51816,44
51817,44
51818,44
51819,44
51820,44
51821,44
51822,44
51823,44
51824,44
51825,44
51826,44
51827,44
51828,44
51829,44
51830,44
51831,44
51832,44
51833,44
51834,44
51835,44
51836,44
51837,44
51838,44
51839,44
51840,44
51841,44
51842,44
51843,44
51844,44
51845,44
51846,44
51847,44
51848,44
51849,44
51850,44
51851,44
51852,44
51853,44
51854,44
51855,44
51856,44
51857,44
51858,44
51859,44
51860,44
51861,44
51862,44
51863,44
51864,44
51865,44
51866,44
51867,44
51868,44
51869,44
51870,44
51871,44
51872,44
51873,44
51874,44
51875,44
51876,44
51877,44
51878,44
51879,44
51880,44
51881,44
51882,44
51883,44
51884,44
51885,44
51886,44
51887,44
51888,44
51889,44
51890,44
51891,44
51892,44
51893,44
51894,44
51895,44
51896,44
51897,44
51898,44
51899,44
51900,44
51901,44
51902,44
51903,44
51904,44
51905,44
51906,44
51907,44
51908,44
51909,44
51910,44
51911,44
51912,44
51913,44
51914,44
51915,44
51916,44
51917,44
51918,44
51919,44
51920,44
51921,44
51922,44
51923,45
51924,45
51925,45
51926,45
51927,45
51928,45
51929,45
51930,45
51931,45
51932,45
51933,45
51934,45
51935,45
51936,45
51937,45
51938,45
51939,45
51940,45
51941,45
51942,45
51943,45
51944,45
51945,45
51946,45
51947,45
51948,45
51949,45
51950,45
51951,45
51952,45
51953,45
51954,45
51955,45
51956,45
51957,45
51958,45
51959,44
51960,44
51961,44
51962,44
51963,44
51964,44
51965,44
51966,44
51967,44
51968,44
51969,44
51970,44
51971,44
51972,44
51973,44
51974,44
51975,44
51976,44
51977,44
51978,44
51979,44
51980,44
51981,44
51982,44
51983,44
51984,44
51985,44
51986,44
51987,44
51988,44
51989,44
51990,44
51991,44
51992,44
51993,44
51994,44
51995,44
51996,44
51997,44
51998,44
51999,44
52000,44
52001,44
52002,44
52003,44
52004,44
52005,44
52006,44
52007,44
52008,44
52009,44
52010,44
52011,44
52012,44
52013,44
52014,44
52015,44
52016,44
52017,44
52018,44
52019,44
52020,44
52021,44
52022,44
52023,44
52024,44
52025,44
52026,44
52027,44
52028,44
52029,44
52030,44
52031,44
52032,44
52033,44
52034,44
52035,44
52036,44
52037,44
52038,44
52039,44
52040,44
52041,44
52042,44
52043,44
52044,44
52045,44
52046,44
52047,44
52048,44
52049,44
52050,44
52051,44
52052,44
52053,44
52054,44
52055,44
52056,44
52057,44
52058,44
52059,44
52060,44
52061,44
52062,44
52063,44
52064,44
52065,44
52066,44
52067,44
52068,44
52069,44
52070,44
52071,44
52072,44
52073,44
52074,44
52075,44
52076,44
52077,44
52078,44
52079,44
52080,44
52081,44
52082,44
52083,44
52084,44
52085,44
52086,44
52087,44
52088,44
52089,44
52090,44
52091,44
52092,44
52093,44
52094,44
52095,44
52096,44
52097,44
52098,44
52099,44
52100,44
52101,44
52102,44
52103,44
52104,44
52105,44
52106,44
52107,44
52108,44
52109,44
52110,44
52111,44
52112,44
52113,44
52114,44
52115,44
52116,44
52117,44
52118,44
52119,44
52120,44
52121,44
52122,44
52123,44
52124,44
52125,44
52126,44
52127,44
52128,44
52129,44
52130,44
52131,44
52132,44
52133,44
52134,44
52135,44
52136,44
52137,44
52138,44
52139,44
52140,44
52141,45
52142,45
52143,45
52144,45
52145,45
52146,45
52147,45
52148,45
52149,45
52150,45
52151,45
52152,45
52153,44
52154,44
52155,44
52156,44
52157,44
52158,44
52159,44
52160,44
52161,44
52162,44
52163,44
52164,44
52165,44
52166,44
52167,44
52168,44
52169,44
52170,44
52171,44
52172,44
52173,44
52174,44
52175,44
52176,44
52177,44
52178,44
52179,44
52180,44
52181,44
52182,44
52183,44
52184,44
52185,44
52186,44
52187,44
52188,44
52189,44
52190,44
52191,44
52192,44
52193,44
52194,44
52195,44
52196,44
52197,44
52198,44
52199,44
52200,44
52201,44
52202,44
52203,44
52204,44
52205,44
52206,44
52207,44
52208,44
52209,44
52210,44
52211,44
52212,44
52213,44
52214,44
52215,44
52216,44
52217,44
52218,44
52219,44
52220,44
52221,44
52222,44
52223,44
52224,44
52225,44
52226,44
52227,44
52228,44
52229,44
52230,44
52231,44
52232,44
52233,44
52234,44
52235,44
52236,44
52237,44
52238,44
52239,44
52240,44
52241,44
52242,44
52243,44
52244,44
52245,44
52246,44
52247,44
52248,44
52249,44
52250,44
52251,44
52252,44
52253,44
52254,44
52255,44
52256,44
52257,44
52258,44
52259,44
52260,44
52261,44
52262,44
52263,44
52264,44
52265,44
52266,44
52267,44
52268,44
52269,44
52270,44
52271,44
52272,44
52273,44
52274,44
52275,44
52276,44
52277,44
52278,44
52279,44
52280,44
52281,44
52282,44
52283,44
52284,44
52285,44
52286,44
52287,44
52288,44
52289,44
52290,44
52291,44
52292,44
52293,44
52294,44
52295,44
52296,44
52297,44
52298,44
52299,44
52300,44
52301,44
52302,44
52303,44
52304,44
52305,45
52306,45
52307,45
52308,45
52309,45
52310,45
52311,45
52312,45
52313,45
52314,45
52315,44
52316,44
52317,44
52318,44
52319,44
52320,44
52321,44
52322,44
52323,44
52324,44
52325,44
52326,44
52327,44
52328,44
52329,44
52330,44
52331,44
52332,44
52333,44
52334,44
52335,44
52336,44
52337,44
52338,44
52339,44
52340,44
52341,44
52342,44
52343,44
52344,44
52345,44
52346,44
52347,44
52348,44
52349,44
52350,44
52351,44
52352,44
52353,44
52354,44
52355,44
52356,44
52357,44
52358,44
52359,44
52360,44
52361,44
52362,44
52363,44
52364,44
52365,44
52366,44
52367,44
52368,44
52369,44
52370,44
52371,44
52372,44
52373,44
52374,44
52375,44
52376,44
52377,44
52378,44
52379,44
52380,44
52381,44
52382,44
52383,44
52384,44
52385,44
52386,44
52387,44
52388,44
52389,44
52390,44
52391,44
52392,44
52393,44
52394,44
52395,44
52396,44
52397,44
52398,44
52399,44
52400,44
52401,44
52402,44
52403,44
52404,44
52405,44
52406,44
52407,44
52408,44
52409,44
52410,44
52411,44
52412,44
52413,44
52414,44
52415,44
52416,44
52417,44
52418,44
52419,44
52420,44
52421,44
52422,44
52423,44
52424,44
52425,44
52426,44
52427,44
52428,44
52429,44
52430,44
52431,44
52432,44
52433,44
52434,44
52435,44
52436,44
52437,44
52438,44
52439,44
52440,44
52441,44
52442,44
52443,44
52444,44
52445,44
52446,44
52447,44
52448,44
52449,44
52450,44
52451,44
52452,44
52453,44
52454,44
52455,44
52456,44
52457,44
52458,44
52459,44
52460,44
52461,44
52462,44
52463,44
52464,44
52465,44
52466,44
52467,44
52468,44
52469,44
52470,44
52471,44
52472,44
52473,44
52474,44
52475,44
52476,44
52477,44
52478,44
52479,44
52480,44
52481,44
52482,44
52483,44
52484,44
52485,44
52486,44
52487,44
52488,44
52489,44
52490,44
52491,44
52492,44
52493,44
52494,44
52495,44
52496,44
52497,44
52498,44
52499,44
52500,44
52501,44
52502,44
52503,44
52504,44
52505,44
52506,44
52507,44
52508,44
52509,44
52510,44
52511,44
52512,44
52513,44
52514,44
52515,44
52516,44
52517,44
52518,44
52519,44
52520,44
52521,44
52522,43
52523,44
52524,44
52525,44
52526,44
52527,44
52528,43
52529,44
52530,44
52531,44
52532,44
52533,44
52534,44
52535,44
52536,44
52537,44
52538,44
52539,44
52540,44
52541,44
52542,44
52543,44
52544,44
52545,44
52546,44
52547,44
52548,44
52549,44
52550,44
52551,44
52552,44
52553,44
52554,44
52555,44
52556,44
52557,44
52558,44
52559,44
52560,44
52561,44
52562,44
52563,44
52564,44
52565,44
52566,44
52567,44
52568,44
52569,44
52570,44
52571,44
52572,44
52573,44
52574,44
52575,44
52576,44
52577,44
52578,44
52579,44
52580,44
52581,44
52582,44
52583,44
52584,44
52585,44
52586,44
52587,44
52588,44
52589,44
52590,44
52591,44
52592,44
52593,44
52594,44
52595,44
52596,44
52597,44
52598,44
52599,44
52600,44
52601,44
52602,44
52603,44
52604,44
52605,44
52606,44
52607,44
52608,44
52609,44
52610,44
52611,44
52612,44
52613,44
52614,44
52615,44
52616,44
52617,44
52618,44
52619,44
52620,44
52621,44
52622,44
52623,44
52624,44
52625,44
52626,44
52627,44
52628,44
52629,44
52630,44
52631,44
52632,44
52633,44
52634,44
52635,44
52636,44
52637,44
52638,44
52639,44
52640,44
52641,44
52642,44
52643,44
52644,44
52645,44
52646,44
52647,44
52648,44
52649,44
52650,44
52651,44
52652,44
52653,44
52654,44
52655,44
52656,44
52657,44
52658,44
52659,44
52660,44
52661,44
52662,44
52663,44
52664,44
52665,44
52666,44
52667,44
52668,44
52669,44
52670,44
52671,44
52672,44
52673,44
52674,44
52675,44
52676,44
52677,44
52678,44
52679,44
52680,44
52681,44
52682,44
52683,44
52684,44
52685,44
52686,44
52687,44
52688,44
52689,44
52690,44
52691,44
52692,44
52693,44
52694,44
52695,44
52696,44
52697,44
52698,44
52699,44
52700,44
52701,44
52702,44
52703,44
52704,44
52705,44
52706,44
52707,44
52708,44
52709,44
52710,44
52711,44
52712,44
52713,44
52714,44
52715,44
52716,44
52717,44
52718,44
52719,44
52720,44
52721,44
52722,44
52723,44
52724,44
52725,44
52726,44
52727,44
52728,44
52729,44
52730,44
52731,44
52732,44
52733,44
52734,44
52735,44
52736,44
52737,44
52738,44
52739,44
52740,44
52741,44
52742,44
52743,44
52744,44
52745,44
52746,44
52747,44
52748,44
52749,44
52750,44
52751,44
52752,44
52753,44
52754,44
52755,44
52756,44
52757,44
52758,44
52759,44
52760,44
52761,44
52762,44
52763,44
52764,44
52765,44
52766,44
52767,44
52768,44
52769,44
52770,44
52771,44
52772,44
52773,44
52774,44
52775,44
52776,44
52777,44
52778,44
52779,44
52780,44
52781,44
52782,44
52783,44
52784,44
52785,44
52786,44
52787,44
52788,44
52789,44
52790,44
52791,44
52792,44
52793,44
52794,44
52795,44
52796,44
52797,44
52798,44
52799,44
52800,44
52801,44
52802,44
52803,44
52804,44
52805,44
52806,44
52807,44
52808,44
52809,44
52810,44
52811,44
52812,44
52813,44
52814,44
52815,44
52816,44
52817,44
52818,44
52819,44
52820,44
52821,44
52822,44
52823,44
52824,44
52825,44
52826,44
52827,44
52828,44
52829,44
52830,44
52831,44
52832,44
52833,44
52834,44
52835,44
52836,44
52837,44
52838,44
52839,44
52840,44
52841,44
52842,44
52843,44
52844,44
52845,44
52846,44
52847,44
52848,44
52849,44
52850,44
52851,44
52852,44
52853,44
52854,44
52855,44
52856,44
52857,44
52858,44
52859,44
52860,44
52861,44
52862,44
52863,44
52864,44
52865,44
52866,44
52867,44
52868,44
52869,44
52870,44
52871,44
52872,44
52873,44
52874,44
52875,44
52876,44
52877,44
52878,44
52879,44
52880,44
52881,44
52882,44
52883,44
52884,44
52885,44
52886,44
52887,44
52888,44
52889,44
52890,44
52891,44
52892,44
52893,44
52894,44
52895,44
52896,44
52897,44
52898,44
52899,44
52900,44
52901,44
52902,44
52903,44
52904,44
52905,44
52906,44
52907,44
52908,44
52909,44
52910,44
52911,44
52912,44
52913,44
52914,44
52915,44
52916,44
52917,44
52918,44
52919,44
52920,44
52921,44
52922,44
52923,44
52924,44
52925,44
52926,44
52927,44
52928,44
52929,44
52930,44
52931,44
52932,44
52933,44
52934,44
52935,44
52936,44
52937,44
52938,44
52939,44
52940,44
52941,44
52942,44
52943,44
52944,44
52945,44
52946,44
52947,44
52948,44
52949,44
52950,44
52951,44
52952,44
52953,44
52954,44
52955,44
52956,44
52957,44
52958,44
52959,44
52960,44
52961,44
52962,44
52963,44
52964,44
52965,44
52966,44
52967,44
52968,44
52969,44
52970,44
52971,44
52972,44
52973,44
52974,44
52975,44
52976,44
52977,44
52978,44
52979,44
52980,44
52981,44
52982,44
52983,44
52984,44
52985,44
52986,44
52987,44
52988,44
52989,44
52990,44
52991,44
52992,44
52993,44
52994,44
52995,44
52996,44
52997,44
52998,44
52999,44
53000,44
53001,44
53002,44
53003,44
53004,44
53005,44
53006,44
53007,44
53008,44
53009,44
53010,44
53011,44
53012,44
53013,44
53014,44
53015,44
53016,44
53017,44
53018,44
53019,44
53020,44
53021,44
53022,44
53023,44
53024,44
53025,44
53026,44
53027,44
53028,44
53029,44
53030,44
53031,44
53032,44
53033,44
53034,44
53035,44
53036,44
53037,44
53038,44
53039,44
53040,44
53041,44
53042,44
53043,44
53044,44
53045,44
53046,44
53047,44
53048,44
53049,44
53050,44
53051,44
53052,44
53053,44
53054,44
53055,44
53056,44
53057,44
53058,44
53059,44
53060,44
53061,44
53062,44
53063,44
53064,44
53065,44
53066,44
53067,44
53068,44
53069,44
53070,44
53071,44
53072,44
53073,44
53074,44
53075,44
53076,44
53077,44
53078,44
53079,44
53080,44
53081,44
53082,44
53083,44
53084,44
53085,44
53086,44
53087,44
53088,44
53089,44
53090,44
53091,44
53092,44
53093,44
53094,44
53095,44
53096,44
53097,44
53098,44
53099,44
53100,44
53101,44
53102,44
53103,44
53104,44
53105,44
53106,44
53107,44
53108,44
53109,44
53110,44
53111,44
53112,44
53113,44
53114,44
53115,44
53116,44
53117,44
53118,44
53119,44
53120,44
53121,44
53122,44
53123,44
53124,44
53125,44
53126,44
53127,44
53128,44
53129,44
53130,44
53131,44
53132,44
53133,44
53134,44
53135,44
53136,44
53137,44
53138,44
53139,44
53140,44
53141,44
53142,44
53143,44
53144,44
53145,44
53146,45
53147,45
53148,45
53149,44
53150,44
53151,44
53152,45
53153,45
53154,45
53155,44
53156,44
53157,44
53158,44
53159,44
53160,44
53161,44
53162,44
53163,44
53164,44
53165,44
53166,44
53167,44
53168,44
53169,44
53170,44
53171,44
53172,44
53173,44
53174,44
53175,44
53176,44
53177,44
53178,44
53179,44
53180,44
53181,44
53182,44
53183,44
53184,44
53185,44
53186,44
53187,44
53188,44
53189,44
53190,44
53191,44
53192,44
53193,44
53194,44
53195,44
53196,44
53197,44
53198,44
53199,44
53200,44
53201,44
53202,44
53203,44
53204,44
53205,44
53206,44
53207,44
53208,44
53209,44
53210,44
53211,44
53212,44
53213,44
53214,44
53215,44
53216,44
53217,44
53218,44
53219,44
53220,44
53221,44
53222,44
53223,44
53224,44
53225,44
53226,44
53227,44
53228,44
53229,44
53230,44
53231,44
53232,44
53233,44
53234,44
53235,44
53236,44
53237,44
53238,44
53239,44
53240,44
53241,44
53242,44
53243,44
53244,44
53245,44
53246,44
53247,44
53248,44
53249,44
53250,44
53251,44
53252,44
53253,44
53254,44
53255,44
53256,44
53257,44
53258,44
53259,44
53260,44
53261,44
53262,44
53263,44
53264,44
53265,44
53266,44
53267,44
53268,44
53269,44
53270,44
53271,44
53272,44
53273,44
53274,44
53275,44
53276,44
53277,44
53278,44
53279,44
53280,44
53281,44
53282,44
53283,44
53284,44
53285,44
53286,44
53287,44
53288,44
53289,44
53290,44
53291,44
53292,44
53293,44
53294,44
53295,44
53296,44
53297,44
53298,44
53299,44
53300,44
53301,44
53302,44
53303,44
53304,44
53305,44
53306,44
53307,44
53308,44
53309,44
53310,44
53311,44
53312,44
53313,45
53314,45
53315,45
53316,45
53317,44
53318,44
53319,44
53320,45
53321,45
53322,45
53323,44
53324,44
53325,44
53326,44
53327,44
53328,44
53329,44
53330,44
53331,44
53332,44
53333,44
53334,44
53335,44
53336,44
53337,44
53338,44
53339,44
53340,44
53341,44
53342,44
53343,44
53344,44
53345,44
53346,44
53347,44
53348,44
53349,44
53350,44
53351,44
53352,44
53353,44
53354,44
53355,44
53356,44
53357,44
53358,44
53359,44
53360,44
53361,44
53362,44
53363,44
53364,44
53365,44
53366,44
53367,44
53368,44
53369,44
53370,44
53371,44
53372,44
53373,44
53374,44
53375,44
53376,44
53377,44
53378,44
53379,44
53380,44
53381,44
53382,44
53383,44
53384,44
53385,44
53386,44
53387,44
53388,44
53389,44
53390,44
53391,44
53392,44
53393,44
53394,44
53395,44
53396,44
53397,44
53398,44
53399,44
53400,44
53401,44
53402,44
53403,44
53404,44
53405,44
53406,44
53407,44
53408,44
53409,44
53410,44
53411,44
53412,44
53413,44
53414,44
53415,44
53416,44
53417,44
53418,44
53419,44
53420,44
53421,44
53422,44
53423,44
53424,44
53425,44
53426,44
53427,44
53428,44
53429,44
53430,44
53431,44
53432,44
53433,44
53434,44
53435,44
53436,44
53437,44
53438,44
53439,44
53440,44
53441,44
53442,44
53443,44
53444,44
53445,44
53446,44
53447,44
53448,44
53449,44
53450,44
53451,44
53452,44
53453,44
53454,44
53455,44
53456,44
53457,44
53458,44
53459,44
53460,44
53461,44
53462,44
53463,44
53464,44
53465,44
53466,44
53467,44
53468,44
53469,44
53470,44
53471,44
53472,44
53473,44
53474,44
53475,44
53476,44
53477,44
53478,44
53479,44
53480,44
53481,44
53482,44
53483,44
53484,44
53485,44
53486,44
53487,44
53488,44
53489,44
53490,44
53491,44
53492,44
53493,44
53494,44
53495,44
53496,44
53497,44
53498,44
53499,44
53500,44
53501,44
53502,44
53503,44
53504,44
53505,44
53506,44
53507,44
53508,44
53509,44
53510,44
53511,44
53512,44
53513,44
53514,44
53515,44
53516,44
53517,44
53518,44
53519,44
53520,44
53521,44
53522,44
53523,44
53524,44
53525,44
53526,44
53527,44
53528,44
53529,44
53530,44
53531,44
53532,44
53533,44
53534,44
53535,44
53536,44
53537,44
53538,44
53539,44
53540,44
53541,44
53542,44
53543,44
53544,44
53545,44
53546,44
53547,44
53548,44
53549,44
53550,44
53551,44
53552,44
53553,44
53554,44
53555,44
53556,44
53557,44
53558,44
53559,44
53560,44
53561,44
53562,44
53563,44
53564,44
53565,44
53566,44
53567,44
53568,44
53569,44
53570,44
53571,44
53572,44
53573,44
53574,44
53575,44
53576,44
53577,44
53578,44
53579,44
53580,44
53581,44
53582,44
53583,44
53584,44
53585,44
53586,44
53587,44
53588,44
53589,44
53590,44
53591,44
53592,44
53593,44
53594,44
53595,44
53596,44
53597,44
53598,44
53599,44
53600,44
53601,44
53602,44
53603,44
53604,44
53605,44
53606,44
53607,44
53608,44
53609,44
53610,44
53611,44
53612,44
53613,44
53614,44
53615,44
53616,44
53617,44
53618,44
53619,44
53620,44
53621,44
53622,44
53623,44
53624,44
53625,44
53626,44
53627,44
53628,44
53629,44
53630,44
53631,44
53632,44
53633,44
53634,44
53635,44
53636,44
53637,44
53638,44
53639,44
53640,44
53641,44
53642,44
53643,44
53644,44
53645,44
53646,44
53647,44
53648,44
53649,44
53650,44
53651,44
53652,44
53653,44
53654,44
53655,44
53656,44
53657,44
53658,44
53659,44
53660,44
53661,44
53662,44
53663,44
53664,44
53665,44
53666,44
53667,44
53668,44
53669,44
53670,44
53671,44
53672,44
53673,44
53674,44
53675,44
53676,44
53677,44
53678,44
53679,44
53680,44
53681,44
53682,44
53683,44
53684,44
53685,44
53686,44
53687,44
53688,44
53689,44
53690,44
53691,44
53692,44
53693,44
53694,44
53695,44
53696,44
53697,44
53698,44
53699,44
53700,44
53701,44
53702,44
53703,44
53704,44
53705,44
53706,44
53707,44
53708,44
53709,44
53710,44
53711,44
53712,44
53713,44
53714,44
53715,44
53716,44
53717,44
53718,44
53719,44
53720,44
53721,44
53722,44
53723,44
53724,44
53725,44
53726,44
53727,44
53728,44
53729,44
53730,44
53731,44
53732,44
53733,44
53734,44
53735,44
53736,44
53737,44
53738,44
53739,44
53740,44
53741,44
53742,44
53743,44
53744,44
53745,44
53746,44
53747,44
53748,44
53749,44
53750,44
53751,44
53752,44
53753,44
53754,44
53755,44
53756,44
53757,44
53758,44
53759,44
53760,44
53761,44
53762,44
53763,44
53764,44
53765,44
53766,44
53767,44
53768,44
53769,44
53770,44
53771,44
53772,44
53773,44
53774,44
53775,44
53776,44
53777,44
53778,44
53779,44
53780,44
53781,44
53782,44
53783,44
53784,44
53785,44
53786,44
53787,44
53788,44
53789,44
53790,44
53791,44
53792,44
53793,44
53794,44
53795,44
53796,44
53797,44
53798,44
53799,44
53800,44
53801,44
53802,44
53803,44
53804,44
53805,44
53806,44
53807,44
53808,44
53809,44
53810,44
53811,44
53812,44
53813,44
53814,44
53815,44
53816,44
53817,44
53818,44
53819,44
53820,44
53821,44
53822,44
53823,44
53824,44
53825,44
53826,44
53827,44
53828,44
53829,44
53830,44
53831,44
53832,44
53833,44
53834,44
53835,44
53836,44
53837,44
53838,44
53839,44
53840,44
53841,44
53842,44
53843,44
53844,44
53845,44
53846,44
53847,44
53848,44
53849,44
53850,44
53851,44
53852,44
53853,44
53854,44
53855,44
53856,44
53857,44
53858,44
53859,44
53860,44
53861,44
53862,44
53863,44
53864,44
53865,44
53866,44
53867,44
53868,44
53869,44
53870,44
53871,44
53872,44
53873,44
53874,44
53875,44
53876,44
53877,44
53878,44
53879,44
53880,44
53881,44
53882,44
53883,44
53884,44
53885,44
53886,44
53887,44
53888,44
53889,44
53890,44
53891,44
53892,44
53893,44
53894,44
53895,44
53896,44
53897,44
53898,44
53899,44
53900,44
53901,44
53902,44
53903,44
53904,44
53905,44
53906,44
53907,44
53908,44
53909,44
53910,44
53911,44
53912,44
53913,44
53914,44
53915,44
53916,44
53917,44
53918,44
53919,44
53920,44
53921,44
53922,44
53923,44
53924,44
53925,44
53926,44
53927,44
53928,44
53929,44
53930,44
53931,44
53932,44
53933,44
53934,44
53935,44
53936,44
53937,44
53938,44
53939,44
53940,44
53941,44
53942,44
53943,44
53944,44
53945,44
53946,44
53947,44
53948,44
53949,44
53950,44
53951,44
53952,44
53953,44
53954,44
53955,44
53956,44
53957,44
53958,44
53959,44
53960,44
53961,44
53962,44
53963,44
53964,44
53965,44
53966,44
53967,44
53968,44
53969,44
53970,44
53971,44
53972,44
53973,44
53974,44
53975,44
53976,44
53977,44
53978,44
53979,44
53980,44
53981,44
53982,44
53983,44
53984,44
53985,44
53986,44
53987,44
53988,44
53989,44
53990,44
53991,44
53992,44
53993,44
53994,44
53995,44
53996,44
53997,44
53998,44
53999,44
54000,44
54001,44
54002,44
54003,44
54004,44
54005,44
54006,44
54007,44
54008,44
54009,44
54010,44
54011,44
54012,44
54013,44
54014,44
54015,44
54016,44
54017,44
54018,44
54019,44
54020,44
54021,44
54022,44
54023,44
54024,44
54025,44
54026,44
54027,44
54028,44
54029,44
54030,44
54031,44
54032,44
54033,44
54034,44
54035,44
54036,44
54037,44
54038,44
54039,44
54040,44
54041,44
54042,44
54043,44
54044,44
54045,44
54046,44
54047,44
54048,44
54049,44
54050,44
54051,44
54052,44
54053,44
54054,44
54055,44
54056,44
54057,44
54058,44
54059,44
54060,44
54061,44
54062,44
54063,44
54064,44
54065,44
54066,44
54067,44
54068,44
54069,44
54070,44
54071,44
54072,44
54073,44
54074,44
54075,44
54076,44
54077,44
54078,44
54079,44
54080,44
54081,44
54082,44
54083,44
54084,44
54085,44
54086,44
54087,44
54088,44
54089,44
54090,44
54091,44
54092,44
54093,44
54094,44
54095,44
54096,44
54097,44
54098,44
54099,44
54100,44
54101,44
54102,44
54103,44
54104,44
54105,44
54106,44
54107,44
54108,44
54109,44
54110,44
54111,44
54112,44
54113,44
54114,44
54115,44
54116,44
54117,44
54118,44
54119,44
54120,44
54121,44
54122,44
54123,44
54124,44
54125,44
54126,44
54127,44
54128,44
54129,44
54130,44
54131,44
54132,44
54133,44
54134,44
54135,44
54136,44
54137,44
54138,44
54139,44
54140,44
54141,44
54142,44
54143,44
54144,44
54145,44
54146,44
54147,44
54148,44
54149,44
54150,44
54151,44
54152,44
54153,44
54154,44
54155,44
54156,44
54157,44
54158,44
54159,44
54160,44
54161,44
54162,44
54163,44
54164,44
54165,44
54166,44
54167,44
54168,44
54169,44
54170,44
54171,44
54172,44
54173,44
54174,44
54175,44
54176,44
54177,44
54178,44
54179,44
54180,44
54181,44
54182,44
54183,44
54184,44
54185,44
54186,44
54187,44
54188,44
54189,44
54190,44
54191,44
54192,44
54193,44
54194,44
54195,44
54196,44
54197,44
54198,44
54199,44
54200,44
54201,44
54202,44
54203,44
54204,44
54205,44
54206,44
54207,44
54208,44
54209,44
54210,44
54211,44
54212,44
54213,44
54214,44
54215,44
54216,44
54217,44
54218,44
54219,44
54220,44
54221,44
54222,44
54223,44
54224,44
54225,44
54226,44
54227,44
54228,44
54229,44
54230,44
54231,44
54232,44
54233,44
54234,44
54235,44
54236,44
54237,44
54238,44
54239,44
54240,44
54241,44
54242,44
54243,44
54244,44
54245,44
54246,44
54247,44
54248,44
54249,44
54250,44
54251,44
54252,44
54253,44
54254,44
54255,44
54256,44
54257,44
54258,44
54259,44
54260,44
54261,44
54262,44
54263,44
54264,44
54265,44
54266,44
54267,44
54268,44
54269,44
54270,44
54271,44
54272,43
54273,44
54274,44
54275,44
54276,44
54277,44
54278,43
54279,43
54280,44
54281,44
54282,44
54283,44
54284,44
54285,44
54286,44
54287,44
54288,44
54289,44
54290,44
54291,44
54292,44
54293,44
54294,44
54295,44
54296,44
54297,44
54298,44
54299,43
54300,43
54301,43
54302,44
54303,44
54304,44
54305,44
54306,44
54307,44
54308,44
54309,44
54310,44
54311,44
54312,44
54313,44
54314,44
54315,44
54316,44
54317,44
54318,44
54319,44
54320,44
54321,44
54322,44
54323,44
54324,44
54325,44
54326,44
54327,44
54328,44
54329,44
54330,44
54331,44
54332,44
54333,44
54334,44
54335,44
54336,44
54337,44
54338,44
54339,44
54340,44
54341,44
54342,44
54343,44
54344,44
54345,44
54346,44
54347,44
54348,44
54349,44
54350,44
54351,44
54352,44
54353,44
54354,44
54355,44
54356,44
54357,44
54358,44
54359,44
54360,44
54361,44
54362,44
54363,44
54364,44
54365,44
54366,44
54367,44
54368,44
54369,44
54370,44
54371,44
54372,44
54373,44
54374,44
54375,44
54376,44
54377,44
54378,44
54379,44
54380,44
54381,44
54382,44
54383,44
54384,44
54385,44
54386,44
54387,44
54388,44
54389,44
54390,44
54391,44
54392,44
54393,44
54394,44
54395,44
54396,44
54397,44
54398,44
54399,44
54400,44
54401,44
54402,44
54403,44
54404,44
54405,44
54406,44
54407,44
54408,44
54409,44
54410,44
54411,44
54412,44
54413,44
54414,44
54415,44
54416,44
54417,44
54418,44
54419,44
54420,44
54421,44
54422,44
54423,44
54424,44
54425,44
54426,44
54427,44
54428,44
54429,44
54430,44
54431,44
54432,44
54433,44
54434,44
54435,44
54436,44
54437,44
54438,44
54439,44
54440,44
54441,44
54442,44
54443,44
54444,44
54445,44
54446,44
54447,44
54448,44
54449,44
54450,44
54451,44
54452,44
54453,44
54454,44
54455,44
54456,44
54457,44
54458,44
54459,44
54460,44
54461,44
54462,44
54463,44
54464,44
54465,44
54466,44
54467,44
54468,44
54469,44
54470,44
54471,44
54472,44
54473,44
54474,44
54475,44
54476,44
54477,43
54478,43
54479,43
54480,43
54481,43
54482,43
54483,43
54484,43
54485,43
54486,43
54487,43
54488,43
54489,43
54490,43
54491,43
54492,43
54493,43
54494,43
54495,43
54496,43
54497,43
54498,43
54499,43
54500,43
54501,43
54502,43
54503,43
54504,43
54505,43
54506,43
54507,43
54508,43
54509,43
54510,43
54511,43
54512,43
54513,43
54514,44
54515,44
54516,44
54517,44
54518,44
54519,44
54520,44
54521,44
54522,44
54523,44
54524,44
54525,44
54526,44
54527,44
54528,44
54529,44
54530,44
54531,44
54532,44
54533,44
54534,44
54535,44
54536,44
54537,44
54538,44
54539,44
54540,44
54541,44
54542,44
54543,44
54544,44
54545,44
54546,44
54547,44
54548,44
54549,44
54550,44
54551,44
54552,44
54553,44
54554,44
54555,44
54556,44
54557,44
54558,44
54559,44
54560,44
54561,44
54562,44
54563,44
54564,44
54565,44
54566,44
54567,44
54568,44
54569,44
54570,44
54571,44
54572,44
54573,44
54574,44
54575,44
54576,44
54577,44
54578,44
54579,44
54580,44
54581,44
54582,44
54583,44
54584,44
54585,44
54586,44
54587,44
54588,44
54589,44
54590,44
54591,44
54592,44
54593,44
54594,44
54595,44
54596,44
54597,44
54598,44
54599,44
54600,44
54601,44
54602,44
54603,44
54604,44
54605,44
54606,44
54607,44
54608,44
54609,44
54610,44
54611,44
54612,44
54613,44
54614,44
54615,44
54616,44
54617,44
54618,44
54619,44
54620,44
54621,44
54622,44
54623,44
54624,44
54625,44
54626,44
54627,44
54628,44
54629,44
54630,44
54631,44
54632,44
54633,44
54634,44
54635,44
54636,44
54637,44
54638,44
54639,44
54640,44
54641,44
54642,44
54643,44
54644,44
54645,44
54646,44
54647,44
54648,44
54649,44
54650,44
54651,45
54652,45
54653,45
54654,45
54655,45
54656,45
54657,45
54658,45
54659,45
54660,45
54661,45
54662,45
54663,45
54664,45
54665,45
54666,45
54667,45
54668,45
54669,45
54670,45
54671,45
54672,45
54673,45
54674,45
54675,45
54676,45
54677,45
54678,45
54679,45
54680,45
54681,45
54682,45
54683,45
54684,45
54685,45
54686,45
54687,45
54688,45
54689,45
54690,45
54691,45
54692,44
54693,44
54694,44
54695,44
54696,44
54697,44
54698,44
54699,44
54700,44
54701,44
54702,44
54703,44
54704,44
54705,44
54706,44
54707,44
54708,44
54709,44
54710,44
54711,44
54712,44
54713,44
54714,44
54715,44
54716,44
54717,44
54718,44
54719,44
54720,44
54721,44
54722,44
54723,44
54724,44
54725,44
54726,44
54727,44
54728,45
54729,45
54730,45
54731,45
54732,45
54733,45
54734,45
54735,45
54736,45
54737,45
54738,45
54739,45
54740,45
54741,45
54742,45
54743,45
54744,45
54745,45
54746,45
54747,45
54748,45
54749,45
54750,45
54751,45
54752,44
54753,44
54754,44
54755,45
54756,45
54757,44
54758,44
54759,44
54760,44
54761,44
54762,44
54763,44
54764,44
54765,44
54766,44
54767,44
54768,44
54769,44
54770,44
54771,44
54772,44
54773,44
54774,44
54775,44
54776,44
54777,44
54778,44
54779,44
54780,44
54781,44
54782,44
54783,44
54784,44
54785,44
54786,44
54787,44
54788,44
54789,44
54790,44
54791,44
54792,44
54793,44
54794,44
54795,44
54796,44
54797,45
54798,45
54799,45
54800,45
54801,45
54802,45
54803,45
54804,45
54805,45
54806,45
54807,45
54808,45
54809,45
54810,45
54811,45
54812,45
54813,45
54814,45
54815,45
54816,45
54817,45
54818,45
54819,45
54820,45
54821,45
54822,45
54823,45
54824,45
54825,45
54826,45
54827,45
54828,45
54829,45
54830,45
54831,45
54832,45
54833,45
54834,45
54835,45
54836,45
54837,45
54838,45
54839,45
54840,45
54841,45
54842,45
54843,45
54844,45
54845,45
54846,45
54847,45
54848,45
54849,45
54850,45
54851,45
54852,45
54853,45
54854,45
54855,45
54856,45
54857,45
54858,45
54859,45
54860,45
54861,45
54862,45
54863,45
54864,45
54865,45
54866,45
54867,45
54868,45
54869,45
54870,45
54871,45
54872,45
54873,45
54874,45
54875,45
54876,45
54877,45
54878,45
54879,45
54880,45
54881,45
54882,45
54883,45
54884,45
54885,45
54886,45
54887,44
54888,44
54889,44
54890,44
54891,44
54892,44
54893,44
54894,44
54895,44
54896,44
54897,44
54898,44
54899,44
54900,44
54901,44
54902,44
54903,44
54904,44
54905,44
54906,44
54907,44
54908,44
54909,44
54910,44
54911,44
54912,44
54913,44
54914,44
54915,44
54916,44
54917,44
54918,44
54919,44
54920,44
54921,44
54922,44
54923,44
54924,44
54925,44
54926,44
54927,44
54928,44
54929,44
54930,44
54931,44
54932,44
54933,44
54934,44
54935,44
54936,44
54937,44
54938,44
54939,44
54940,44
54941,44
54942,44
54943,44
54944,44
54945,44
54946,44
54947,44
54948,44
54949,44
54950,44
54951,44
54952,44
54953,44
54954,44
54955,44
54956,44
54957,44
54958,44
54959,44
54960,44
54961,44
54962,44
54963,44
54964,44
54965,44
54966,44
54967,44
54968,44
54969,44
54970,44
54971,44
54972,44
54973,44
54974,44
54975,44
54976,44
54977,44
54978,44
54979,44
54980,44
54981,44
54982,44
54983,44
54984,44
54985,44
54986,44
54987,44
54988,44
54989,44
54990,44
54991,44
54992,44
54993,44
54994,44
54995,44
54996,44
54997,44
54998,44
54999,44
55000,44
55001,44
55002,44
55003,44
55004,44
55005,44
55006,44
55007,44
55008,44
55009,44
55010,44
55011,44
55012,44
55013,44
55014,44
55015,44
55016,44
55017,44
55018,44
55019,44
55020,44
55021,44
55022,44
55023,44
55024,44
55025,44
55026,44
55027,44
55028,44
55029,44
55030,44
55031,44
55032,44
55033,44
55034,44
55035,44
55036,44
55037,44
55038,44
55039,44
55040,44
55041,44
55042,44
55043,44
55044,44
55045,44
55046,44
55047,44
55048,44
55049,44
55050,44
55051,44
55052,44
55053,44
55054,44
55055,44
55056,44
55057,44
55058,44
55059,44
55060,44
55061,44
55062,44
55063,44
55064,44
55065,44
55066,44
55067,44
55068,44
55069,44
55070,44
55071,44
55072,44
55073,44
55074,44
55075,44
55076,44
55077,44
55078,44
55079,44
55080,44
55081,44
55082,44
55083,44
55084,44
55085,44
55086,44
55087,44
55088,44
55089,45
55090,45
55091,45
55092,45
55093,45
55094,45
55095,45
55096,45
55097,45
55098,45
55099,45
55100,45
55101,45
55102,45
55103,45
55104,45
55105,45
55106,45
55107,45
55108,45
55109,45
55110,45
55111,45
55112,45
55113,45
55114,45
55115,45
55116,45
55117,45
55118,45
55119,45
55120,45
55121,45
55122,45
55123,45
55124,44
55125,44
55126,44
55127,44
55128,44
55129,44
55130,44
55131,44
55132,44
55133,44
55134,44
55135,44
55136,44
55137,44
55138,44
55139,44
55140,44
55141,44
55142,44
55143,44
55144,44
55145,44
55146,44
55147,44
55148,44
55149,44
55150,44
55151,44
55152,44
55153,44
55154,44
55155,44
55156,44
55157,44
55158,44
55159,44
55160,44
55161,44
55162,44
55163,44
55164,44
55165,44
55166,44
55167,44
55168,44
55169,44
55170,44
55171,44
55172,44
55173,44
55174,44
55175,44
55176,44
55177,44
55178,44
55179,44
55180,44
55181,44
55182,44
55183,44
55184,44
55185,44
55186,44
55187,44
55188,44
55189,44
55190,44
55191,44
55192,44
55193,44
55194,44
55195,44
55196,44
55197,44
55198,44
55199,44
55200,44
55201,44
55202,44
55203,44
55204,44
55205,44
55206,44
55207,44
55208,44
55209,44
55210,44
55211,44
55212,44
55213,44
55214,44
55215,44
55216,44
55217,44
55218,44
55219,44
55220,44
55221,44
55222,44
55223,44
55224,44
55225,44
55226,44
55227,44
55228,44
55229,44
55230,44
55231,44
55232,44
55233,44
55234,44
55235,44
55236,44
55237,44
55238,44
55239,44
55240,44
55241,44
55242,44
55243,44
55244,44
55245,44
55246,44
55247,44
55248,44
55249,44
55250,44
55251,44
55252,44
55253,44
55254,44
55255,44
55256,44
55257,44
55258,44
55259,44
55260,44
55261,44
55262,44
55263,44
55264,44
55265,44
55266,44
55267,44
55268,44
55269,44
55270,44
55271,44
55272,44
55273,44
55274,44
55275,44
55276,44
55277,44
55278,44
55279,44
55280,44
55281,44
55282,44
55283,44
55284,44
55285,44
55286,44
55287,44
55288,44
55289,44
55290,44
55291,44
55292,44
55293,44
55294,44
55295,44
55296,44
55297,44
55298,44
55299,44
55300,44
55301,44
55302,44
55303,44
55304,44
55305,44
55306,44
55307,44
55308,44
55309,44
55310,44
55311,44
55312,44
55313,44
55314,44
55315,44
55316,44
55317,44
55318,44
55319,44
55320,44
55321,44
55322,44
55323,44
55324,44
55325,44
55326,44
55327,44
55328,44
55329,44
55330,44
55331,44
55332,44
55333,44
55334,44
55335,44
55336,44
55337,44
55338,44
55339,44
55340,44
55341,44
55342,44
55343,44
55344,44
55345,44
55346,44
55347,44
55348,44
55349,44
55350,44
55351,44
55352,44
55353,44
55354,44
55355,44
55356,44
55357,44
55358,44
55359,44
55360,44
55361,44
55362,44
55363,44
55364,44
55365,44
55366,44
55367,44
55368,44
55369,44
55370,44
55371,44
55372,44
55373,44
55374,44
55375,44
55376,44
55377,44
55378,44
55379,44
55380,44
55381,44
55382,44
55383,44
55384,44
55385,44
55386,44
55387,44
55388,44
55389,44
55390,44
55391,44
55392,44
55393,44
55394,44
55395,44
55396,44
55397,44
55398,44
55399,44
55400,44
55401,44
55402,44
55403,44
55404,44
55405,44
55406,44
55407,44
55408,44
55409,44
55410,44
55411,44
55412,44
55413,44
55414,44
55415,44
55416,44
55417,44
55418,44
55419,44
55420,44
55421,44
55422,44
55423,44
55424,44
55425,44
55426,44
55427,44
55428,44
55429,44
55430,44
55431,44
55432,44
55433,44
55434,44
55435,44
55436,44
55437,44
55438,44
55439,44
55440,44
55441,44
55442,44
55443,44
55444,44
55445,44
55446,44
55447,44
55448,44
55449,44
55450,44
55451,44
55452,44
55453,44
55454,44
55455,44
55456,44
55457,44
55458,44
55459,44
55460,44
55461,44
55462,44
55463,44
55464,44
55465,44
55466,44
55467,44
55468,44
55469,44
55470,44
55471,44
55472,44
55473,44
55474,44
55475,44
55476,44
55477,44
55478,44
55479,44
55480,44
55481,44
55482,44
55483,44
55484,44
55485,44
55486,44
55487,44
55488,44
55489,44
55490,44
55491,44
55492,44
55493,44
55494,44
55495,44
55496,44
55497,44
55498,44
55499,44
55500,44
55501,44
55502,44
55503,44
55504,44
55505,44
55506,44
55507,44
55508,44
55509,44
55510,44
55511,44
55512,44
55513,44
55514,44
55515,44
55516,44
55517,44
55518,44
55519,44
55520,44
55521,44
55522,44
55523,44
55524,44
55525,44
55526,44
55527,44
55528,44
55529,44
55530,44
55531,44
55532,44
55533,44
55534,44
55535,44
55536,44
55537,44
55538,44
55539,44
55540,44
55541,44
55542,44
55543,44
55544,44
55545,44
55546,44
55547,44
55548,44
55549,44
55550,44
55551,44
55552,44
55553,44
55554,44
55555,44
55556,44
55557,44
55558,44
55559,44
55560,44
55561,44
55562,44
55563,44
55564,44
55565,44
55566,44
55567,44
55568,44
55569,44
55570,44
55571,44
55572,44
55573,44
55574,44
55575,44
55576,44
55577,44
55578,44
55579,44
55580,44
55581,44
55582,44
55583,44
55584,44
55585,44
55586,44
55587,44
55588,44
55589,44
55590,44
55591,44
55592,44
55593,44
55594,44
55595,44
55596,44
55597,44
55598,44
55599,44
55600,44
55601,44
55602,44
55603,44
55604,44
55605,44
55606,44
55607,44
55608,44
55609,44
55610,44
55611,44
55612,44
55613,44
55614,44
55615,44
55616,44
55617,44
55618,44
55619,44
55620,44
55621,44
55622,44
55623,44
55624,44
55625,44
55626,44
55627,44
55628,44
55629,44
55630,44
55631,44
55632,44
55633,44
55634,44
55635,44
55636,44
55637,44
55638,44
55639,44
55640,44
55641,44
55642,44
55643,44
55644,44
55645,44
55646,44
55647,44
55648,44
55649,44
55650,44
55651,44
55652,44
55653,44
55654,44
55655,44
55656,44
55657,44
55658,44
55659,44
55660,44
55661,44
55662,44
55663,44
55664,44
55665,44
55666,44
55667,44
55668,44
55669,44
55670,44
55671,44
55672,44
55673,44
55674,44
55675,44
55676,44
55677,44
55678,44
55679,44
55680,44
55681,44
55682,44
55683,44
55684,44
55685,44
55686,44
55687,44
55688,44
55689,44
55690,44
55691,44
55692,44
55693,44
55694,44
55695,44
55696,44
55697,44
55698,44
55699,44
55700,44
55701,44
55702,44
55703,44
55704,44
55705,44
55706,44
55707,44
55708,44
55709,44
55710,44
55711,44
55712,44
55713,44
55714,44
55715,44
55716,44
55717,44
55718,44
55719,44
55720,44
55721,44
55722,44
55723,44
55724,44
55725,44
55726,44
55727,44
55728,44
55729,44
55730,44
55731,44
55732,44
55733,44
55734,44
55735,44
55736,44
55737,44
55738,44
55739,44
55740,44
55741,44
55742,44
55743,44
55744,44
55745,44
55746,44
55747,44
55748,44
55749,44
55750,44
55751,44
55752,44
55753,44
55754,44
55755,44
55756,44
55757,44
55758,44
55759,44
55760,44
55761,44
55762,44
55763,44
55764,44
55765,44
55766,44
55767,44
55768,44
55769,44
55770,44
55771,44
55772,44
55773,44
55774,44
55775,44
55776,44
55777,44
55778,44
55779,44
55780,44
55781,44
55782,44
55783,44
55784,44
55785,44
55786,44
55787,44
55788,44
55789,44
55790,44
55791,44
55792,44
55793,44
55794,44
55795,44
55796,44
55797,44
55798,44
55799,44
55800,44
55801,44
55802,44
55803,44
55804,44
55805,44
55806,44
55807,44
55808,44
55809,44
55810,44
55811,44
55812,44
55813,44
55814,44
55815,44
55816,44
55817,44
55818,44
55819,44
55820,44
55821,44
55822,44
55823,44
55824,44
55825,44
55826,44
55827,44
55828,44
55829,44
55830,44
55831,44
55832,44
55833,44
55834,44
55835,44
55836,44
55837,44
55838,44
55839,44
55840,44
55841,44
55842,44
55843,44
55844,44
55845,44
55846,44
55847,44
55848,44
55849,44
55850,44
55851,44
55852,44
55853,44
55854,44
55855,44
55856,44
55857,44
55858,44
55859,44
55860,44
55861,44
55862,44
55863,44
55864,44
55865,44
55866,44
55867,44
55868,44
55869,44
55870,44
55871,44
55872,44
55873,44
55874,44
55875,44
55876,44
55877,44
55878,44
55879,44
55880,44
55881,44
55882,44
55883,44
55884,44
55885,44
55886,44
55887,44
55888,44
55889,44
55890,44
55891,44
55892,44
55893,44
55894,44
55895,44
55896,44
55897,44
55898,44
55899,44
55900,44
55901,44
55902,44
55903,44
55904,44
55905,44
55906,44
55907,44
55908,44
55909,44
55910,44
55911,44
55912,44
55913,44
55914,44
55915,44
55916,44
55917,44
55918,44
55919,44
55920,44
55921,44
55922,44
55923,44
55924,44
55925,44
55926,44
55927,44
55928,44
55929,44
55930,44
55931,44
55932,44
55933,44
55934,44
55935,44
55936,44
55937,44
55938,44
55939,44
55940,44
55941,44
55942,44
55943,44
55944,44
55945,44
55946,44
55947,44
55948,44
55949,44
55950,44
55951,44
55952,44
55953,44
55954,43
55955,43
55956,44
55957,44
55958,43
55959,43
55960,43
55961,43
55962,43
55963,43
55964,43
55965,43
55966,43
55967,43
55968,43
55969,43
55970,43
55971,43
55972,43
55973,43
55974,43
55975,43
55976,43
55977,43
55978,43
55979,43
55980,43
55981,43
55982,43
55983,43
55984,43
55985,43
55986,43
55987,43
55988,43
55989,43
55990,43
55991,43
55992,43
55993,43
55994,43
55995,43
55996,44
55997,44
55998,44
55999,44
56000,44
56001,44
56002,44
56003,44
56004,44
56005,44
56006,44
56007,44
56008,44
56009,44
56010,44
56011,44
56012,44
56013,44
56014,44
56015,44
56016,44
56017,44
56018,44
56019,44
56020,44
56021,44
56022,44
56023,44
56024,44
56025,44
56026,44
56027,44
56028,44
56029,44
56030,44
56031,44
56032,44
56033,44
56034,44
56035,44
56036,44
56037,44
56038,44
56039,44
56040,44
56041,44
56042,44
56043,44
56044,44
56045,44
56046,44
56047,44
56048,44
56049,44
56050,44
56051,44
56052,44
56053,44
56054,44
56055,44
56056,44
56057,44
56058,44
56059,44
56060,44
56061,44
56062,44
56063,44
56064,44
56065,44
56066,44
56067,44
56068,44
56069,44
56070,44
56071,44
56072,44
56073,43
56074,43
56075,43
56076,43
56077,43
56078,43
56079,43
56080,43
56081,43
56082,43
56083,43
56084,43
56085,43
56086,43
56087,43
56088,43
56089,43
56090,43
56091,43
56092,43
56093,43
56094,43
56095,43
56096,43
56097,43
56098,43
56099,43
56100,43
56101,43
56102,43
56103,43
56104,43
56105,43
56106,43
56107,43
56108,43
56109,43
56110,43
56111,43
56112,43
56113,43
56114,43
56115,43
56116,43
56117,44
56118,44
56119,44
56120,43
56121,43
56122,43
56123,43
56124,44
56125,44
56126,44
56127,44
56128,44
56129,44
56130,44
56131,44
56132,44
56133,44
56134,44
56135,44
56136,44
56137,44
56138,44
56139,44
56140,44
56141,44
56142,44
56143,44
56144,44
56145,44
56146,44
56147,44
56148,44
56149,44
56150,44
56151,44
56152,44
56153,44
56154,44
56155,44
56156,44
56157,44
56158,44
56159,44
56160,44
56161,44
56162,44
56163,44
56164,44
56165,44
56166,44
56167,44
56168,44
56169,44
56170,44
56171,44
56172,44
56173,44
56174,44
56175,44
56176,44
56177,44
56178,44
56179,44
56180,44
56181,44
56182,44
56183,44
56184,44
56185,44
56186,44
56187,44
56188,44
56189,44
56190,44
56191,44
56192,44
56193,44
56194,44
56195,44
56196,44
56197,44
56198,44
56199,44
56200,44
56201,44
56202,44
56203,44
56204,44
56205,44
56206,44
56207,44
56208,44
56209,44
56210,44
56211,44
56212,44
56213,44
56214,44
56215,44
56216,44
56217,44
56218,44
56219,44
56220,44
56221,44
56222,44
56223,44
56224,44
56225,44
56226,44
56227,44
56228,44
56229,44
56230,44
56231,44
56232,44
56233,44
56234,44
56235,44
56236,44
56237,44
56238,44
56239,44
56240,44
56241,44
56242,44
56243,44
56244,44
56245,44
56246,44
56247,44
56248,44
56249,44
56250,44
56251,44
56252,44
56253,44
56254,44
56255,44
56256,44
56257,44
56258,44
56259,44
56260,44
56261,44
56262,44
56263,44
56264,44
56265,44
56266,44
56267,44
56268,44
56269,44
56270,44
56271,44
56272,44
56273,44
56274,44
56275,44
56276,44
56277,44
56278,44
56279,44
56280,44
56281,44
56282,44
56283,44
56284,44
56285,44
56286,44
56287,44
56288,44
56289,44
56290,44
56291,44
56292,44
56293,44
56294,44
56295,44
56296,44
56297,44
56298,44
56299,44
56300,44
56301,44
56302,44
56303,44
56304,44
56305,44
56306,44
56307,44
56308,44
56309,44
56310,44
56311,44
56312,44
56313,44
56314,44
56315,44
56316,44
56317,44
56318,44
56319,44
56320,44
56321,44
56322,44
56323,44
56324,44
56325,44
56326,44
56327,44
56328,44
56329,44
56330,44
56331,44
56332,44
56333,44
56334,44
56335,44
56336,44
56337,44
56338,44
56339,44
56340,44
56341,44
56342,44
56343,44
56344,44
56345,44
56346,44
56347,44
56348,44
56349,44
56350,44
56351,44
56352,44
56353,44
56354,44
56355,44
56356,43
56357,44
56358,44
56359,44
56360,44
56361,44
56362,44
56363,44
56364,44
56365,44
56366,44
56367,44
56368,43
56369,43
56370,44
56371,44
56372,44
56373,44
56374,44
56375,44
56376,44
56377,44
56378,44
56379,44
56380,44
56381,44
56382,44
56383,44
56384,44
56385,44
56386,44
56387,44
56388,44
56389,44
56390,44
56391,44
56392,44
56393,44
56394,44
56395,44
56396,44
56397,44
56398,44
56399,44
56400,44
56401,44
56402,44
56403,44
56404,44
56405,44
56406,44
56407,44
56408,44
56409,44
56410,44
56411,44
56412,44
56413,44
56414,44
56415,44
56416,44
56417,44
56418,44
56419,44
56420,44
56421,44
56422,44
56423,44
56424,44
56425,44
56426,44
56427,44
56428,44
56429,44
56430,44
56431,44
56432,44
56433,44
56434,44
56435,44
56436,44
56437,44
56438,44
56439,44
56440,44
56441,44
56442,44
56443,44
56444,44
56445,44
56446,44
56447,44
56448,44
56449,44
56450,44
56451,44
56452,44
56453,44
56454,44
56455,44
56456,44
56457,44
56458,44
56459,44
56460,44
56461,44
56462,44
56463,44
56464,44
56465,44
56466,44
56467,44
56468,44
56469,44
56470,44
56471,44
56472,44
56473,44
56474,44
56475,44
56476,44
56477,44
56478,44
56479,44
56480,44
56481,44
56482,44
56483,44
56484,44
56485,44
56486,44
56487,44
56488,44
56489,44
56490,44
56491,44
56492,44
56493,44
56494,44
56495,44
56496,44
56497,44
56498,44
56499,44
56500,44
56501,44
56502,44
56503,44
56504,44
56505,44
56506,44
56507,44
56508,44
56509,44
56510,44
56511,44
56512,44
56513,44
56514,44
56515,44
56516,44
56517,44
56518,44
56519,44
56520,44
56521,44
56522,44
56523,44
56524,44
56525,44
56526,44
56527,44
56528,44
56529,44
56530,44
56531,44
56532,44
56533,44
56534,44
56535,44
56536,44
56537,44
56538,44
56539,44
56540,44
56541,44
56542,44
56543,44
56544,44
56545,44
56546,44
56547,44
56548,44
56549,44
56550,44
56551,44
56552,44
56553,44
56554,44
56555,44
56556,44
56557,44
56558,44
56559,44
56560,44
56561,44
56562,44
56563,44
56564,44
56565,44
56566,44
56567,44
56568,44
56569,44
56570,44
56571,44
56572,44
56573,44
56574,44
56575,44
56576,44
56577,44
56578,45
56579,45
56580,45
56581,45
56582,45
56583,45
56584,45
56585,45
56586,45
56587,45
56588,45
56589,45
56590,45
56591,45
56592,45
56593,45
56594,45
56595,45
56596,45
56597,45
56598,45
56599,45
56600,45
56601,45
56602,44
56603,44
56604,44
56605,44
56606,44
56607,44
56608,44
56609,44
56610,44
56611,44
56612,44
56613,44
56614,44
56615,44
56616,44
56617,44
56618,44
56619,44
56620,44
56621,44
56622,44
56623,44
56624,44
56625,44
56626,44
56627,44
56628,44
56629,44
56630,44
56631,44
56632,44
56633,44
56634,44
56635,44
56636,44
56637,44
56638,44
56639,44
56640,44
56641,44
56642,44
56643,44
56644,44
56645,44
56646,44
56647,44
56648,44
56649,44
56650,44
56651,44
56652,44
56653,44
56654,44
56655,44
56656,44
56657,44
56658,44
56659,44
56660,44
56661,44
56662,44
56663,44
56664,44
56665,44
56666,44
56667,44
56668,44
56669,44
56670,44
56671,44
56672,44
56673,44
56674,44
56675,44
56676,44
56677,44
56678,44
56679,44
56680,44
56681,44
56682,44
56683,44
56684,44
56685,44
56686,44
56687,44
56688,44
56689,44
56690,44
56691,44
56692,44
56693,44
56694,44
56695,44
56696,44
56697,44
56698,44
56699,44
56700,44
56701,44
56702,44
56703,44
56704,44
56705,44
56706,44
56707,44
56708,44
56709,44
56710,44
56711,44
56712,44
56713,44
56714,44
56715,44
56716,44
56717,44
56718,44
56719,44
56720,44
56721,44
56722,44
56723,44
56724,44
56725,44
56726,44
56727,44
56728,44
56729,44
56730,44
56731,44
56732,44
56733,44
56734,44
56735,44
56736,44
56737,44
56738,44
56739,44
56740,44
56741,44
56742,44
56743,44
56744,44
56745,44
56746,44
56747,44
56748,44
56749,44
56750,44
56751,44
56752,44
56753,44
56754,44
56755,44
56756,44
56757,44
56758,44
56759,44
56760,44
56761,44
56762,44
56763,44
56764,44
56765,44
56766,44
56767,44
56768,44
56769,44
56770,44
56771,44
56772,44
56773,44
56774,44
56775,44
56776,44
56777,44
56778,44
56779,44
56780,44
56781,44
56782,44
56783,44
56784,44
56785,44
56786,44
56787,44
56788,44
56789,44
56790,44
56791,44
56792,44
56793,44
56794,44
56795,44
56796,44
56797,44
56798,44
56799,44
56800,44
56801,44
56802,44
56803,44
56804,44
56805,44
56806,44
56807,44
56808,44
56809,44
56810,44
56811,44
56812,44
56813,44
56814,44
56815,44
56816,44
56817,44
56818,44
56819,44
56820,44
56821,44
56822,44
56823,44
56824,44
56825,44
56826,44
56827,44
56828,44
56829,44
56830,44
56831,44
56832,44
56833,44
56834,44
56835,44
56836,44
56837,44
56838,44
56839,44
56840,44
56841,44
56842,44
56843,44
56844,44
56845,44
56846,44
56847,44
56848,44
56849,44
56850,44
56851,44
56852,44
56853,44
56854,44
56855,44
56856,44
56857,44
56858,44
56859,44
56860,44
56861,44
56862,44
56863,44
56864,44
56865,44
56866,44
56867,44
56868,44
56869,44
56870,44
56871,44
56872,44
56873,44
56874,44
56875,44
56876,44
56877,44
56878,44
56879,44
56880,44
56881,44
56882,44
56883,44
56884,44
56885,44
56886,44
56887,44
56888,44
56889,44
56890,44
56891,44
56892,44
56893,44
56894,44
56895,44
56896,44
56897,44
56898,44
56899,44
56900,44
56901,44
56902,44
56903,44
56904,44
56905,44
56906,44
56907,44
56908,44
56909,44
56910,44
56911,44
56912,44
56913,44
56914,44
56915,44
56916,44
56917,44
56918,44
56919,44
56920,44
56921,44
56922,44
56923,44
56924,44
56925,44
56926,44
56927,44
56928,44
56929,44
56930,44
56931,44
56932,44
56933,44
56934,44
56935,44
56936,44
56937,44
56938,44
56939,44
56940,44
56941,44
56942,44
56943,44
56944,45
56945,45
56946,45
56947,45
56948,45
56949,45
56950,45
56951,45
56952,45
56953,45
56954,45
56955,44
56956,44
56957,44
56958,44
56959,44
56960,44
56961,44
56962,44
56963,44
56964,44
56965,44
56966,44
56967,44
56968,44
56969,44
56970,44
56971,44
56972,44
56973,44
56974,44
56975,44
56976,44
56977,44
56978,44
56979,44
56980,44
56981,44
56982,44
56983,44
56984,44
56985,44
56986,44
56987,44
56988,44
56989,44
56990,44
56991,44
56992,44
56993,44
56994,44
56995,44
56996,44
56997,44
56998,44
56999,44
57000,44
57001,44
57002,44
57003,44
57004,44
57005,44
57006,44
57007,44
57008,44
57009,44
57010,44
57011,44
57012,44
57013,44
57014,44
57015,44
57016,44
57017,44
57018,44
57019,44
57020,44
57021,44
57022,44
57023,44
57024,44
57025,44
57026,44
57027,44
57028,44
57029,44
57030,44
57031,44
57032,44
57033,44
57034,44
57035,44
57036,44
57037,44
57038,44
57039,44
57040,44
57041,44
57042,44
57043,44
57044,44
57045,44
57046,44
57047,44
57048,44
57049,44
57050,44
57051,44
57052,44
57053,44
57054,44
57055,44
57056,44
57057,44
57058,44
57059,44
57060,44
57061,44
57062,44
57063,44
57064,44
57065,44
57066,44
57067,44
57068,44
57069,44
57070,44
57071,44
57072,44
57073,44
57074,44
57075,44
57076,44
57077,44
57078,44
57079,44
57080,44
57081,44
57082,44
57083,44
57084,44
57085,44
57086,44
57087,44
57088,44
57089,44
57090,44
57091,44
57092,44
57093,44
57094,44
57095,44
57096,44
57097,44
57098,44
57099,44
57100,44
57101,44
57102,44
57103,44
57104,44
57105,44
57106,44
57107,44
57108,44
57109,44
57110,44
57111,44
57112,44
57113,44
57114,44
57115,44
57116,44
57117,44
57118,44
57119,44
57120,44
57121,44
57122,44
57123,44
57124,44
57125,44
57126,44
57127,44
57128,44
57129,44
57130,44
57131,44
57132,44
57133,44
57134,44
57135,44
57136,44
57137,44
57138,44
57139,44
57140,44
57141,44
57142,44
57143,44
57144,44
57145,44
57146,44
57147,44
57148,44
57149,44
57150,44
57151,44
57152,44
57153,44
57154,44
57155,44
57156,44
57157,44
57158,44
57159,44
57160,44
57161,44
57162,44
57163,44
57164,44
57165,44
57166,44
57167,44
57168,44
57169,44
57170,44
57171,44
57172,44
57173,44
57174,44
57175,44
57176,44
57177,44
57178,44
57179,44
57180,44
57181,44
57182,44
57183,44
57184,44
57185,44
57186,44
57187,44
57188,44
57189,44
57190,44
57191,44
57192,44
57193,44
57194,44
57195,44
57196,44
57197,44
57198,44
57199,44
57200,44
57201,44
57202,44
57203,44
57204,44
57205,44
57206,44
57207,44
57208,44
57209,44
57210,44
57211,44
57212,44
57213,44
57214,44
57215,44
57216,44
57217,44
57218,44
57219,44
57220,44
57221,43
57222,43
57223,43
57224,44
57225,44
57226,44
57227,44
57228,44
57229,44
57230,44
57231,44
57232,44
57233,44
57234,44
57235,44
57236,44
57237,44
57238,44
57239,44
57240,44
57241,44
57242,44
57243,44
57244,44
57245,44
57246,44
57247,44
57248,44
57249,44
57250,44
57251,44
57252,44
57253,44
57254,44
57255,44
57256,44
57257,44
57258,44
57259,44
57260,44
57261,44
57262,44
57263,44
57264,44
57265,44
57266,44
57267,44
57268,44
57269,44
57270,44
57271,44
57272,44
57273,44
57274,44
57275,44
57276,44
57277,44
57278,44
57279,44
57280,44
57281,44
57282,44
57283,44
57284,44
57285,44
57286,44
57287,44
57288,44
57289,44
57290,44
57291,44
57292,44
57293,44
57294,44
57295,44
57296,44
57297,44
57298,44
57299,44
57300,44
57301,44
57302,44
57303,44
57304,44
57305,44
57306,44
57307,44
57308,44
57309,44
57310,44
57311,44
57312,44
57313,44
57314,44
57315,44
57316,44
57317,44
57318,44
57319,44
57320,44
57321,44
57322,44
57323,44
57324,44
57325,44
57326,44
57327,44
57328,44
57329,44
57330,44
57331,44
57332,44
57333,44
57334,44
57335,44
57336,44
57337,44
57338,44
57339,44
57340,44
57341,44
57342,44
57343,44
57344,44
57345,44
57346,44
57347,44
57348,44
57349,44
57350,44
57351,44
57352,44
57353,44
57354,44
57355,44
57356,44
57357,44
57358,44
57359,44
57360,44
57361,44
57362,44
57363,44
57364,44
57365,44
57366,44
57367,44
57368,44
57369,44
57370,44
57371,44
57372,44
57373,44
57374,44
57375,44
57376,44
57377,44
57378,44
57379,44
57380,44
57381,44
57382,44
57383,44
57384,44
57385,44
57386,44
57387,44
57388,44
57389,44
57390,44
57391,44
57392,44
57393,44
57394,44
57395,44
57396,44
57397,44
57398,44
57399,44
57400,44
57401,44
57402,44
57403,44
57404,44
57405,44
57406,44
57407,44
57408,44
57409,44
57410,44
57411,44
57412,44
57413,44
57414,44
57415,44
57416,44
57417,44
57418,44
57419,44
57420,44
57421,44
57422,44
57423,44
57424,44
57425,44
57426,44
57427,44
57428,44
57429,44
57430,44
57431,44
57432,44
57433,44
57434,44
57435,44
57436,44
57437,44
57438,44
57439,44
57440,44
57441,44
57442,44
57443,44
57444,44
57445,44
57446,44
57447,44
57448,44
57449,44
57450,44
57451,44
57452,44
57453,44
57454,44
57455,44
57456,44
57457,44
57458,44
57459,44
57460,44
57461,44
57462,44
57463,44
57464,44
57465,44
57466,44
57467,44
57468,44
57469,44
57470,44
57471,44
57472,44
57473,44
57474,44
57475,44
57476,44
57477,44
57478,44
57479,44
57480,44
57481,44
57482,44
57483,44
57484,44
57485,44
57486,44
57487,44
57488,44
57489,44
57490,44
57491,44
57492,44
57493,44
57494,44
57495,44
57496,44
57497,44
57498,44
57499,44
57500,44
57501,44
57502,44
57503,44
57504,44
57505,44
57506,44
57507,44
57508,44
57509,44
57510,44
57511,44
57512,44
57513,44
57514,44
57515,44
57516,44
57517,44
57518,44
57519,44
57520,44
57521,44
57522,44
57523,44
57524,44
57525,44
57526,44
57527,44
57528,44
57529,44
57530,44
57531,44
57532,44
57533,44
57534,44
57535,44
57536,44
57537,44
57538,44
57539,44
57540,44
57541,44
57542,44
57543,44
57544,44
57545,44
57546,44
57547,44
57548,44
57549,44
57550,44
57551,44
57552,44
57553,44
57554,44
57555,44
57556,44
57557,44
57558,44
57559,44
57560,44
57561,44
57562,44
57563,44
57564,44
57565,44
57566,44
57567,44
57568,44
57569,44
57570,44
57571,44
57572,44
57573,44
57574,44
57575,44
57576,44
57577,44
57578,44
57579,44
57580,44
57581,44
57582,44
57583,44
57584,44
57585,44
57586,44
57587,44
57588,44
57589,44
57590,44
57591,44
57592,44
57593,44
57594,44
57595,44
57596,44
57597,44
57598,44
57599,44
57600,44
57601,44
57602,44
57603,44
57604,44
57605,44
57606,44
57607,44
57608,44
57609,44
57610,44
57611,44
57612,44
57613,44
57614,44
57615,44
57616,44
57617,44
57618,44
57619,44
57620,44
57621,44
57622,44
57623,44
57624,44
57625,44
57626,44
57627,44
57628,44
57629,44
57630,44
57631,44
57632,44
57633,44
57634,44
57635,44
57636,44
57637,44
57638,44
57639,44
57640,44
57641,44
57642,44
57643,44
57644,44
57645,44
57646,44
57647,44
57648,44
57649,44
57650,44
57651,44
57652,44
57653,44
57654,44
57655,44
57656,44
57657,44
57658,44
57659,44
57660,44
57661,44
57662,44
57663,44
57664,44
57665,44
57666,44
57667,44
57668,44
57669,44
57670,44
57671,44
57672,44
57673,44
57674,44
57675,44
57676,44
57677,44
57678,44
57679,44
57680,44
57681,44
57682,44
57683,44
57684,44
57685,44
57686,44
57687,44
57688,44
57689,44
57690,44
57691,44
57692,44
57693,44
57694,44
57695,44
57696,44
57697,44
57698,44
57699,44
57700,44
57701,44
57702,44
57703,44
57704,44
57705,44
57706,44
57707,44
57708,44
57709,44
57710,44
57711,44
57712,44
57713,44
57714,44
57715,44
57716,44
57717,44
57718,44
57719,44
57720,44
57721,44
57722,44
57723,44
57724,44
57725,44
57726,44
57727,44
57728,44
57729,44
57730,44
57731,44
57732,44
57733,44
57734,44
57735,44
57736,44
57737,44
57738,44
57739,44
57740,44
57741,44
57742,44
57743,44
57744,44
57745,44
57746,44
57747,44
57748,44
57749,44
57750,44
57751,44
57752,44
57753,44
57754,44
57755,44
57756,44
57757,44
57758,44
57759,44
57760,44
57761,44
57762,44
57763,44
57764,44
57765,44
57766,44
57767,44
57768,44
57769,44
57770,44
57771,44
57772,44
57773,44
57774,44
57775,44
57776,44
57777,44
57778,44
57779,44
57780,44
57781,44
57782,44
57783,44
57784,44
57785,44
57786,44
57787,44
57788,44
57789,44
57790,44
57791,44
57792,44
57793,44
57794,44
57795,44
57796,44
57797,44
57798,44
57799,44
57800,44
57801,44
57802,44
57803,44
57804,44
57805,44
57806,44
57807,44
57808,44
57809,44
57810,44
57811,44
57812,44
57813,44
57814,44
57815,44
57816,44
57817,44
57818,44
57819,44
57820,44
57821,44
57822,44
57823,44
57824,44
57825,44
57826,44
57827,44
57828,44
57829,44
57830,44
57831,44
57832,44
57833,44
57834,44
57835,44
57836,44
57837,44
57838,44
57839,44
57840,44
57841,44
57842,44
57843,44
57844,44
57845,44
57846,44
57847,44
57848,44
57849,44
57850,44
57851,44
57852,44
57853,44
57854,44
57855,44
57856,44
57857,44
57858,44
57859,44
57860,44
57861,44
57862,44
57863,44
57864,44
57865,44
57866,44
57867,44
57868,44
57869,44
57870,44
57871,44
57872,44
57873,44
57874,44
57875,44
57876,44
57877,44
57878,44
57879,44
57880,44
57881,44
57882,44
57883,44
57884,44
57885,44
57886,44
57887,44
57888,44
57889,44
57890,44
57891,44
57892,44
57893,44
57894,44
57895,44
57896,44
57897,44
57898,44
57899,44
57900,44
57901,44
57902,44
57903,44
57904,44
57905,44
57906,44
57907,44
57908,44
57909,44
57910,44
57911,44
57912,44
57913,44
57914,44
57915,44
57916,44
57917,44
57918,44
57919,44
57920,44
57921,44
57922,44
57923,44
57924,44
57925,44
57926,44
57927,44
57928,44
57929,44
57930,44
57931,44
57932,44
57933,44
57934,45
57935,45
57936,45
57937,45
57938,45
57939,45
57940,45
57941,45
57942,45
57943,45
57944,45
57945,45
57946,45
57947,45
57948,45
57949,45
57950,45
57951,45
57952,45
57953,45
57954,45
57955,45
57956,45
57957,45
57958,45
57959,45
57960,45
57961,45
57962,45
57963,45
57964,45
57965,45
57966,45
57967,45
57968,45
57969,45
57970,45
57971,45
57972,45
57973,45
57974,45
57975,45
57976,45
57977,45
57978,45
57979,45
57980,45
57981,45
57982,45
57983,45
57984,45
57985,45
57986,45
57987,45
57988,45
57989,44
57990,44
57991,44
57992,44
57993,44
57994,44
57995,44
57996,44
57997,44
57998,44
57999,44
58000,44
58001,44
58002,44
58003,44
58004,44
58005,44
58006,44
58007,44
58008,44
58009,44
58010,44
58011,44
58012,44
58013,44
58014,44
58015,44
58016,44
58017,44
58018,44
58019,44
58020,44
58021,44
58022,44
58023,44
58024,44
58025,44
58026,44
58027,44
58028,44
58029,44
58030,44
58031,44
58032,44
58033,44
58034,44
58035,44
58036,44
58037,44
58038,44
58039,44
58040,44
58041,44
58042,44
58043,44
58044,44
58045,44
58046,44
58047,44
58048,44
58049,44
58050,44
58051,44
58052,44
58053,44
58054,44
58055,44
58056,44
58057,44
58058,44
58059,44
58060,44
58061,44
58062,44
58063,44
58064,44
58065,44
58066,44
58067,44
58068,44
58069,44
58070,44
58071,44
58072,44
58073,44
58074,44
58075,44
58076,44
58077,44
58078,44
58079,44
58080,44
58081,44
58082,44
58083,44
58084,44
58085,44
58086,44
58087,44
58088,44
58089,44
58090,44
58091,44
58092,44
58093,44
58094,45
58095,45
58096,45
58097,45
58098,45
58099,45
58100,45
58101,45
58102,45
58103,45
58104,45
58105,45
58106,45
58107,45
58108,45
58109,45
58110,45
58111,45
58112,45
58113,45
58114,45
58115,45
58116,45
58117,45
58118,45
58119,45
58120,45
58121,45
58122,45
58123,45
58124,45
58125,45
58126,45
58127,45
58128,45
58129,45
58130,45
58131,45
58132,45
58133,45
58134,45
58135,45
58136,45
58137,45
58138,45
58139,45
58140,45
58141,45
58142,45
58143,45
58144,45
58145,45
58146,45
58147,45
58148,45
58149,45
58150,45
58151,45
58152,45
58153,45
58154,45
58155,45
58156,44
58157,44
58158,44
58159,44
58160,44
58161,44
58162,44
58163,44
58164,44
58165,44
58166,44
58167,44
58168,44
58169,44
58170,44
58171,44
58172,44
58173,44
58174,44
58175,44
58176,44
58177,44
58178,44
58179,44
58180,44
58181,44
58182,44
58183,44
58184,44
58185,44
58186,44
58187,44
58188,44
58189,44
58190,44
58191,44
58192,44
58193,44
58194,44
58195,44
58196,44
58197,44
58198,44
58199,44
58200,44
58201,44
58202,44
58203,44
58204,44
58205,44
58206,44
58207,44
58208,44
58209,44
58210,44
58211,44
58212,44
58213,44
58214,44
58215,44
58216,44
58217,44
58218,44
58219,44
58220,44
58221,44
58222,44
58223,44
58224,44
58225,44
58226,44
58227,44
58228,44
58229,44
58230,44
58231,44
58232,44
58233,44
58234,44
58235,44
58236,44
58237,44
58238,44
58239,44
58240,44
58241,44
58242,44
58243,44
58244,44
58245,44
58246,44
58247,44
58248,44
58249,44
58250,44
58251,44
58252,44
58253,44
58254,44
58255,44
58256,44
58257,44
58258,44
58259,44
58260,44
58261,44
58262,44
58263,44
58264,44
58265,44
58266,44
58267,44
58268,44
58269,44
58270,44
58271,44
58272,44
58273,44
58274,44
58275,44
58276,44
58277,44
58278,44
58279,44
58280,44
58281,44
58282,44
58283,44
58284,44
58285,44
58286,44
58287,44
58288,44
58289,44
58290,44
58291,44
58292,44
58293,44
58294,44
58295,44
58296,44
58297,44
58298,44
58299,44
58300,44
58301,44
58302,44
58303,44
58304,44
58305,44
58306,44
58307,44
58308,44
58309,44
58310,44
58311,44
58312,44
58313,44
58314,44
58315,44
58316,44
58317,44
58318,44
58319,44
58320,44
58321,44
58322,44
58323,44
58324,44
58325,44
58326,44
58327,44
58328,44
58329,44
58330,44
58331,44
58332,44
58333,44
58334,44
58335,44
58336,44
58337,44
58338,44
58339,44
58340,44
58341,44
58342,44
58343,44
58344,44
58345,44
58346,44
58347,44
58348,44
58349,44
58350,44
58351,44
58352,44
58353,44
58354,44
58355,44
58356,44
58357,44
58358,44
58359,44
58360,44
58361,44
58362,44
58363,44
58364,44
58365,44
58366,44
58367,44
58368,44
58369,44
58370,44
58371,44
58372,44
58373,44
58374,44
58375,44
58376,44
58377,44
58378,44
58379,44
58380,44
58381,44
58382,44
58383,44
58384,44
58385,44
58386,44
58387,44
58388,44
58389,44
58390,44
58391,44
58392,44
58393,44
58394,44
58395,44
58396,44
58397,44
58398,44
58399,44
58400,44
58401,44
58402,44
58403,44
58404,44
58405,44
58406,44
58407,44
58408,44
58409,44
58410,44
58411,44
58412,44
58413,44
58414,44
58415,44
58416,44
58417,44
58418,44
58419,44
58420,44
58421,44
58422,44
58423,44
58424,44
58425,44
58426,44
58427,44
58428,44
58429,44
58430,44
58431,44
58432,44
58433,44
58434,44
58435,44
58436,44
58437,44
58438,44
58439,44
58440,44
58441,44
58442,44
58443,44
58444,44
58445,44
58446,44
58447,44
58448,44
58449,44
58450,44
58451,44
58452,44
58453,44
58454,44
58455,44
58456,44
58457,44
58458,44
58459,44
58460,44
58461,44
58462,44
58463,44
58464,44
58465,44
58466,44
58467,44
58468,44
58469,44
58470,44
58471,44
58472,44
58473,44
58474,44
58475,44
58476,44
58477,44
58478,44
58479,44
58480,44
58481,44
58482,44
58483,44
58484,44
58485,44
58486,44
58487,44
58488,44
58489,44
58490,44
58491,44
58492,44
58493,44
58494,44
58495,44
58496,44
58497,44
58498,44
58499,44
58500,44
58501,44
58502,44
58503,44
58504,44
58505,44
58506,44
58507,44
58508,44
58509,44
58510,44
58511,44
58512,44
58513,44
58514,44
58515,44
58516,44
58517,44
58518,44
58519,44
58520,44
58521,44
58522,44
58523,44
58524,44
58525,44
58526,44
58527,44
58528,44
58529,44
58530,44
58531,44
58532,44
58533,44
58534,44
58535,44
58536,44
58537,44
58538,44
58539,44
58540,44
58541,44
58542,44
58543,44
58544,44
58545,44
58546,44
58547,44
58548,44
58549,44
58550,44
58551,44
58552,44
58553,44
58554,44
58555,44
58556,44
58557,44
58558,44
58559,44
58560,44
58561,44
58562,44
58563,44
58564,44
58565,44
58566,44
58567,44
58568,44
58569,44
58570,44
58571,44
58572,44
58573,44
58574,44
58575,44
58576,44
58577,44
58578,44
58579,44
58580,44
58581,44
58582,44
58583,44
58584,44
58585,44
58586,44
58587,44
58588,44
58589,44
58590,44
58591,44
58592,44
58593,44
58594,44
58595,44
58596,44
58597,44
58598,44
58599,44
58600,44
58601,44
58602,44
58603,44
58604,44
58605,44
58606,44
58607,44
58608,44
58609,44
58610,44
58611,44
58612,44
58613,44
58614,44
58615,44
58616,44
58617,44
58618,44
58619,44
58620,44
58621,44
58622,44
58623,44
58624,44
58625,44
58626,44
58627,44
58628,44
58629,44
58630,44
58631,44
58632,44
58633,44
58634,44
58635,44
58636,44
58637,44
58638,44
58639,44
58640,44
58641,44
58642,44
58643,44
58644,44
58645,44
58646,44
58647,44
58648,44
58649,44
58650,44
58651,44
58652,44
58653,44
58654,44
58655,44
58656,44
58657,44
58658,44
58659,44
58660,44
58661,44
58662,44
58663,44
58664,44
58665,44
58666,44
58667,44
58668,44
58669,44
58670,44
58671,44
58672,44
58673,44
58674,45
58675,45
58676,45
58677,44
58678,44
58679,44
58680,44
58681,44
58682,44
58683,44
58684,44
58685,44
58686,44
58687,44
58688,44
58689,44
58690,44
58691,44
58692,44
58693,44
58694,44
58695,44
58696,44
58697,44
58698,44
58699,44
58700,44
58701,44
58702,44
58703,44
58704,44
58705,44
58706,44
58707,44
58708,44
58709,44
58710,44
58711,44
58712,44
58713,44
58714,44
58715,44
58716,44
58717,44
58718,44
58719,44
58720,44
58721,44
58722,44
58723,44
58724,44
58725,44
58726,44
58727,44
58728,44
58729,44
58730,44
58731,44
58732,44
58733,44
58734,44
58735,44
58736,44
58737,44
58738,44
58739,44
58740,44
58741,44
58742,44
58743,44
58744,44
58745,44
58746,44
58747,44
58748,44
58749,44
58750,44
58751,44
58752,44
58753,44
58754,44
58755,44
58756,44
58757,44
58758,44
58759,44
58760,44
58761,44
58762,44
58763,44
58764,44
58765,44
58766,44
58767,44
58768,44
58769,44
58770,44
58771,44
58772,44
58773,44
58774,44
58775,44
58776,44
58777,44
58778,44
58779,44
58780,44
58781,44
58782,44
58783,44
58784,44
58785,44
58786,44
58787,44
58788,44
58789,44
58790,44
58791,44
58792,44
58793,44
58794,44
58795,44
58796,44
58797,44
58798,44
58799,44
58800,44
58801,44
58802,44
58803,44
58804,44
58805,44
58806,44
58807,44
58808,44
58809,44
58810,44
58811,44
58812,44
58813,44
58814,44
58815,44
58816,44
58817,44
58818,44
58819,44
58820,44
58821,44
58822,44
58823,44
58824,44
58825,44
58826,44
58827,45
58828,45
58829,45
58830,45
58831,45
58832,44
58833,45
58834,45
58835,45
58836,45
58837,45
58838,45
58839,45
58840,45
58841,45
58842,45
58843,45
58844,45
58845,45
58846,45
58847,45
58848,45
58849,45
58850,45
58851,45
58852,45
58853,45
58854,45
58855,45
58856,45
58857,45
58858,45
58859,45
58860,45
58861,45
58862,45
58863,45
58864,45
58865,45
58866,45
58867,45
58868,45
58869,45
58870,45
58871,45
58872,45
58873,45
58874,45
58875,45
58876,45
58877,45
58878,45
58879,45
58880,45
58881,45
58882,45
58883,45
58884,45
58885,45
58886,45
58887,45
58888,45
58889,45
58890,45
58891,44
58892,44
58893,44
58894,44
58895,44
58896,44
58897,44
58898,44
58899,44
58900,44
58901,44
58902,44
58903,44
58904,44
58905,44
58906,44
58907,44
58908,44
58909,44
58910,44
58911,44
58912,44
58913,44
58914,44
58915,44
58916,44
58917,44
58918,44
58919,44
58920,44
58921,44
58922,44
58923,44
58924,44
58925,44
58926,44
58927,44
58928,44
58929,44
58930,44
58931,44
58932,44
58933,44
58934,44
58935,44
58936,44
58937,44
58938,44
58939,44
58940,45
58941,45
58942,45
58943,45
58944,45
58945,45
58946,45
58947,45
58948,45
58949,45
58950,45
58951,45
58952,45
58953,45
58954,45
58955,45
58956,45
58957,45
58958,45
58959,45
58960,45
58961,45
58962,45
58963,45
58964,45
58965,45
58966,45
58967,45
58968,45
58969,45
58970,44
58971,44
58972,44
58973,44
58974,44
58975,44
58976,44
58977,44
58978,44
58979,44
58980,44
58981,44
58982,44
58983,44
58984,44
58985,44
58986,44
58987,44
58988,44
58989,44
58990,44
58991,44
58992,44
58993,44
58994,44
58995,44
58996,44
58997,44
58998,44
58999,44
59000,44
59001,44
59002,44
59003,44
59004,44
59005,44
59006,44
59007,44
59008,44
59009,44
59010,44
59011,44
59012,44
59013,44
59014,44
59015,44
59016,44
59017,44
59018,44
59019,44
59020,44
59021,44
59022,44
59023,44
59024,44
59025,44
59026,44
59027,44
59028,44
59029,44
59030,44
59031,44
59032,44
59033,44
59034,44
59035,44
59036,44
59037,44
59038,44
59039,44
59040,44
59041,44
59042,44
59043,44
59044,44
59045,44
59046,44
59047,44
59048,44
59049,44
59050,44
59051,44
59052,44
59053,44
59054,44
59055,44
59056,44
59057,44
59058,44
59059,44
59060,44
59061,44
59062,44
59063,44
59064,44
59065,44
59066,44
59067,44
59068,44
59069,44
59070,44
59071,44
59072,44
59073,44
59074,44
59075,44
59076,44
59077,44
59078,44
59079,44
59080,44
59081,44
59082,44
59083,44
59084,44
59085,44
59086,44
59087,44
59088,44
59089,44
59090,44
59091,44
59092,44
59093,44
59094,44
59095,44
59096,44
59097,44
59098,44
59099,44
59100,44
59101,44
59102,44
59103,44
59104,44
59105,44
59106,44
59107,44
59108,44
59109,44
59110,44
59111,44
59112,44
59113,44
59114,44
59115,44
59116,44
59117,44
59118,44
59119,44
59120,44
59121,44
59122,44
59123,44
59124,44
59125,44
59126,44
59127,44
59128,44
59129,44
59130,44
59131,44
59132,44
59133,44
59134,44
59135,44
59136,44
59137,44
59138,44
59139,44
59140,44
59141,44
59142,44
59143,44
59144,44
59145,44
59146,44
59147,44
59148,44
59149,44
59150,44
59151,44
59152,44
59153,44
59154,44
59155,44
59156,44
59157,44
59158,44
59159,44
59160,45
59161,45
59162,45
59163,45
59164,45
59165,45
59166,44
59167,45
59168,45
59169,45
59170,44
59171,44
59172,44
59173,44
59174,44
59175,44
59176,44
59177,44
59178,44
59179,44
59180,44
59181,44
59182,44
59183,44
59184,44
59185,44
59186,44
59187,44
59188,44
59189,44
59190,44
59191,44
59192,44
59193,44
59194,44
59195,44
59196,44
59197,44
59198,44
59199,44
59200,44
59201,44
59202,44
59203,44
59204,44
59205,44
59206,44
59207,44
59208,44
59209,44
59210,44
59211,44
59212,44
59213,44
59214,44
59215,44
59216,44
59217,44
59218,44
59219,44
59220,44
59221,44
59222,44
59223,44
59224,44
59225,44
59226,44
59227,44
59228,44
59229,44
59230,44
59231,44
59232,44
59233,44
59234,44
59235,44
59236,44
59237,44
59238,44
59239,44
59240,44
59241,44
59242,44
59243,44
59244,44
59245,44
59246,44
59247,44
59248,44
59249,44
59250,44
59251,44
59252,44
59253,44
59254,44
59255,44
59256,44
59257,44
59258,44
59259,44
59260,44
59261,44
59262,44
59263,44
59264,44
59265,44
59266,44
59267,44
59268,44
59269,44
59270,44
59271,44
59272,44
59273,44
59274,44
59275,44
59276,44
59277,44
59278,44
59279,44
59280,44
59281,44
59282,44
59283,44
59284,44
59285,44
59286,44
59287,44
59288,44
59289,44
59290,44
59291,44
59292,44
59293,44
59294,44
59295,44
59296,44
59297,44
59298,44
59299,44
59300,44
59301,44
59302,44
59303,44
59304,44
59305,44
59306,44
59307,44
59308,44
59309,44
59310,44
59311,44
59312,44
59313,44
59314,44
59315,44
59316,44
59317,44
59318,44
59319,44
59320,44
59321,44
59322,44
59323,44
59324,44
59325,44
59326,44
59327,44
59328,44
59329,44
59330,44
59331,44
59332,44
59333,44
59334,44
59335,44
59336,44
59337,44
59338,44
59339,44
59340,44
59341,44
59342,44
59343,44
59344,44
59345,44
59346,44
59347,44
59348,44
59349,44
59350,44
59351,44
59352,44
59353,44
59354,44
59355,44
59356,44
59357,44
59358,44
59359,44
59360,44
59361,44
59362,44
59363,44
59364,44
59365,44
59366,44
59367,44
59368,44
59369,44
59370,44
59371,44
59372,44
59373,44
59374,44
59375,44
59376,44
59377,44
59378,44
59379,44
59380,44
59381,44
59382,44
59383,44
59384,44
59385,44
59386,44
59387,44
59388,44
59389,44
59390,44
59391,44
59392,44
59393,44
59394,44
59395,44
59396,44
59397,44
59398,44
59399,44
59400,44
59401,44
59402,44
59403,44
59404,44
59405,44
59406,44
59407,44
59408,44
59409,44
59410,44
59411,44
59412,44
59413,44
59414,44
59415,44
59416,44
59417,44
59418,44
59419,44
59420,44
59421,44
59422,44
59423,44
59424,44
59425,44
59426,44
59427,44
59428,44
59429,44
59430,44
59431,44
59432,44
59433,44
59434,44
59435,44
59436,44
59437,44
59438,44
59439,44
59440,44
59441,44
59442,44
59443,44
59444,44
59445,44
59446,44
59447,44
59448,44
59449,44
59450,44
59451,44
59452,44
59453,44
59454,45
59455,45
59456,45
59457,45
59458,45
59459,45
59460,45
59461,45
59462,45
59463,45
59464,45
59465,45
59466,45
59467,45
59468,45
59469,45
59470,45
59471,45
59472,45
59473,45
59474,45
59475,45
59476,45
59477,45
59478,45
59479,45
59480,45
59481,45
59482,45
59483,45
59484,45
59485,45
59486,45
59487,45
59488,45
59489,45
59490,45
59491,45
59492,45
59493,45
59494,45
59495,45
59496,45
59497,45
59498,45
59499,45
59500,45
59501,45
59502,45
59503,45
59504,45
59505,45
59506,45
59507,45
59508,45
59509,45
59510,45
59511,45
59512,45
59513,45
59514,45
59515,45
59516,45
59517,45
59518,45
59519,44
59520,44
59521,44
59522,44
59523,44
59524,44
59525,44
59526,44
59527,44
59528,44
59529,44
59530,44
59531,44
59532,44
59533,44
59534,44
59535,44
59536,44
59537,44
59538,44
59539,44
59540,44
59541,44
59542,44
59543,44
59544,44
59545,44
59546,44
59547,44
59548,44
59549,44
59550,44
59551,44
59552,44
59553,44
59554,44
59555,44
59556,44
59557,44
59558,44
59559,44
59560,44
59561,44
59562,44
59563,44
59564,44
59565,44
59566,44
59567,44
59568,44
59569,44
59570,44
59571,44
59572,44
59573,44
59574,44
59575,44
59576,44
59577,44
59578,44
59579,44
59580,44
59581,44
59582,44
59583,44
59584,44
59585,44
59586,44
59587,44
59588,44
59589,44
59590,44
59591,44
59592,44
59593,44
59594,44
59595,44
59596,44
59597,44
59598,44
59599,44
59600,44
59601,44
59602,44
59603,44
59604,44
59605,44
59606,44
59607,44
59608,44
59609,44
59610,44
59611,44
59612,44
59613,44
59614,44
59615,44
59616,44
59617,44
59618,44
59619,44
59620,44
59621,44
59622,44
59623,44
59624,44
59625,44
59626,44
59627,44
59628,44
59629,44
59630,44
59631,44
59632,44
59633,44
59634,44
59635,44
59636,44
59637,44
59638,44
59639,44
59640,44
59641,44
59642,44
59643,44
59644,44
59645,44
59646,44
59647,44
59648,44
59649,44
59650,44
59651,44
59652,44
59653,44
59654,44
59655,44
59656,44
59657,44
59658,44
59659,44
59660,44
59661,44
59662,44
59663,44
59664,44
59665,44
59666,44
59667,44
59668,44
59669,44
59670,44
59671,44
59672,44
59673,44
59674,44
59675,44
59676,44
59677,44
59678,44
59679,44
59680,44
59681,44
59682,44
59683,44
59684,44
59685,44
59686,44
59687,44
59688,44
59689,44
59690,44
59691,44
59692,44
59693,44
59694,44
59695,44
59696,44
59697,44
59698,44
59699,44
59700,44
59701,44
59702,44
59703,44
59704,44
59705,44
59706,44
59707,44
59708,44
59709,44
59710,44
59711,44
59712,44
59713,44
59714,44
59715,44
59716,44
59717,44
59718,44
59719,44
59720,44
59721,44
59722,44
59723,44
59724,44
59725,44
59726,44
59727,44
59728,44
59729,44
59730,44
59731,44
59732,44
59733,44
59734,44
59735,44
59736,44
59737,44
59738,44
59739,44
59740,44
59741,44
59742,44
59743,44
59744,44
59745,44
59746,44
59747,44
59748,44
59749,44
59750,44
59751,44
59752,44
59753,44
59754,44
59755,44
59756,44
59757,44
59758,44
59759,44
59760,44
59761,44
59762,44
59763,44
59764,44
59765,44
59766,44
59767,44
59768,44
59769,45
59770,45
59771,45
59772,45
59773,45
59774,45
59775,45
59776,45
59777,45
59778,45
59779,45
59780,45
59781,45
59782,45
59783,45
59784,45
59785,45
59786,45
59787,45
59788,45
59789,45
59790,45
59791,45
59792,45
59793,45
59794,45
59795,45
59796,45
59797,45
59798,45
59799,45
59800,45
59801,45
59802,45
59803,45
59804,45
59805,45
59806,45
59807,45
59808,45
59809,45
59810,45
59811,45
59812,45
59813,45
59814,45
59815,45
59816,45
59817,45
59818,45
59819,45
59820,45
59821,45
59822,45
59823,45
59824,45
59825,45
59826,45
59827,45
59828,45
59829,45
59830,45
59831,45
59832,45
59833,45
59834,45
59835,45
59836,45
59837,45
59838,44
59839,44
59840,44
59841,44
59842,44
59843,44
59844,44
59845,44
59846,44
59847,44
59848,44
59849,44
59850,44
59851,44
59852,44
59853,44
59854,44
59855,44
59856,44
59857,44
59858,44
59859,44
59860,44
59861,44
59862,44
59863,44
59864,44
59865,44
59866,44
59867,44
59868,44
59869,44
59870,44
59871,44
59872,44
59873,44
59874,44
59875,44
59876,44
59877,44
59878,44
59879,44
59880,44
59881,44
59882,44
59883,44
59884,44
59885,44
59886,44
59887,44
59888,44
59889,44
59890,44
59891,44
59892,44
59893,44
59894,44
59895,44
59896,44
59897,44
59898,44
59899,44
59900,44
59901,44
59902,44
59903,44
59904,44
59905,44
59906,44
59907,44
59908,44
59909,44
59910,44
59911,44
59912,44
59913,44
59914,44
59915,44
59916,44
59917,44
59918,44
59919,44
59920,44
59921,44
59922,44
59923,44
59924,44
59925,44
59926,44
59927,44
59928,44
59929,44
59930,44
59931,44
59932,44
59933,44
59934,44
59935,44
59936,44
59937,44
59938,44
59939,44
59940,44
59941,44
59942,44
59943,44
59944,44
59945,44
59946,44
59947,44
59948,44
59949,44
59950,44
59951,44
59952,44
59953,44
59954,44
59955,44
59956,44
59957,44
59958,44
59959,44
59960,44
59961,44
59962,44
59963,44
59964,44
59965,44
59966,44
59967,44
59968,44
59969,44
59970,44
59971,44
59972,44
59973,44
59974,44
59975,44
59976,44
59977,44
59978,44
59979,44
59980,44
59981,44
59982,44
59983,44
59984,44
59985,44
59986,44
59987,44
59988,44
59989,44
59990,44
59991,44
59992,44
59993,44
59994,44
59995,44
59996,45
59997,44
59998,44
59999,44
60000,44
60001,44
60002,44
60003,44
60004,44
60005,44
60006,44
60007,44
60008,44
60009,44
60010,44
60011,44
60012,44
60013,44
60014,44
60015,44
60016,45
60017,45
60018,45
60019,44
60020,44
60021,45
60022,45
60023,45
60024,45
60025,45
60026,45
60027,45
60028,45
60029,45
60030,44
60031,44
60032,44
60033,44
60034,44
60035,44
60036,44
60037,44
60038,44
60039,44
60040,44
60041,44
60042,44
60043,44
60044,44
60045,44
60046,44
60047,44
60048,44
60049,44
60050,44
60051,44
60052,44
60053,44
60054,44
60055,44
60056,44
60057,44
60058,44
60059,44
60060,44
60061,44
60062,44
60063,44
60064,44
60065,44
60066,44
60067,44
60068,44
60069,44
60070,44
60071,44
60072,44
60073,44
60074,44
60075,44
60076,44
60077,44
60078,44
60079,44
60080,44
60081,44
60082,44
60083,44
60084,44
60085,44
60086,44
60087,44
60088,44
60089,44
60090,44
60091,44
60092,44
60093,44
60094,44
60095,44
60096,44
60097,44
60098,44
60099,44
60100,44
60101,44
60102,44
60103,44
60104,44
60105,44
60106,44
60107,44
60108,44
60109,44
60110,44
60111,44
60112,44
60113,44
60114,44
60115,44
60116,44
60117,44
60118,44
60119,44
60120,44
60121,44
60122,44
60123,44
60124,44
60125,44
60126,44
60127,44
60128,44
60129,44
60130,44
60131,44
60132,44
60133,44
60134,44
60135,44
60136,45
60137,45
60138,45
60139,45
60140,45
60141,45
60142,45
60143,45
60144,45
60145,45
60146,45
60147,45
60148,45
60149,45
60150,45
60151,45
60152,45
60153,45
60154,45
60155,45
60156,45
60157,45
60158,45
60159,45
60160,45
60161,45
60162,45
60163,45
60164,45
60165,45
60166,45
60167,45
60168,45
60169,45
60170,45
60171,45
60172,44
60173,44
60174,44
60175,44
60176,44
60177,44
60178,44
60179,44
60180,44
60181,44
60182,44
60183,44
60184,44
60185,44
60186,44
60187,44
60188,44
60189,44
60190,44
60191,44
60192,44
60193,44
60194,44
60195,44
60196,44
60197,44
60198,44
60199,44
60200,44
60201,44
60202,44
60203,44
60204,44
60205,44
60206,44
60207,44
60208,44
60209,44
60210,44
60211,44
60212,44
60213,44
60214,44
60215,44
60216,44
60217,44
60218,44
60219,44
60220,44
60221,44
60222,44
60223,44
60224,44
60225,44
60226,44
60227,44
60228,44
60229,44
60230,44
60231,44
60232,44
60233,44
60234,44
60235,44
60236,44
60237,44
60238,44
60239,44
60240,44
60241,44
60242,44
60243,44
60244,44
60245,44
60246,44
60247,44
60248,44
60249,44
60250,44
60251,44
60252,44
60253,44
60254,44
60255,44
60256,44
60257,44
60258,44
60259,44
60260,44
60261,44
60262,44
60263,44
60264,44
60265,44
60266,44
60267,44
60268,44
60269,44
60270,44
60271,44
60272,44
60273,44
60274,44
60275,44
60276,44
60277,44
60278,44
60279,44
60280,44
60281,44
60282,44
60283,44
60284,44
60285,44
60286,44
60287,44
60288,44
60289,44
60290,44
60291,44
60292,44
60293,44
60294,44
60295,44
60296,44
60297,44
60298,44
60299,44
60300,44
60301,44
60302,44
60303,44
60304,44
60305,44
60306,44
60307,44
60308,44
60309,44
60310,44
60311,44
60312,44
60313,44
60314,44
60315,44
60316,44
60317,44
60318,44
60319,44
60320,44
60321,44
60322,44
60323,44
60324,44
60325,44
60326,44
60327,44
60328,44
60329,44
60330,44
60331,44
60332,44
60333,44
60334,44
60335,44
60336,44
60337,44
60338,44
60339,44
60340,44
60341,44
60342,44
60343,44
60344,44
60345,44
60346,44
60347,44
60348,44
60349,44
60350,44
60351,44
60352,44
60353,44
60354,44
60355,44
60356,44
60357,44
60358,44
60359,44
60360,44
60361,44
60362,44
60363,44
60364,44
60365,44
60366,44
60367,44
60368,44
60369,44
60370,44
60371,44
60372,44
60373,44
60374,44
60375,44
60376,44
60377,44
60378,44
60379,44
60380,44
60381,44
60382,44
60383,44
60384,44
60385,44
60386,44
60387,44
60388,44
60389,44
60390,44
60391,44
60392,44
60393,44
60394,44
60395,44
60396,44
60397,44
60398,44
60399,44
60400,44
60401,44
60402,44
60403,44
60404,44
60405,44
60406,44
60407,44
60408,44
60409,44
60410,44
60411,44
60412,44
60413,44
60414,44
60415,44
60416,44
60417,44
60418,44
60419,44
60420,44
60421,44
60422,44
60423,44
60424,44
60425,44
60426,44
60427,44
60428,44
60429,44
60430,44
60431,44
60432,44
60433,44
60434,44
60435,44
60436,44
60437,44
60438,44
60439,44
60440,44
60441,44
60442,44
60443,44
60444,44
60445,44
60446,44
60447,44
60448,44
60449,44
60450,44
60451,44
60452,44
60453,44
60454,44
60455,44
60456,44
60457,44
60458,44
60459,44
60460,44
60461,44
60462,44
60463,44
60464,44
60465,44
60466,44
60467,44
60468,44
60469,44
60470,44
60471,44
60472,44
60473,44
60474,44
60475,44
60476,44
60477,44
60478,44
60479,44
60480,44
60481,44
60482,44
60483,44
60484,44
60485,44
60486,44
60487,44
60488,44
60489,44
60490,44
60491,44
60492,44
60493,44
60494,44
60495,44
60496,44
60497,44
60498,44
60499,44
60500,44
60501,44
60502,44
60503,44
60504,44
60505,44
60506,44
60507,44
60508,44
60509,44
60510,44
60511,44
60512,44
60513,44
60514,44
60515,44
60516,44
60517,44
60518,44
60519,44
60520,44
60521,44
60522,44
60523,44
60524,44
60525,44
60526,44
60527,44
60528,44
60529,44
60530,44
60531,44
60532,44
60533,44
60534,44
60535,44
60536,44
60537,44
60538,44
60539,44
60540,44
60541,44
60542,44
60543,44
60544,44
60545,44
60546,44
60547,44
60548,44
60549,44
60550,44
60551,44
60552,44
60553,44
60554,44
60555,44
60556,44
60557,44
60558,44
60559,44
60560,44
60561,44
60562,44
60563,44
60564,44
60565,44
60566,44
60567,44
60568,44
60569,44
60570,44
60571,44
60572,44
60573,44
60574,44
60575,44
60576,44
60577,44
60578,44
60579,44
60580,44
60581,43
60582,43
60583,43
60584,43
60585,43
60586,43
60587,43
60588,43
60589,43
60590,44
60591,44
60592,44
60593,44
60594,44
60595,44
60596,44
60597,44
60598,44
60599,44
60600,44
60601,44
60602,44
60603,44
60604,44
60605,44
60606,44
60607,44
60608,44
60609,44
60610,44
60611,44
60612,44
60613,44
60614,44
60615,44
60616,44
60617,44
60618,44
60619,44
60620,44
60621,44
60622,44
60623,44
60624,44
60625,44
60626,44
60627,44
60628,44
60629,44
60630,44
60631,44
60632,44
60633,44
60634,44
60635,44
60636,44
60637,44
60638,44
60639,44
60640,44
60641,44
60642,44
60643,44
60644,44
60645,44
60646,44
60647,44
60648,44
60649,44
60650,44
60651,44
60652,44
60653,44
60654,44
60655,44
60656,44
60657,44
60658,44
60659,44
60660,44
60661,44
60662,44
60663,44
60664,44
60665,44
60666,44
60667,44
60668,44
60669,44
60670,44
60671,44
60672,44
60673,44
60674,44
60675,44
60676,44
60677,44
60678,44
60679,44
60680,44
60681,44
60682,44
60683,44
60684,44
60685,44
60686,44
60687,44
60688,44
60689,44
60690,44
60691,44
60692,44
60693,44
60694,44
60695,44
60696,44
60697,44
60698,44
60699,44
60700,44
60701,44
60702,44
60703,44
60704,44
60705,44
60706,44
60707,44
60708,44
60709,44
60710,44
60711,44
60712,44
60713,44
60714,44
60715,44
60716,44
60717,44
60718,44
60719,44
60720,44
60721,44
60722,44
60723,44
60724,44
60725,44
60726,44
60727,44
60728,44
60729,44
60730,44
60731,44
60732,44
60733,44
60734,44
60735,44
60736,44
60737,44
60738,44
60739,44
60740,44
60741,44
60742,44
60743,44
60744,44
60745,44
60746,44
60747,44
60748,44
60749,44
60750,44
60751,44
60752,44
60753,44
60754,44
60755,44
60756,44
60757,44
60758,44
60759,44
60760,44
60761,44
60762,44
60763,44
60764,44
60765,44
60766,44
60767,44
60768,44
60769,44
60770,44
60771,44
60772,44
60773,44
60774,44
60775,44
60776,44
60777,44
60778,44
60779,44
60780,44
60781,44
60782,44
60783,44
60784,44
60785,44
60786,44
60787,44
60788,44
60789,44
60790,44
60791,44
60792,44
60793,44
60794,44
60795,44
60796,44
60797,44
60798,44
60799,43
60800,43
60801,43
60802,43
60803,43
60804,43
60805,43
60806,43
60807,43
60808,43
60809,43
60810,43
60811,43
60812,43
60813,43
60814,43
60815,43
60816,43
60817,43
60818,43
60819,43
60820,43
60821,43
60822,43
60823,44
60824,44
60825,44
60826,44
60827,44
60828,44
60829,44
60830,44
60831,44
60832,44
60833,44
60834,44
60835,44
60836,44
60837,44
60838,44
60839,44
60840,44
60841,44
60842,44
60843,44
60844,44
60845,44
60846,44
60847,44
60848,44
60849,44
60850,44
60851,44
60852,44
60853,44
60854,44
60855,44
60856,44
60857,44
60858,44
60859,44
60860,44
60861,44
60862,44
60863,43
60864,43
60865,43
60866,43
60867,43
60868,43
60869,43
60870,43
60871,43
60872,43
60873,43
60874,43
60875,43
60876,43
60877,43
60878,43
60879,43
60880,43
60881,43
60882,43
60883,43
60884,43
60885,43
60886,43
60887,44
60888,44
60889,44
60890,44
60891,44
60892,44
60893,44
60894,44
60895,44
60896,44
60897,44
60898,44
60899,44
60900,44
60901,44
60902,44
60903,44
60904,44
60905,44
60906,44
60907,44
60908,44
60909,44
60910,44
60911,44
60912,44
60913,44
60914,44
60915,44
60916,44
60917,44
60918,44
60919,44
60920,44
60921,44
60922,44
60923,44
60924,44
60925,44
60926,44
60927,44
60928,44
60929,44
60930,44
60931,44
60932,44
60933,44
60934,44
60935,44
60936,44
60937,44
60938,44
60939,44
60940,44
60941,44
60942,44
60943,44
60944,44
60945,44
60946,44
60947,44
60948,44
60949,44
60950,44
60951,44
60952,44
60953,44
60954,44
60955,44
60956,44
60957,44
60958,44
60959,44
60960,44
60961,44
60962,44
60963,44
60964,44
60965,44
60966,44
60967,44
60968,44
60969,44
60970,44
60971,44
60972,44
60973,44
60974,44
60975,44
60976,44
60977,44
60978,44
60979,44
60980,44
60981,44
60982,44
60983,44
60984,44
60985,44
60986,44
60987,44
60988,44
60989,44
60990,44
60991,44
60992,44
60993,44
60994,44
60995,44
60996,44
60997,44
60998,44
60999,44
61000,44
61001,44
61002,44
61003,44
61004,44
61005,44
61006,44
61007,44
61008,44
61009,44
61010,44
61011,44
61012,44
61013,44
61014,44
61015,44
61016,44
61017,44
61018,44
61019,44
61020,44
61021,44
61022,44
61023,44
61024,44
61025,44
61026,44
61027,44
61028,44
61029,44
61030,44
61031,44
61032,44
61033,44
61034,44
61035,44
61036,44
61037,44
61038,44
61039,44
61040,44
61041,44
61042,44
61043,44
61044,44
61045,44
61046,44
61047,44
61048,44
61049,44
61050,44
61051,44
61052,44
61053,44
61054,44
61055,44
61056,44
61057,44
61058,44
61059,44
61060,44
61061,44
61062,44
61063,44
61064,44
61065,44
61066,44
61067,44
61068,44
61069,44
61070,44
61071,44
61072,44
61073,44
61074,44
61075,44
61076,44
61077,44
61078,44
61079,44
61080,44
61081,44
61082,44
61083,44
61084,44
61085,44
61086,44
61087,44
61088,44
61089,44
61090,44
61091,44
61092,44
61093,44
61094,44
61095,44
61096,44
61097,44
61098,44
61099,44
61100,44
61101,44
61102,44
61103,44
61104,44
61105,44
61106,44
61107,44
61108,44
61109,44
61110,44
61111,44
61112,44
61113,44
61114,44
61115,44
61116,44
61117,44
61118,44
61119,44
61120,44
61121,44
61122,44
61123,44
61124,44
61125,44
61126,44
61127,44
61128,44
61129,44
61130,44
61131,44
61132,44
61133,44
61134,44
61135,44
61136,44
61137,44
61138,44
61139,44
61140,44
61141,44
61142,44
61143,44
61144,44
61145,44
61146,44
61147,44
61148,44
61149,44
61150,44
61151,44
61152,44
61153,44
61154,44
61155,44
61156,44
61157,44
61158,44
61159,44
61160,44
61161,44
61162,44
61163,44
61164,44
61165,44
61166,44
61167,44
61168,44
61169,44
61170,44
61171,44
61172,44
61173,44
61174,44
61175,44
61176,44
61177,44
61178,44
61179,44
61180,44
61181,44
61182,44
61183,44
61184,44
61185,44
61186,44
61187,44
61188,44
61189,44
61190,44
61191,44
61192,44
61193,44
61194,44
61195,44
61196,44
61197,44
61198,44
61199,44
61200,44
61201,44
61202,44
61203,44
61204,44
61205,44
61206,44
61207,44
61208,44
61209,44
61210,44
61211,44
61212,44
61213,44
61214,44
61215,44
61216,44
61217,44
61218,44
61219,44
61220,44
61221,44
61222,44
61223,44
61224,44
61225,44
61226,44
61227,44
61228,44
61229,44
61230,44
61231,44
61232,44
61233,44
61234,44
61235,44
61236,44
61237,44
61238,44
61239,44
61240,44
61241,44
61242,44
61243,44
61244,44
61245,44
61246,44
61247,44
61248,44
61249,44
61250,44
61251,44
61252,44
61253,44
61254,44
61255,44
61256,44
61257,44
61258,44
61259,44
61260,44
61261,44
61262,44
61263,44
61264,44
61265,44
61266,44
61267,44
61268,44
61269,44
61270,44
61271,44
61272,44
61273,44
61274,44
61275,44
61276,44
61277,44
61278,44
61279,44
61280,44
61281,44
61282,44
61283,44
61284,44
61285,44
61286,44
61287,44
61288,44
61289,44
61290,44
61291,44
61292,44
61293,44
61294,44
61295,44
61296,44
61297,44
61298,44
61299,44
61300,44
61301,44
61302,44
61303,44
61304,44
61305,44
61306,44
61307,44
61308,44
61309,44
61310,44
61311,44
61312,44
61313,44
61314,44
61315,44
61316,44
61317,44
61318,44
61319,44
61320,44
61321,44
61322,44
61323,44
61324,44
61325,44
61326,44
61327,44
61328,44
61329,44
61330,44
61331,44
61332,44
61333,44
61334,44
61335,44
61336,44
61337,44
61338,44
61339,44
61340,44
61341,44
61342,44
61343,44
61344,44
61345,44
61346,44
61347,44
61348,44
61349,44
61350,44
61351,44
61352,44
61353,44
61354,44
61355,44
61356,44
61357,44
61358,44
61359,44
61360,44
61361,44
61362,44
61363,44
61364,44
61365,44
61366,44
61367,44
61368,44
61369,44
61370,44
61371,44
61372,44
61373,44
61374,44
61375,44
61376,44
61377,44
61378,44
61379,44
61380,44
61381,44
61382,44
61383,44
61384,44
61385,44
61386,44
61387,44
61388,44
61389,44
61390,44
61391,44
61392,44
61393,44
61394,44
61395,44
61396,44
61397,44
61398,44
61399,44
61400,44
61401,44
61402,44
61403,44
61404,44
61405,44
61406,44
61407,44
61408,44
61409,44
61410,44
61411,44
61412,44
61413,44
61414,44
61415,44
61416,44
61417,44
61418,44
61419,44
61420,44
61421,44
61422,44
61423,44
61424,44
61425,44
61426,44
61427,44
61428,44
61429,44
61430,44
61431,44
61432,44
61433,44
61434,44
61435,44
61436,44
61437,44
61438,44
61439,44
61440,44
61441,44
61442,44
61443,44
61444,44
61445,44
61446,44
61447,44
61448,44
61449,44
61450,44
61451,44
61452,44
61453,44
61454,44
61455,44
61456,44
61457,44
61458,44
61459,44
61460,44
61461,44
61462,44
61463,44
61464,44
61465,44
61466,44
61467,44
61468,44
61469,44
61470,44
61471,44
61472,44
61473,44
61474,44
61475,44
61476,44
61477,44
61478,44
61479,44
61480,44
61481,44
61482,44
61483,44
61484,44
61485,44
61486,44
61487,44
61488,44
61489,44
61490,44
61491,44
61492,44
61493,44
61494,44
61495,44
61496,44
61497,44
61498,44
61499,44
61500,44
61501,44
61502,44
61503,44
61504,44
61505,44
61506,44
61507,44
61508,44
61509,44
61510,44
61511,44
61512,44
61513,44
61514,44
61515,44
61516,44
61517,44
61518,44
61519,44
61520,44
61521,44
61522,44
61523,44
61524,44
61525,44
61526,44
61527,44
61528,44
61529,44
61530,44
61531,44
61532,44
61533,44
61534,44
61535,44
61536,44
61537,44
61538,44
61539,44
61540,44
61541,44
61542,44
61543,44
61544,44
61545,44
61546,44
61547,44
61548,44
61549,44
61550,44
61551,44
61552,44
61553,44
61554,44
61555,44
61556,44
61557,44
61558,44
61559,44
61560,44
61561,44
61562,44
61563,44
61564,44
61565,44
61566,44
61567,44
61568,44
61569,44
61570,44
61571,44
61572,43
61573,43
61574,43
61575,43
61576,43
61577,43
61578,43
61579,43
61580,43
61581,43
61582,43
61583,43
61584,43
61585,43
61586,43
61587,43
61588,43
61589,43
61590,43
61591,43
61592,43
61593,43
61594,43
61595,43
61596,43
61597,43
61598,44
61599,44
61600,43
61601,43
61602,43
61603,43
61604,44
61605,44
61606,44
61607,43
61608,43
61609,44
61610,44
61611,44
61612,44
61613,44
61614,44
61615,44
61616,44
61617,44
61618,44
61619,44
61620,44
61621,44
61622,44
61623,44
61624,44
61625,44
61626,44
61627,44
61628,44
61629,44
61630,44
61631,44
61632,44
61633,44
61634,44
61635,44
61636,44
61637,44
61638,44
61639,44
61640,44
61641,44
61642,44
61643,44
61644,44
61645,44
61646,44
61647,44
61648,44
61649,44
61650,44
61651,44
61652,44
61653,44
61654,44
61655,44
61656,44
61657,44
61658,44
61659,44
61660,44
61661,44
61662,44
61663,44
61664,44
61665,44
61666,44
61667,44
61668,44
61669,44
61670,44
61671,44
61672,44
61673,44
61674,44
61675,44
61676,44
61677,44
61678,44
61679,44
61680,44
61681,44
61682,44
61683,44
61684,44
61685,44
61686,44
61687,44
61688,44
61689,44
61690,44
61691,44
61692,44
61693,44
61694,44
61695,44
61696,44
61697,44
61698,44
61699,44
61700,44
61701,44
61702,44
61703,44
61704,44
61705,44
61706,44
61707,44
61708,44
61709,44
61710,44
61711,44
61712,44
61713,44
61714,44
61715,44
61716,44
61717,44
61718,44
61719,44
61720,44
61721,44
61722,44
61723,44
61724,44
61725,44
61726,44
61727,44
61728,44
61729,44
61730,44
61731,44
61732,44
61733,44
61734,44
61735,44
61736,44
61737,44
61738,44
61739,44
61740,44
61741,44
61742,44
61743,44
61744,44
61745,44
61746,44
61747,44
61748,44
61749,44
61750,44
61751,44
61752,44
61753,44
61754,44
61755,44
61756,44
61757,44
61758,44
61759,44
61760,44
61761,44
61762,44
61763,44
61764,44
61765,44
61766,44
61767,44
61768,44
61769,44
61770,44
61771,44
61772,44
61773,44
61774,44
61775,44
61776,44
61777,44
61778,44
61779,44
61780,44
61781,44
61782,44
61783,44
61784,44
61785,44
61786,44
61787,44
61788,44
61789,44
61790,44
61791,44
61792,44
61793,44
61794,44
61795,44
61796,44
61797,44
61798,44
61799,44
61800,44
61801,44
61802,44
61803,44
61804,44
61805,44
61806,44
61807,44
61808,44
61809,44
61810,44
61811,44
61812,44
61813,44
61814,44
61815,44
61816,44
61817,44
61818,44
61819,44
61820,44
61821,44
61822,44
61823,44
61824,44
61825,44
61826,44
61827,44
61828,44
61829,44
61830,44
61831,44
61832,44
61833,44
61834,44
61835,44
61836,44
61837,44
61838,44
61839,44
61840,44
61841,44
61842,44
61843,44
61844,44
61845,44
61846,44
61847,44
61848,44
61849,44
61850,44
61851,44
61852,44
61853,44
61854,44
61855,44
61856,44
61857,44
61858,44
61859,44
61860,44
61861,44
61862,44
61863,44
61864,44
61865,44
61866,44
61867,44
61868,44
61869,44
61870,44
61871,44
61872,44
61873,44
61874,44
61875,44
61876,44
61877,44
61878,44
61879,44
61880,44
61881,44
61882,44
61883,44
61884,44
61885,44
61886,44
61887,44
61888,44
61889,44
61890,44
61891,44
61892,44
61893,44
61894,44
61895,44
61896,44
61897,44
61898,44
61899,44
61900,44
61901,44
61902,44
61903,44
61904,44
61905,44
61906,44
61907,44
61908,44
61909,44
61910,44
61911,44
61912,44
61913,44
61914,44
61915,44
61916,44
61917,44
61918,44
61919,44
61920,44
61921,44
61922,44
61923,44
61924,44
61925,44
61926,44
61927,44
61928,44
61929,44
61930,44
61931,44
61932,44
61933,44
61934,44
61935,44
61936,44
61937,44
61938,44
61939,44
61940,44
61941,44
61942,44
61943,44
61944,44
61945,44
61946,44
61947,44
61948,44
61949,44
61950,44
61951,44
61952,44
61953,44
61954,44
61955,44
61956,44
61957,44
61958,44
61959,44
61960,44
61961,44
61962,44
61963,44
61964,44
61965,44
61966,44
61967,44
61968,44
61969,44
61970,44
61971,44
61972,44
61973,44
61974,44
61975,44
61976,44
61977,44
61978,44
61979,44
61980,44
61981,44
61982,44
61983,44
61984,44
61985,44
61986,44
61987,44
61988,44
61989,44
61990,44
61991,44
61992,44
61993,44
61994,44
61995,44
61996,44
61997,44
61998,44
61999,44
62000,44
62001,44
62002,44
62003,44
62004,44
62005,44
62006,44
62007,44
62008,44
62009,44
62010,44
62011,44
62012,44
62013,44
62014,44
62015,44
62016,44
62017,44
62018,44
62019,44
62020,44
62021,44
62022,44
62023,44
62024,44
62025,44
62026,44
62027,44
62028,44
62029,44
62030,44
62031,44
62032,44
62033,44
62034,44
62035,44
62036,44
62037,44
62038,44
62039,44
62040,44
62041,44
62042,44
62043,44
62044,44
62045,44
62046,44
62047,44
62048,44
62049,44
62050,44
62051,44
62052,44
62053,44
62054,44
62055,44
62056,44
62057,44
62058,44
62059,44
62060,44
62061,44
62062,44
62063,44
62064,44
62065,44
62066,44
62067,44
62068,44
62069,44
62070,44
62071,44
62072,44
62073,44
62074,44
62075,44
62076,44
62077,44
62078,44
62079,44
62080,44
62081,44
62082,44
62083,44
62084,44
62085,44
62086,44
62087,44
62088,44
62089,44
62090,44
62091,44
62092,44
62093,44
62094,44
62095,44
62096,44
62097,44
62098,44
62099,44
62100,44
62101,44
62102,44
62103,44
62104,44
62105,44
62106,44
62107,44
62108,44
62109,44
62110,44
62111,44
62112,44
62113,44
62114,44
62115,44
62116,44
62117,44
62118,44
62119,44
62120,44
62121,44
62122,44
62123,44
62124,44
62125,44
62126,44
62127,44
62128,44
62129,44
62130,44
62131,44
62132,44
62133,44
62134,44
62135,44
62136,44
62137,44
62138,44
62139,44
62140,44
62141,44
62142,44
62143,44
62144,44
62145,44
62146,44
62147,44
62148,44
62149,43
62150,43
62151,43
62152,43
62153,43
62154,43
62155,43
62156,43
62157,43
62158,43
62159,43
62160,43
62161,43
62162,43
62163,43
62164,43
62165,43
62166,43
62167,43
62168,43
62169,43
62170,43
62171,43
62172,43
62173,43
62174,43
62175,43
62176,43
62177,43
62178,43
62179,43
62180,43
62181,43
62182,43
62183,43
62184,44
62185,44
62186,44
62187,44
62188,44
62189,44
62190,44
62191,44
62192,44
62193,44
62194,44
62195,44
62196,44
62197,44
62198,44
62199,44
62200,44
62201,44
62202,44
62203,44
62204,44
62205,44
62206,44
62207,44
62208,44
62209,44
62210,44
62211,44
62212,44
62213,44
62214,44
62215,44
62216,44
62217,44
62218,44
62219,44
62220,44
62221,44
62222,44
62223,44
62224,44
62225,44
62226,44
62227,44
62228,44
62229,44
62230,44
62231,44
62232,44
62233,44
62234,44
62235,44
62236,44
62237,44
62238,44
62239,44
62240,44
62241,44
62242,44
62243,44
62244,44
62245,44
62246,44
62247,44
62248,44
62249,44
62250,44
62251,44
62252,44
62253,44
62254,44
62255,44
62256,44
62257,44
62258,44
62259,44
62260,44
62261,44
62262,44
62263,44
62264,44
62265,44
62266,44
62267,44
62268,44
62269,44
62270,44
62271,44
62272,44
62273,44
62274,44
62275,44
62276,44
62277,44
62278,44
62279,44
62280,44
62281,44
62282,44
62283,44
62284,44
62285,44
62286,44
62287,44
62288,44
62289,44
62290,44
62291,44
62292,44
62293,44
62294,44
62295,44
62296,44
62297,44
62298,44
62299,44
62300,44
62301,44
62302,44
62303,44
62304,44
62305,44
62306,44
62307,44
62308,44
62309,44
62310,44
62311,44
62312,44
62313,44
62314,44
62315,44
62316,44
62317,44
62318,44
62319,44
62320,44
62321,44
62322,44
62323,44
62324,45
62325,45
62326,45
62327,45
62328,45
62329,45
62330,45
62331,45
62332,45
62333,45
62334,45
62335,45
62336,45
62337,45
62338,45
62339,45
62340,45
62341,45
62342,45
62343,45
62344,45
62345,45
62346,45
62347,45
62348,45
62349,45
62350,45
62351,45
62352,45
62353,45
62354,45
62355,45
62356,45
62357,45
62358,45
62359,45
62360,45
62361,45
62362,45
62363,45
62364,45
62365,44
62366,44
62367,44
62368,44
62369,44
62370,44
62371,44
62372,44
62373,44
62374,44
62375,44
62376,44
62377,44
62378,44
62379,44
62380,44
62381,44
62382,44
62383,44
62384,44
62385,44
62386,44
62387,44
62388,44
62389,44
62390,44
62391,44
62392,44
62393,44
62394,44
62395,44
62396,44
62397,44
62398,44
62399,44
62400,44
62401,44
62402,44
62403,44
62404,44
62405,44
62406,44
62407,44
62408,44
62409,44
62410,44
62411,44
62412,44
62413,44
62414,44
62415,44
62416,44
62417,44
62418,44
62419,44
62420,44
62421,44
62422,44
62423,44
62424,44
62425,44
62426,44
62427,44
62428,44
62429,44
62430,44
62431,44
62432,44
62433,44
62434,44
62435,44
62436,44
62437,44
62438,44
62439,44
62440,44
62441,44
62442,44
62443,44
62444,44
62445,44
62446,44
62447,44
62448,44
62449,44
62450,44
62451,44
62452,45
62453,45
62454,45
62455,44
62456,44
62457,44
62458,44
62459,44
62460,44
62461,44
62462,44
62463,44
62464,44
62465,45
62466,45
62467,44
62468,44
62469,44
62470,44
62471,45
62472,45
62473,44
62474,44
62475,44
62476,44
62477,44
62478,44
62479,44
62480,44
62481,44
62482,44
62483,44
62484,44
62485,44
62486,44
62487,44
62488,44
62489,44
62490,44
62491,44
62492,44
62493,44
62494,44
62495,44
62496,44
62497,44
62498,44
62499,44
62500,44
62501,44
62502,44
62503,44
62504,44
62505,44
62506,44
62507,44
62508,44
62509,44
62510,44
62511,44
62512,44
62513,44
62514,44
62515,44
62516,44
62517,44
62518,44
62519,44
62520,44
62521,44
62522,44
62523,44
62524,44
62525,44
62526,44
62527,44
62528,44
62529,44
62530,44
62531,44
62532,44
62533,44
62534,44
62535,44
62536,44
62537,44
62538,44
62539,44
62540,44
62541,44
62542,44
62543,44
62544,44
62545,44
62546,44
62547,44
62548,44
62549,44
62550,44
62551,44
62552,44
62553,44
62554,44
62555,44
62556,44
62557,44
62558,44
62559,44
62560,44
62561,44
62562,44
62563,44
62564,44
62565,44
62566,44
62567,44
62568,44
62569,44
62570,44
62571,44
62572,44
62573,44
62574,44
62575,44
62576,44
62577,44
62578,44
62579,44
62580,44
62581,44
62582,44
62583,44
62584,44
62585,44
62586,44
62587,44
62588,44
62589,44
62590,44
62591,44
62592,44
62593,44
62594,44
62595,44
62596,44
62597,44
62598,44
62599,44
62600,44
62601,44
62602,44
62603,44
62604,44
62605,44
62606,44
62607,44
62608,44
62609,44
62610,44
62611,44
62612,44
62613,44
62614,44
62615,44
62616,44
62617,44
62618,44
62619,44
62620,44
62621,44
62622,44
62623,44
62624,44
62625,44
62626,44
62627,44
62628,44
62629,44
62630,44
62631,44
62632,44
62633,44
62634,44
62635,44
62636,44
62637,44
62638,44
62639,44
62640,44
62641,44
62642,44
62643,44
62644,44
62645,44
62646,44
62647,44
62648,44
62649,44
62650,44
62651,44
62652,44
62653,44
62654,44
62655,44
62656,44
62657,44
62658,44
62659,44
62660,44
62661,44
62662,44
62663,44
62664,44
62665,44
62666,44
62667,44
62668,44
62669,44
62670,44
62671,44
62672,44
62673,44
62674,44
62675,44
62676,44
62677,44
62678,44
62679,44
62680,44
62681,44
62682,44
62683,44
62684,44
62685,44
62686,44
62687,44
62688,44
62689,44
62690,44
62691,44
62692,44
62693,44
62694,44
62695,44
62696,44
62697,44
62698,44
62699,44
62700,44
62701,44
62702,44
62703,44
62704,44
62705,44
62706,44
62707,44
62708,44
62709,44
62710,44
62711,44
62712,44
62713,44
62714,44
62715,44
62716,44
62717,44
62718,44
62719,44
62720,44
62721,44
62722,44
62723,44
62724,44
62725,44
62726,44
62727,44
62728,44
62729,44
62730,44
62731,44
62732,44
62733,44
62734,44
62735,44
62736,44
62737,44
62738,44
62739,44
62740,44
62741,44
62742,44
62743,44
62744,44
62745,44
62746,44
62747,44
62748,44
62749,44
62750,44
62751,44
62752,44
62753,44
62754,44
62755,44
62756,44
62757,44
62758,44
62759,44
62760,44
62761,44
62762,44
62763,44
62764,44
62765,44
62766,44
62767,44
62768,44
62769,44
62770,44
62771,44
62772,44
62773,44
62774,44
62775,44
62776,44
62777,44
62778,44
62779,44
62780,44
62781,44
62782,44
62783,44
62784,44
62785,44
62786,44
62787,44
62788,44
62789,44
62790,44
62791,44
62792,44
62793,44
62794,44
62795,44
62796,44
62797,44
62798,44
62799,44
62800,44
62801,44
62802,44
62803,44
62804,44
62805,44
62806,44
62807,44
62808,44
62809,44
62810,44
62811,44
62812,44
62813,44
62814,44
62815,44
62816,44
62817,44
62818,44
62819,44
62820,44
62821,44
62822,44
62823,44
62824,44
62825,44
62826,44
62827,44
62828,44
62829,44
62830,44
62831,44
62832,44
62833,44
62834,44
62835,44
62836,44
62837,44
62838,44
62839,44
62840,44
62841,44
62842,44
62843,44
62844,44
62845,44
62846,44
62847,44
62848,44
62849,44
62850,44
62851,44
62852,44
62853,44
62854,44
62855,44
62856,44
62857,44
62858,44
62859,44
62860,44
62861,44
62862,44
62863,44
62864,44
62865,44
62866,44
62867,44
62868,44
62869,44
62870,44
62871,44
62872,44
62873,44
62874,44
62875,44
62876,44
62877,44
62878,44
62879,44
62880,44
62881,44
62882,44
62883,44
62884,44
62885,44
62886,44
62887,44
62888,44
62889,44
62890,44
62891,44
62892,44
62893,44
62894,44
62895,44
62896,44
62897,44
62898,44
62899,44
62900,44
62901,44
62902,44
62903,44
62904,44
62905,44
62906,44
62907,44
62908,44
62909,44
62910,44
62911,44
62912,44
62913,44
62914,44
62915,44
62916,44
62917,44
62918,45
62919,45
62920,45
62921,45
62922,44
62923,45
62924,45
62925,45
62926,45
62927,44
62928,44
62929,44
62930,44
62931,44
62932,44
62933,44
62934,44
62935,44
62936,44
62937,44
62938,44
62939,44
62940,44
62941,44
62942,44
62943,44
62944,44
62945,44
62946,44
62947,44
62948,44
62949,44
62950,44
62951,44
62952,44
62953,44
62954,44
62955,44
62956,44
62957,44
62958,44
62959,44
62960,44
62961,44
62962,44
62963,44
62964,44
62965,44
62966,44
62967,44
62968,44
62969,44
62970,44
62971,44
62972,44
62973,44
62974,44
62975,44
62976,44
62977,44
62978,44
62979,44
62980,44
62981,44
62982,44
62983,44
62984,44
62985,44
62986,44
62987,44
62988,44
62989,44
62990,44
62991,44
62992,44
62993,44
62994,44
62995,44
62996,44
62997,44
62998,44
62999,44
63000,44
63001,44
63002,44
63003,44
63004,44
63005,44
63006,44
63007,44
63008,44
63009,44
63010,44
63011,44
63012,44
63013,44
63014,44
63015,44
63016,44
63017,44
63018,44
63019,44
63020,44
63021,44
63022,44
63023,44
63024,44
63025,44
63026,44
63027,44
63028,44
63029,44
63030,44
63031,44
63032,44
63033,44
63034,44
63035,44
63036,44
63037,44
63038,44
63039,44
63040,44
63041,44
63042,44
63043,44
63044,44
63045,44
63046,44
63047,44
63048,44
63049,44
63050,44
63051,44
63052,44
63053,44
63054,44
63055,44
63056,44
63057,44
63058,44
63059,44
63060,44
63061,44
63062,44
63063,44
63064,44
63065,44
63066,44
63067,44
63068,44
63069,44
63070,44
63071,44
63072,44
63073,44
63074,44
63075,44
63076,44
63077,44
63078,44
63079,44
63080,44
63081,44
63082,44
63083,44
63084,44
63085,44
63086,44
63087,44
63088,44
63089,44
63090,44
63091,44
63092,44
63093,44
63094,44
63095,44
63096,44
63097,44
63098,44
63099,44
63100,44
63101,44
63102,44
63103,44
63104,44
63105,44
63106,44
63107,44
63108,44
63109,44
63110,44
63111,44
63112,44
63113,44
63114,44
63115,44
63116,44
63117,44
63118,44
63119,44
63120,44
63121,44
63122,44
63123,44
63124,44
63125,44
63126,44
63127,44
63128,44
63129,44
63130,44
63131,44
63132,44
63133,44
63134,44
63135,44
63136,44
63137,44
63138,44
63139,44
63140,44
63141,44
63142,44
63143,44
63144,44
63145,44
63146,44
63147,44
63148,44
63149,44
63150,44
63151,44
63152,44
63153,44
63154,44
63155,44
63156,44
63157,44
63158,44
63159,44
63160,44
63161,44
63162,44
63163,44
63164,44
63165,44
63166,44
63167,44
63168,44
63169,44
63170,44
63171,44
63172,44
63173,44
63174,44
63175,44
63176,44
63177,44
63178,44
63179,44
63180,44
63181,44
63182,44
63183,44
63184,44
63185,44
63186,44
63187,44
63188,44
63189,43
63190,43
63191,43
63192,43
63193,43
63194,43
63195,43
63196,43
63197,43
63198,43
63199,43
63200,43
63201,43
63202,43
63203,43
63204,43
63205,43
63206,44
63207,44
63208,44
63209,44
63210,44
63211,44
63212,44
63213,44
63214,44
63215,44
63216,44
63217,44
63218,44
63219,44
63220,44
63221,44
63222,44
63223,44
63224,44
63225,44
63226,44
63227,44
63228,44
63229,44
63230,44
63231,44
63232,44
63233,44
63234,44
63235,44
63236,44
63237,44
63238,44
63239,44
63240,44
63241,44
63242,44
63243,44
63244,44
63245,44
63246,44
63247,44
63248,44
63249,44
63250,44
63251,44
63252,44
63253,44
63254,44
63255,44
63256,44
63257,44
63258,44
63259,44
63260,44
63261,44
63262,44
63263,44
63264,44
63265,44
63266,44
63267,44
63268,44
63269,44
63270,44
63271,44
63272,44
63273,44
63274,44
63275,44
63276,44
63277,44
63278,44
63279,44
63280,44
63281,44
63282,44
63283,44
63284,44
63285,44
63286,44
63287,44
63288,44
63289,44
63290,44
63291,44
63292,44
63293,44
63294,44
63295,44
63296,44
63297,44
63298,44
63299,44
63300,44
63301,44
63302,44
63303,44
63304,44
63305,44
63306,45
63307,45
63308,45
63309,45
63310,45
63311,45
63312,45
63313,45
63314,45
63315,45
63316,45
63317,45
63318,45
63319,45
63320,45
63321,45
63322,45
63323,45
63324,44
63325,45
63326,45
63327,45
63328,45
63329,45
63330,45
63331,45
63332,45
63333,45
63334,45
63335,45
63336,45
63337,45
63338,45
63339,45
63340,45
63341,45
63342,45
63343,45
63344,45
63345,45
63346,45
63347,45
63348,45
63349,45
63350,44
63351,44
63352,45
63353,45
63354,45
63355,44
63356,44
63357,44
63358,44
63359,44
63360,44
63361,44
63362,44
63363,44
63364,45
63365,45
63366,45
63367,45
63368,45
63369,45
63370,45
63371,45
63372,45
63373,45
63374,45
63375,45
63376,45
63377,45
63378,45
63379,45
63380,45
63381,45
63382,45
63383,45
63384,45
63385,45
63386,45
63387,45
63388,45
63389,45
63390,45
63391,45
63392,45
63393,45
63394,45
63395,45
63396,45
63397,45
63398,45
63399,45
63400,45
63401,45
63402,45
63403,45
63404,45
63405,45
63406,45
63407,45
63408,45
63409,45
63410,45
63411,45
63412,45
63413,45
63414,45
63415,45
63416,45
63417,45
63418,45
63419,45
63420,45
63421,45
63422,45
63423,45
63424,45
63425,45
63426,45
63427,45
63428,45
63429,45
63430,44
63431,44
63432,44
63433,44
63434,44
63435,44
63436,44
63437,44
63438,44
63439,44
63440,44
63441,44
63442,44
63443,44
63444,44
63445,44
63446,44
63447,44
63448,44
63449,44
63450,44
63451,44
63452,45
63453,45
63454,45
63455,45
63456,45
63457,45
63458,45
63459,45
63460,45
63461,45
63462,45
63463,45
63464,45
63465,45
63466,45
63467,45
63468,45
63469,45
63470,45
63471,45
63472,45
63473,45
63474,45
63475,45
63476,45
63477,45
63478,45
63479,45
63480,45
63481,45
63482,45
63483,45
63484,45
63485,45
63486,45
63487,45
63488,45
63489,45
63490,45
63491,45
63492,45
63493,45
63494,45
63495,45
63496,45
63497,45
63498,45
63499,45
63500,45
63501,45
63502,45
63503,45
63504,45
63505,45
63506,45
63507,45
63508,45
63509,44
63510,44
63511,44
63512,44
63513,44
63514,44
63515,44
63516,44
63517,44
63518,44
63519,44
63520,44
63521,44
63522,44
63523,44
63524,44
63525,44
63526,44
63527,44
63528,44
63529,44
63530,44
63531,44
63532,44
63533,44
63534,44
63535,44
63536,44
63537,44
63538,44
63539,44
63540,44
63541,44
63542,44
63543,44
63544,44
63545,44
63546,44
63547,44
63548,44
63549,44
63550,44
63551,44
63552,44
63553,44
63554,44
63555,44
63556,44
63557,44
63558,44
63559,44
63560,44
63561,44
63562,44
63563,44
63564,44
63565,44
63566,44
63567,44
63568,44
63569,44
63570,44
63571,44
63572,44
63573,44
63574,44
63575,44
63576,44
63577,44
63578,44
63579,44
63580,44
63581,44
63582,44
63583,44
63584,44
63585,44
63586,44
63587,45
63588,45
63589,45
63590,45
63591,45
63592,45
63593,45
63594,45
63595,45
63596,45
63597,45
63598,45
63599,45
63600,45
63601,45
63602,45
63603,45
63604,45
63605,45
63606,45
63607,45
63608,45
63609,45
63610,45
63611,45
63612,45
63613,45
63614,45
63615,45
63616,45
63617,45
63618,45
63619,45
63620,45
63621,45
63622,45
63623,44
63624,44
63625,44
63626,44
63627,44
63628,44
63629,44
63630,44
63631,44
63632,44
63633,44
63634,44
63635,44
63636,44
63637,44
63638,44
63639,44
63640,44
63641,44
63642,44
63643,44
63644,44
63645,44
63646,44
63647,44
63648,44
63649,44
63650,44
63651,44
63652,44
63653,44
63654,44
63655,44
63656,44
63657,44
63658,44
63659,44
63660,44
63661,44
63662,44
63663,44
63664,44
63665,44
63666,44
63667,44
63668,44
63669,44
63670,44
63671,44
63672,44
63673,44
63674,44
63675,44
63676,44
63677,44
63678,44
63679,44
63680,44
63681,44
63682,44
63683,44
63684,44
63685,44
63686,44
63687,44
63688,44
63689,44
63690,44
63691,44
63692,44
63693,44
63694,44
63695,44
63696,44
63697,44
63698,44
63699,44
63700,44
63701,44
63702,45
63703,45
63704,45
63705,45
63706,45
63707,45
63708,45
63709,45
63710,44
63711,44
63712,45
63713,45
63714,45
63715,45
63716,45
63717,45
63718,45
63719,45
63720,45
63721,45
63722,45
63723,45
63724,45
63725,45
63726,45
63727,45
63728,45
63729,45
63730,44
63731,44
63732,44
63733,44
63734,44
63735,44
63736,44
63737,44
63738,44
63739,44
63740,44
63741,44
63742,44
63743,44
63744,44
63745,44
63746,44
63747,44
63748,44
63749,44
63750,44
63751,45
63752,45
63753,45
63754,45
63755,45
63756,45
63757,44
63758,44
63759,44
63760,45
63761,45
63762,45
63763,45
63764,45
63765,45
63766,45
63767,45
63768,45
63769,45
63770,45
63771,45
63772,45
63773,45
63774,45
63775,45
63776,45
63777,45
63778,45
63779,45
63780,45
63781,45
63782,45
63783,45
63784,45
63785,45
63786,45
63787,45
63788,45
63789,45
63790,45
63791,45
63792,45
63793,45
63794,45
63795,45
63796,45
63797,45
63798,45
63799,45
63800,45
63801,44
63802,44
63803,44
63804,44
63805,44
63806,44
63807,44
63808,44
63809,44
63810,44
63811,44
63812,44
63813,44
63814,44
63815,44
63816,44
63817,44
63818,44
63819,44
63820,44
63821,44
63822,44
63823,44
63824,44
63825,44
63826,44
63827,44
63828,44
63829,44
63830,44
63831,44
63832,44
63833,44
63834,44
63835,44
63836,44
63837,44
63838,44
63839,44
63840,44
63841,44
63842,44
63843,44
63844,44
63845,44
63846,44
63847,44
63848,44
63849,44
63850,44
63851,44
63852,44
63853,44
63854,44
63855,44
63856,44
63857,44
63858,44
63859,44
63860,44
63861,44
63862,44
63863,44
63864,44
63865,44
63866,44
63867,44
63868,44
63869,44
63870,44
63871,44
63872,44
63873,44
63874,44
63875,44
63876,44
63877,44
63878,44
63879,44
63880,44
63881,44
63882,44
63883,44
63884,44
63885,44
63886,44
63887,44
63888,44
63889,44
63890,44
63891,44
63892,44
63893,44
63894,44
63895,44
63896,44
63897,44
63898,44
63899,44
63900,44
63901,44
63902,44
63903,44
63904,44
63905,44
63906,44
63907,44
63908,44
63909,44
63910,44
63911,44
63912,44
63913,44
63914,44
63915,44
63916,44
63917,44
63918,44
63919,44
63920,44
63921,44
63922,44
63923,44
63924,44
63925,44
63926,44
63927,44
63928,44
63929,44
63930,44
63931,44
63932,44
63933,44
63934,44
63935,44
63936,44
63937,44
63938,44
63939,44
63940,44
63941,44
63942,44
63943,44
63944,44
63945,44
63946,44
63947,44
63948,44
63949,44
63950,44
63951,44
63952,44
63953,44
63954,44
63955,44
63956,44
63957,44
63958,44
63959,44
63960,44
63961,44
63962,44
63963,44
63964,44
63965,44
63966,44
63967,45
63968,44
63969,44
63970,44
63971,44
63972,44
63973,44
63974,44
63975,44
63976,44
63977,44
63978,44
63979,44
63980,44
63981,44
63982,44
63983,44
63984,44
63985,44
63986,44
63987,44
63988,44
63989,44
63990,44
63991,44
63992,44
63993,44
63994,44
63995,44
63996,44
63997,44
63998,44
63999,44
64000,44
64001,44
64002,44
64003,44
64004,44
64005,44
64006,44
64007,44
64008,44
64009,44
64010,44
64011,45
64012,44
64013,44
64014,44
64015,45
64016,45
64017,45
64018,45
64019,44
64020,44
64021,45
64022,45
64023,44
64024,44
64025,44
64026,44
64027,44
64028,44
64029,44
64030,44
64031,44
64032,44
64033,44
64034,44
64035,44
64036,44
64037,44
64038,44
64039,44
64040,44
64041,44
64042,44
64043,44
64044,44
64045,44
64046,44
64047,44
64048,44
64049,44
64050,44
64051,44
64052,44
64053,44
64054,44
64055,44
64056,44
64057,44
64058,44
64059,44
64060,44
64061,44
64062,44
64063,44
64064,44
64065,44
64066,44
64067,44
64068,44
64069,44
64070,44
64071,44
64072,44
64073,44
64074,44
64075,44
64076,44
64077,44
64078,44
64079,44
64080,44
64081,44
64082,44
64083,44
64084,44
64085,44
64086,44
64087,44
64088,44
64089,44
64090,44
64091,44
64092,44
64093,44
64094,44
64095,44
64096,44
64097,44
64098,44
64099,44
64100,44
64101,44
64102,44
64103,44
64104,44
64105,44
64106,44
64107,44
64108,44
64109,44
64110,44
64111,44
64112,44
64113,44
64114,44
64115,44
64116,44
64117,44
64118,44
64119,44
64120,44
64121,44
64122,44
64123,44
64124,44
64125,44
64126,44
64127,44
64128,44
64129,44
64130,44
64131,44
64132,44
64133,44
64134,44
64135,44
64136,44
64137,44
64138,44
64139,44
64140,44
64141,44
64142,44
64143,44
64144,44
64145,44
64146,44
64147,44
64148,44
64149,44
64150,44
64151,44
64152,44
64153,44
64154,44
64155,44
64156,44
64157,44
64158,44
64159,44
64160,44
64161,44
64162,44
64163,44
64164,44
64165,44
64166,44
64167,44
64168,44
64169,44
64170,44
64171,44
64172,44
64173,44
64174,44
64175,44
64176,44
64177,44
64178,44
64179,44
64180,44
64181,44
64182,44
64183,44
64184,44
64185,44
64186,44
64187,44
64188,44
64189,44
64190,44
64191,44
64192,44
64193,44
64194,44
64195,44
64196,44
64197,44
64198,44
64199,44
64200,44
64201,44
64202,44
64203,44
64204,44
64205,44
64206,44
64207,44
64208,44
64209,44
64210,44
64211,44
64212,44
64213,44
64214,44
64215,43
64216,43
64217,43
64218,43
64219,43
64220,43
64221,43
64222,43
64223,43
64224,43
64225,43
64226,43
64227,43
64228,43
64229,43
64230,43
64231,43
64232,43
64233,43
64234,43
64235,43
64236,43
64237,43
64238,43
64239,43
64240,43
64241,43
64242,43
64243,43
64244,43
64245,43
64246,43
64247,43
64248,43
64249,43
64250,43
64251,43
64252,43
64253,43
64254,43
64255,43
64256,43
64257,43
64258,43
64259,43
64260,43
64261,43
64262,43
64263,43
64264,43
64265,43
64266,43
64267,43
64268,43
64269,43
64270,43
64271,43
64272,43
64273,43
64274,43
64275,43
64276,43
64277,43
64278,43
64279,43
64280,43
64281,43
64282,43
64283,43
64284,43
64285,43
64286,43
64287,43
64288,43
64289,43
64290,43
64291,43
64292,43
64293,43
64294,43
64295,43
64296,43
64297,43
64298,43
64299,43
64300,43
64301,43
64302,43
64303,43
64304,43
64305,43
64306,43
64307,43
64308,43
64309,43
64310,43
64311,43
64312,43
64313,43
64314,43
64315,43
64316,43
64317,43
64318,43
64319,43
64320,43
64321,43
64322,43
64323,43
64324,43
64325,43
64326,43
64327,43
64328,43
64329,43
64330,43
64331,43
64332,43
64333,43
64334,43
64335,43
64336,43
64337,43
64338,43
64339,43
64340,43
64341,43
64342,43
64343,43
64344,43
64345,43
64346,43
64347,43
64348,43
64349,43
64350,43
64351,43
64352,43
64353,43
64354,43
64355,43
64356,43
64357,43
64358,43
64359,43
64360,43
64361,43
64362,43
64363,43
64364,43
64365,43
64366,43
64367,43
64368,43
64369,43
64370,43
64371,43
64372,43
64373,43
64374,43
64375,43
64376,43
64377,43
64378,43
64379,43
64380,43
64381,43
64382,43
64383,43
64384,43
64385,43
64386,43
64387,43
64388,43
64389,43
64390,43
64391,43
64392,43
64393,43
64394,43
64395,43
64396,43
64397,43
64398,43
64399,43
64400,43
64401,43
64402,43
64403,43
64404,43
64405,43
64406,43
64407,44
64408,44
64409,44
64410,44
64411,44
64412,44
64413,44
64414,44
64415,44
64416,44
64417,44
64418,44
64419,44
64420,44
64421,44
64422,44
64423,44
64424,44
64425,44
64426,44
64427,44
64428,44
64429,44
64430,44
64431,44
64432,44
64433,44
64434,44
64435,44
64436,44
64437,44
64438,44
64439,44
64440,44
64441,44
64442,44
64443,44
64444,44
64445,44
64446,44
64447,43
64448,43
64449,43
64450,43
64451,43
64452,43
64453,43
64454,43
64455,43
64456,43
64457,43
64458,43
64459,43
64460,43
64461,43
64462,43
64463,43
64464,43
64465,43
64466,43
64467,43
64468,43
64469,43
64470,43
64471,43
64472,43
64473,43
64474,43
64475,43
64476,43
64477,43
64478,43
64479,43
64480,43
64481,43
64482,43
64483,43
64484,43
64485,43
64486,43
64487,43
64488,43
64489,43
64490,43
64491,43
64492,43
64493,43
64494,43
64495,43
64496,43
64497,43
64498,43
64499,43
64500,43
64501,43
64502,43
64503,43
64504,43
64505,43
64506,43
64507,43
64508,43
64509,43
64510,43
64511,43
64512,43
64513,43
64514,43
64515,43
64516,43
64517,43
64518,43
64519,43
64520,43
64521,43
64522,43
64523,43
64524,43
64525,43
64526,43
64527,43
64528,43
64529,43
64530,43
64531,43
64532,43
64533,43
64534,43
64535,43
64536,43
64537,43
64538,43
64539,43
64540,43
64541,43
64542,43
64543,43
64544,43
64545,43
64546,43
64547,43
64548,43
64549,43
64550,43
64551,43
64552,43
64553,43
64554,43
64555,43
64556,43
64557,43
64558,43
64559,43
64560,43
64561,43
64562,43
64563,43
64564,43
64565,43
64566,43
64567,43
64568,43
64569,43
64570,43
64571,43
64572,43
64573,43
64574,43
64575,43
64576,43
64577,43
64578,43
64579,43
64580,43
64581,43
64582,43
64583,43
64584,43
64585,43
64586,43
64587,43
64588,43
64589,43
64590,43
64591,43
64592,43
64593,43
64594,43
64595,43
64596,43
64597,43
64598,43
64599,44
64600,44
64601,44
64602,44
64603,44
64604,44
64605,44
64606,44
64607,44
64608,44
64609,44
64610,44
64611,44
64612,44
64613,44
64614,44
64615,44
64616,44
64617,44
64618,44
64619,44
64620,44
64621,44
64622,44
64623,44
64624,44
64625,44
64626,44
64627,44
64628,44
64629,44
64630,44
64631,44
64632,44
64633,44
64634,44
64635,44
64636,44
64637,44
64638,44
64639,44
64640,44
64641,44
64642,44
64643,44
64644,44
64645,44
64646,44
64647,44
64648,44
64649,44
64650,44
64651,44
64652,44
64653,44
64654,44
64655,44
64656,44
64657,44
64658,44
64659,44
64660,44
64661,44
64662,44
64663,44
64664,44
64665,44
64666,43
64667,43
64668,44
64669,44
64670,44
64671,43
64672,43
64673,43
64674,44
64675,44
64676,44
64677,44
64678,44
64679,44
64680,44
64681,44
64682,44
64683,44
64684,44
64685,44
64686,44
64687,44
64688,44
64689,44
64690,44
64691,44
64692,44
64693,44
64694,44
64695,44
64696,44
64697,44
64698,44
64699,44
64700,44
64701,44
64702,44
64703,44
64704,44
64705,44
64706,44
64707,44
64708,44
64709,44
64710,44
64711,44
64712,44
64713,44
64714,44
64715,44
64716,44
64717,44
64718,44
64719,44
64720,44
64721,44
64722,44
64723,44
64724,44
64725,44
64726,44
64727,44
64728,44
64729,44
64730,44
64731,44
64732,44
64733,44
64734,44
64735,44
64736,44
64737,44
64738,44
64739,44
64740,44
64741,44
64742,44
64743,44
64744,44
64745,44
64746,44
64747,44
64748,44
64749,44
64750,44
64751,44
64752,44
64753,44
64754,44
64755,44
64756,44
64757,44
64758,44
64759,44
64760,44
64761,44
64762,44
64763,44
64764,44
64765,44
64766,44
64767,44
64768,44
64769,44
64770,44
64771,44
64772,44
64773,44
64774,44
64775,44
64776,44
64777,44
64778,44
64779,44
64780,44
64781,44
64782,44
64783,44
64784,44
64785,44
64786,44
64787,44
64788,44
64789,44
64790,44
64791,44
64792,44
64793,44
64794,44
64795,44
64796,44
64797,44
64798,44
64799,44
64800,44
64801,44
64802,44
64803,44
64804,44
64805,44
64806,44
64807,44
64808,44
64809,44
64810,44
64811,44
64812,44
64813,44
64814,44
64815,44
64816,44
64817,44
64818,44
64819,44
64820,44
64821,44
64822,44
64823,44
64824,44
64825,44
64826,44
64827,44
64828,44
64829,44
64830,44
64831,44
64832,44
64833,44
64834,44
64835,44
64836,44
64837,44
64838,44
64839,44
64840,44
64841,44
64842,44
64843,44
64844,44
64845,44
64846,44
64847,44
64848,44
64849,44
64850,44
64851,44
64852,44
64853,44
64854,44
64855,44
64856,44
64857,44
64858,44
64859,44
64860,44
64861,44
64862,44
64863,44
64864,44
64865,44
64866,44
64867,44
64868,44
64869,44
64870,44
64871,44
64872,44
64873,44
64874,44
64875,44
64876,44
64877,44
64878,44
64879,44
64880,44
64881,44
64882,44
64883,44
64884,44
64885,44
64886,44
64887,44
64888,44
64889,44
64890,44
64891,44
64892,44
64893,44
64894,44
64895,44
64896,44
64897,44
64898,44
64899,44
64900,44
64901,44
64902,44
64903,44
64904,44
64905,44
64906,44
64907,44
64908,44
64909,44
64910,44
64911,44
64912,44
64913,44
64914,44
64915,44
64916,44
64917,44
64918,44
64919,44
64920,44
64921,44
64922,44
64923,44
64924,44
64925,44
64926,44
64927,44
64928,44
64929,44
64930,44
64931,44
64932,44
64933,44
64934,44
64935,44
64936,44
64937,44
64938,44
64939,44
64940,44
64941,44
64942,44
64943,44
64944,44
64945,44
64946,44
64947,44
64948,44
64949,44
64950,44
64951,44
64952,44
64953,44
64954,44
64955,44
64956,44
64957,44
64958,44
64959,44
64960,44
64961,44
64962,44
64963,44
64964,44
64965,44
64966,44
64967,44
64968,44
64969,44
64970,44
64971,44
64972,44
64973,44
64974,44
64975,44
64976,44
64977,44
64978,44
64979,44
64980,44
64981,44
64982,44
64983,44
64984,44
64985,44
64986,44
64987,44
64988,44
64989,44
64990,44
64991,44
64992,44
64993,44
64994,44
64995,44
64996,44
64997,44
64998,44
64999,44
65000,44
65001,44
65002,44
65003,44
65004,44
65005,44
65006,44
65007,44
65008,44
65009,44
65010,44
65011,44
65012,44
65013,44
65014,44
65015,44
65016,44
65017,44
65018,44
65019,44
65020,44
65021,44
65022,44
65023,44
65024,44
65025,43
65026,43
65027,43
65028,44
65029,44
65030,44
65031,44
65032,44
65033,44
65034,44
65035,44
65036,44
65037,44
65038,44
65039,43
65040,44
65041,44
65042,44
65043,44
65044,44
65045,43
65046,44
65047,44
65048,44
65049,44
65050,44
65051,43
65052,43
65053,44
65054,44
65055,44
65056,44
65057,44
65058,44
65059,44
65060,44
65061,44
65062,44
65063,44
65064,44
65065,44
65066,44
65067,44
65068,44
65069,44
65070,44
65071,44
65072,44
65073,44
65074,44
65075,44
65076,44
65077,44
65078,44
65079,44
65080,44
65081,44
65082,44
65083,44
65084,44
65085,44
65086,44
65087,44
65088,44
65089,44
65090,44
65091,44
65092,44
65093,43
65094,43
65095,43
65096,43
65097,43
65098,43
65099,43
65100,43
65101,43
65102,43
65103,43
65104,43
65105,43
65106,43
65107,43
65108,43
65109,43
65110,43
65111,43
65112,43
65113,43
65114,43
65115,43
65116,43
65117,43
65118,43
65119,43
65120,43
65121,43
65122,43
65123,43
65124,43
65125,43
65126,43
65127,43
65128,44
65129,44
65130,43
65131,43
65132,44
65133,44
65134,44
65135,44
65136,44
65137,44
65138,44
65139,44
65140,44
65141,44
65142,44
65143,44
65144,44
65145,44
65146,44
65147,44
65148,44
65149,44
65150,44
65151,44
65152,44
65153,44
65154,44
65155,44
65156,44
65157,44
65158,44
65159,44
65160,44
65161,44
65162,44
65163,44
65164,44
65165,44
65166,44
65167,44
65168,44
65169,44
65170,44
65171,44
65172,44
65173,44
65174,44
65175,44
65176,44
65177,44
65178,44
65179,44
65180,44
65181,44
65182,44
65183,44
65184,44
65185,44
65186,44
65187,44
65188,44
65189,44
65190,44
65191,44
65192,44
65193,44
65194,44
65195,44
65196,44
65197,44
65198,44
65199,44
65200,44
65201,44
65202,44
65203,44
65204,44
65205,44
65206,44
65207,44
65208,44
65209,44
65210,44
65211,44
65212,44
65213,44
65214,44
65215,44
65216,44
65217,44
65218,44
65219,44
65220,44
65221,44
65222,44
65223,44
65224,44
65225,44
65226,44
65227,44
65228,44
65229,44
65230,44
65231,44
65232,44
65233,44
65234,44
65235,44
65236,44
65237,44
65238,44
65239,44
65240,44
65241,44
65242,44
65243,44
65244,44
65245,44
65246,44
65247,44
65248,44
65249,44
65250,44
65251,44
65252,44
65253,44
65254,44
65255,44
65256,44
65257,44
65258,44
65259,44
65260,44
65261,44
65262,44
65263,44
65264,44
65265,44
65266,44
65267,44
65268,44
65269,44
65270,44
65271,44
65272,44
65273,44
65274,44
65275,44
65276,44
65277,44
65278,44
65279,44
65280,44
65281,44
65282,44
65283,44
65284,44
65285,44
65286,44
65287,44
65288,44
65289,44
65290,44
65291,44
65292,44
65293,44
65294,44
65295,44
65296,44
65297,44
65298,44
65299,44
65300,44
65301,44
65302,44
65303,44
65304,44
65305,44
65306,44
65307,44
65308,44
65309,44
65310,44
65311,44
65312,44
65313,44
65314,44
65315,44
65316,44
65317,44
65318,44
65319,44
65320,44
65321,44
65322,44
65323,44
65324,44
65325,44
65326,44
65327,44
65328,44
65329,44
65330,44
65331,44
65332,44
65333,44
65334,44
65335,44
65336,44
65337,44
65338,44
65339,44
65340,44
65341,44
65342,44
65343,44
65344,44
65345,44
65346,44
65347,44
65348,44
65349,44
65350,44
65351,44
65352,44
65353,44
65354,44
65355,44
65356,44
65357,44
65358,44
65359,44
65360,44
65361,44
65362,44
65363,44
65364,44
65365,44
65366,44
65367,44
65368,44
65369,44
65370,44
65371,44
65372,44
65373,44
65374,44
65375,44
65376,44
65377,44
65378,44
65379,44
65380,44
65381,44
65382,44
65383,44
65384,44
65385,44
65386,44
65387,44
65388,44
65389,44
65390,44
65391,44
65392,44
65393,44
65394,44
65395,44
65396,44
65397,44
65398,44
65399,44
65400,44
65401,44
65402,44
65403,44
65404,44
65405,44
65406,44
65407,44
65408,44
65409,44
65410,44
65411,44
65412,44
65413,44
65414,44
65415,44
65416,44
65417,44
65418,44
65419,44
65420,44
65421,44
65422,44
65423,44
65424,44
65425,44
65426,44
65427,44
65428,44
65429,44
65430,44
65431,44
65432,44
65433,44
65434,44
65435,44
65436,44
65437,44
65438,44
65439,44
65440,44
65441,44
65442,44
65443,44
65444,44
65445,44
65446,44
65447,44
65448,44
65449,44
65450,44
65451,44
65452,44
65453,44
65454,44
65455,44
65456,44
65457,44
65458,44
65459,44
65460,44
65461,44
65462,44
65463,44
65464,44
65465,44
65466,44
65467,44
65468,44
65469,44
65470,44
65471,44
65472,44
65473,44
65474,44
65475,44
65476,44
65477,44
65478,44
65479,44
65480,44
65481,44
65482,44
65483,44
65484,44
65485,44
65486,44
65487,44
65488,44
65489,44
65490,44
65491,44
65492,44
65493,44
65494,44
65495,44
65496,44
65497,44
65498,44
65499,44
65500,44
65501,44
65502,44
65503,44
65504,44
65505,44
65506,44
65507,44
65508,44
65509,44
65510,44
65511,44
65512,44
65513,44
65514,44
65515,44
65516,44
65517,44
65518,44
65519,44
65520,44
65521,44
65522,44
65523,44
65524,44
65525,44
65526,44
65527,44
65528,44
65529,44
65530,44
65531,44
65532,44
65533,44
65534,44
65535,44
65536,44
65537,44
65538,44
65539,44
65540,44
65541,44
65542,44
65543,44
65544,44
65545,44
65546,44
65547,44
65548,44
65549,44
65550,44
65551,44
65552,44
65553,44
65554,44
65555,44
65556,44
65557,44
65558,44
65559,44
65560,44
65561,44
65562,44
65563,44
65564,44
65565,44
65566,44
65567,44
65568,44
65569,44
65570,44
65571,44
65572,44
65573,44
65574,44
65575,44
65576,44
65577,44
65578,44
65579,44
65580,44
65581,44
65582,44
65583,44
65584,44
65585,44
65586,44
65587,44
65588,44
65589,44
65590,44
65591,44
65592,44
65593,44
65594,44
65595,44
65596,44
65597,44
65598,44
65599,44
65600,44
65601,44
65602,44
65603,44
65604,44
65605,44
65606,44
65607,44
65608,44
65609,44
65610,44
65611,44
65612,44
65613,44
65614,44
65615,44
65616,44
65617,44
65618,44
65619,44
65620,44
65621,44
65622,44
65623,44
65624,44
65625,44
65626,44
65627,44
65628,44
65629,44
65630,44
65631,44
65632,44
65633,44
65634,44
65635,44
65636,44
65637,44
65638,44
65639,44
65640,44
65641,44
65642,44
65643,44
65644,44
65645,44
65646,44
65647,44
65648,44
65649,44
65650,44
65651,44
65652,44
65653,44
65654,44
65655,44
65656,44
65657,44
65658,44
65659,44
65660,44
65661,44
65662,44
65663,44
65664,44
65665,44
65666,44
65667,44
65668,44
65669,44
65670,44
65671,44
65672,44
65673,44
65674,44
65675,44
65676,44
65677,44
65678,44
65679,44
65680,44
65681,44
65682,44
65683,44
65684,44
65685,44
65686,44
65687,44
65688,44
65689,44
65690,44
65691,44
65692,44
65693,44
65694,44
65695,44
65696,44
65697,44
65698,44
65699,44
65700,44
65701,44
65702,44
65703,44
65704,44
65705,44
65706,44
65707,44
65708,44
65709,44
65710,44
65711,44
65712,44
65713,44
65714,44
65715,44
65716,44
65717,44
65718,44
65719,44
65720,44
65721,44
65722,44
65723,44
65724,44
65725,44
65726,44
65727,44
65728,44
65729,44
65730,44
65731,44
65732,44
65733,44
65734,44
65735,44
65736,44
65737,44
65738,44
65739,44
65740,44
65741,44
65742,44
65743,44
65744,44
65745,44
65746,44
65747,44
65748,44
65749,44
65750,44
65751,44
65752,44
65753,44
65754,44
65755,44
65756,44
65757,44
65758,44
65759,44
65760,44
65761,44
65762,44
65763,44
65764,44
65765,44
65766,44
65767,44
65768,44
65769,44
65770,44
65771,44
65772,44
65773,44
65774,44
65775,44
65776,44
65777,44
65778,44
65779,44
65780,44
65781,44
65782,44
65783,44
65784,44
65785,44
65786,44
65787,44
65788,44
65789,44
65790,44
65791,44
65792,44
65793,44
65794,44
65795,44
65796,44
65797,44
65798,44
65799,44
65800,44
65801,44
65802,44
65803,44
65804,44
65805,44
65806,44
65807,44
65808,44
65809,44
65810,44
65811,44
65812,44
65813,44
65814,44
65815,44
65816,44
65817,43
65818,43
65819,43
65820,43
65821,43
65822,43
65823,43
65824,43
65825,43
65826,43
65827,43
65828,43
65829,43
65830,43
65831,43
65832,43
65833,43
65834,43
65835,43
65836,43
65837,43
65838,43
65839,43
65840,43
65841,43
65842,43
65843,43
65844,43
65845,43
65846,43
65847,43
65848,43
65849,43
65850,43
65851,43
65852,43
65853,43
65854,43
65855,43
65856,43
65857,43
65858,43
65859,43
65860,43
65861,43
65862,43
65863,43
65864,43
65865,43
65866,43
65867,43
65868,43
65869,43
65870,43
65871,43
65872,43
65873,43
65874,43
65875,44
65876,44
65877,44
65878,44
65879,44
65880,44
65881,44
65882,44
65883,44
65884,44
65885,44
65886,44
65887,44
65888,44
65889,44
65890,44
65891,44
65892,44
65893,44
65894,44
65895,44
65896,44
65897,44
65898,44
65899,44
65900,44
65901,44
65902,44
65903,44
65904,44
65905,44
65906,44
65907,44
65908,44
65909,44
65910,44
65911,44
65912,44
65913,44
65914,44
65915,44
65916,44
65917,44
65918,44
65919,44
65920,44
65921,44
65922,44
65923,44
65924,44
65925,44
65926,44
65927,44
65928,44
65929,44
65930,44
65931,44
65932,44
65933,44
65934,44
65935,44
65936,44
65937,44
65938,44
65939,44
65940,44
65941,44
65942,44
65943,44
65944,44
65945,44
65946,44
65947,44
65948,44
65949,44
65950,44
65951,44
65952,44
65953,44
65954,44
65955,44
65956,44
65957,44
65958,44
65959,44
65960,44
65961,44
65962,44
65963,44
65964,44
65965,44
65966,44
65967,44
65968,44
65969,44
65970,44
65971,44
65972,44
65973,44
65974,44
65975,44
65976,44
65977,44
65978,44
65979,44
65980,44
65981,44
65982,44
65983,44
65984,44
65985,44
65986,44
65987,44
65988,44
65989,44
65990,44
65991,44
65992,44
65993,44
65994,44
65995,44
65996,44
65997,44
65998,44
65999,44
66000,44
66001,44
66002,44
66003,44
66004,44
66005,44
66006,44
66007,44
66008,44
66009,44
66010,44
66011,44
66012,44
66013,44
66014,44
66015,44
66016,44
66017,44
66018,44
66019,44
66020,44
66021,44
66022,44
66023,44
66024,44
66025,44
66026,44
66027,44
66028,44
66029,44
66030,44
66031,44
66032,44
66033,44
66034,44
66035,44
66036,44
66037,44
66038,44
66039,44
66040,44
66041,44
66042,44
66043,44
66044,44
66045,44
66046,44
66047,44
66048,44
66049,44
66050,44
66051,44
66052,44
66053,44
66054,44
66055,44
66056,44
66057,44
66058,44
66059,44
66060,44
66061,44
66062,44
66063,44
66064,44
66065,44
66066,44
66067,44
66068,44
66069,44
66070,44
66071,44
66072,44
66073,44
66074,44
66075,44
66076,44
66077,44
66078,44
66079,44
66080,44
66081,44
66082,44
66083,44
66084,44
66085,44
66086,44
66087,44
66088,44
66089,44
66090,44
66091,44
66092,44
66093,44
66094,44
66095,44
66096,44
66097,44
66098,44
66099,44
66100,44
66101,44
66102,44
66103,44
66104,44
66105,44
66106,44
66107,44
66108,44
66109,44
66110,44
66111,44
66112,44
66113,44
66114,44
66115,44
66116,44
66117,44
66118,44
66119,44
66120,44
66121,44
66122,44
66123,44
66124,44
66125,44
66126,44
66127,44
66128,44
66129,44
66130,44
66131,44
66132,44
66133,44
66134,44
66135,44
66136,44
66137,44
66138,44
66139,44
66140,44
66141,44
66142,44
66143,44
66144,44
66145,44
66146,44
66147,44
66148,44
66149,44
66150,44
66151,44
66152,44
66153,44
66154,44
66155,44
66156,44
66157,44
66158,44
66159,44
66160,44
66161,44
66162,44
66163,44
66164,44
66165,44
66166,44
66167,44
66168,44
66169,44
66170,44
66171,44
66172,44
66173,44
66174,44
66175,44
66176,44
66177,44
66178,44
66179,44
66180,44
66181,44
66182,44
66183,44
66184,44
66185,44
66186,44
66187,44
66188,44
66189,44
66190,44
66191,44
66192,44
66193,44
66194,44
66195,44
66196,44
66197,44
66198,44
66199,44
66200,44
66201,44
66202,44
66203,44
66204,44
66205,44
66206,44
66207,44
66208,44
66209,44
66210,44
66211,44
66212,44
66213,44
66214,44
66215,44
66216,44
66217,44
66218,44
66219,44
66220,44
66221,44
66222,44
66223,44
66224,44
66225,44
66226,44
66227,44
66228,44
66229,44
66230,44
66231,44
66232,44
66233,44
66234,44
66235,44
66236,44
66237,44
66238,44
66239,44
66240,44
66241,44
66242,44
66243,44
66244,44
66245,44
66246,44
66247,44
66248,44
66249,44
66250,44
66251,44
66252,44
66253,44
66254,44
66255,44
66256,44
66257,44
66258,44
66259,44
66260,44
66261,44
66262,44
66263,44
66264,44
66265,44
66266,44
66267,44
66268,44
66269,44
66270,44
66271,44
66272,44
66273,44
66274,44
66275,44
66276,44
66277,44
66278,44
66279,44
66280,44
66281,44
66282,44
66283,44
66284,44
66285,44
66286,44
66287,44
66288,44
66289,44
66290,44
66291,44
66292,44
66293,44
66294,44
66295,44
66296,44
66297,44
66298,44
66299,44
66300,44
66301,44
66302,44
66303,44
66304,44
66305,44
66306,44
66307,44
66308,44
66309,44
66310,44
66311,44
66312,44
66313,44
66314,44
66315,44
66316,44
66317,44
66318,44
66319,44
66320,44
66321,44
66322,44
66323,44
66324,44
66325,44
66326,44
66327,44
66328,44
66329,44
66330,44
66331,44
66332,44
66333,44
66334,44
66335,44
66336,44
66337,44
66338,44
66339,44
66340,44
66341,44
66342,44
66343,44
66344,44
66345,44
66346,44
66347,44
66348,44
66349,44
66350,44
66351,44
66352,44
66353,44
66354,44
66355,44
66356,44
66357,44
66358,44
66359,44
66360,44
66361,44
66362,44
66363,44
66364,44
66365,44
66366,44
66367,44
66368,44
66369,44
66370,44
66371,44
66372,44
66373,44
66374,44
66375,44
66376,44
66377,44
66378,44
66379,44
66380,44
66381,44
66382,44
66383,44
66384,44
66385,44
66386,44
66387,44
66388,44
66389,44
66390,44
66391,44
66392,44
66393,44
66394,44
66395,44
66396,44
66397,44
66398,44
66399,44
66400,44
66401,44
66402,44
66403,44
66404,44
66405,44
66406,44
66407,44
66408,44
66409,44
66410,44
66411,44
66412,44
66413,44
66414,44
66415,44
66416,44
66417,44
66418,44
66419,44
66420,44
66421,44
66422,44
66423,44
66424,44
66425,44
66426,44
66427,44
66428,44
66429,44
66430,44
66431,44
66432,44
66433,44
66434,44
66435,44
66436,44
66437,44
66438,44
66439,44
66440,44
66441,44
66442,44
66443,44
66444,44
66445,44
66446,44
66447,44
66448,44
66449,44
66450,44
66451,44
66452,44
66453,44
66454,44
66455,44
66456,44
66457,44
66458,44
66459,44
66460,44
66461,44
66462,44
66463,44
66464,44
66465,45
66466,44
66467,44
66468,45
66469,45
66470,45
66471,45
66472,45
66473,45
66474,45
66475,45
66476,45
66477,45
66478,45
66479,45
66480,45
66481,45
66482,45
66483,45
66484,45
66485,45
66486,45
66487,45
66488,45
66489,45
66490,45
66491,45
66492,45
66493,44
66494,44
66495,44
66496,45
66497,45
66498,44
66499,44
66500,44
66501,44
66502,44
66503,44
66504,44
66505,44
66506,44
66507,44
66508,44
66509,44
66510,44
66511,44
66512,44
66513,44
66514,44
66515,44
66516,44
66517,44
66518,44
66519,44
66520,44
66521,44
66522,44
66523,44
66524,44
66525,44
66526,44
66527,44
66528,44
66529,44
66530,44
66531,44
66532,44
66533,44
66534,44
66535,44
66536,44
66537,44
66538,44
66539,44
66540,44
66541,44
66542,44
66543,44
66544,44
66545,44
66546,44
66547,44
66548,44
66549,44
66550,44
66551,44
66552,44
66553,44
66554,44
66555,44
66556,44
66557,44
66558,44
66559,44
66560,44
66561,44
66562,44
66563,44
66564,44
66565,44
66566,44
66567,44
66568,44
66569,44
66570,44
66571,44
66572,44
66573,44
66574,44
66575,44
66576,44
66577,44
66578,44
66579,44
66580,44
66581,44
66582,44
66583,44
66584,44
66585,44
66586,44
66587,44
66588,44
66589,44
66590,44
66591,44
66592,44
66593,44
66594,44
66595,44
66596,44
66597,44
66598,44
66599,44
66600,44
66601,44
66602,44
66603,44
66604,44
66605,44
66606,44
66607,44
66608,44
66609,44
66610,44
66611,44
66612,44
66613,44
66614,44
66615,44
66616,44
66617,44
66618,44
66619,44
66620,44
66621,44
66622,44
66623,44
66624,44
66625,44
66626,44
66627,44
66628,44
66629,44
66630,44
66631,44
66632,44
66633,44
66634,44
66635,44
66636,44
66637,44
66638,44
66639,44
66640,44
66641,44
66642,44
66643,44
66644,44
66645,44
66646,44
66647,44
66648,44
66649,44
66650,44
66651,44
66652,44
66653,44
66654,44
66655,44
66656,44
66657,44
66658,44
66659,44
66660,44
66661,44
66662,44
66663,44
66664,44
66665,44
66666,44
66667,44
66668,44
66669,44
66670,44
66671,44
66672,44
66673,44
66674,44
66675,44
66676,44
66677,44
66678,44
66679,44
66680,44
66681,44
66682,44
66683,44
66684,44
66685,44
66686,44
66687,44
66688,44
66689,44
66690,44
66691,44
66692,44
66693,44
66694,44
66695,44
66696,44
66697,44
66698,44
66699,44
66700,44
66701,44
66702,44
66703,44
66704,44
66705,44
66706,44
66707,44
66708,44
66709,44
66710,44
66711,44
66712,44
66713,44
66714,44
66715,44
66716,44
66717,44
66718,44
66719,44
66720,44
66721,44
66722,44
66723,44
66724,44
66725,44
66726,44
66727,44
66728,44
66729,44
66730,44
66731,44
66732,44
66733,44
66734,44
66735,44
66736,44
66737,44
66738,44
66739,44
66740,44
66741,44
66742,44
66743,44
66744,44
66745,44
66746,44
66747,44
66748,44
66749,44
66750,44
66751,44
66752,44
66753,44
66754,44
66755,44
66756,44
66757,44
66758,44
66759,44
66760,44
66761,44
66762,44
66763,44
66764,43
66765,43
66766,43
66767,43
66768,43
66769,43
66770,43
66771,43
66772,43
66773,43
66774,43
66775,43
66776,43
66777,43
66778,43
66779,43
66780,43
66781,43
66782,43
66783,44
66784,44
66785,44
66786,44
66787,44
66788,44
66789,44
66790,44
66791,44
66792,44
66793,44
66794,44
66795,44
66796,44
66797,44
66798,44
66799,44
66800,44
66801,44
66802,44
66803,44
66804,44
66805,44
66806,44
66807,44
66808,44
66809,44
66810,44
66811,44
66812,44
66813,44
66814,44
66815,44
66816,44
66817,44
66818,44
66819,44
66820,44
66821,44
66822,44
66823,44
66824,44
66825,44
66826,44
66827,44
66828,44
66829,44
66830,44
66831,44
66832,44
66833,44
66834,44
66835,44
66836,44
66837,44
66838,44
66839,44
66840,44
66841,44
66842,44
66843,44
66844,44
66845,44
66846,44
66847,44
66848,44
66849,44
66850,44
66851,44
66852,44
66853,44
66854,44
66855,44
66856,44
66857,44
66858,44
66859,44
66860,44
66861,44
66862,44
66863,44
66864,44
66865,44
66866,44
66867,44
66868,44
66869,44
66870,44
66871,44
66872,44
66873,44
66874,44
66875,44
66876,44
66877,44
66878,44
66879,44
66880,44
66881,44
66882,44
66883,44
66884,44
66885,44
66886,44
66887,44
66888,44
66889,44
66890,44
66891,44
66892,44
66893,44
66894,44
66895,44
66896,44
66897,44
66898,44
66899,44
66900,44
66901,44
66902,44
66903,44
66904,44
66905,44
66906,44
66907,44
66908,44
66909,44
66910,44
66911,44
66912,44
66913,44
66914,44
66915,44
66916,45
66917,45
66918,45
66919,45
66920,45
66921,45
66922,44
66923,44
66924,44
66925,44
66926,44
66927,44
66928,44
66929,44
66930,44
66931,44
66932,44
66933,44
66934,44
66935,44
66936,44
66937,44
66938,44
66939,44
66940,44
66941,44
66942,44
66943,44
66944,44
66945,44
66946,44
66947,44
66948,44
66949,44
66950,44
66951,44
66952,44
66953,44
66954,44
66955,44
66956,44
66957,44
66958,44
66959,44
66960,44
66961,44
66962,44
66963,44
66964,44
66965,44
66966,44
66967,44
66968,44
66969,44
66970,44
66971,44
66972,44
66973,44
66974,44
66975,44
66976,44
66977,44
66978,44
66979,44
66980,44
66981,44
66982,44
66983,44
66984,44
66985,44
66986,44
66987,44
66988,44
66989,44
66990,44
66991,44
66992,44
66993,44
66994,44
66995,44
66996,44
66997,44
66998,44
66999,44
67000,44
67001,44
67002,44
67003,44
67004,44
67005,44
67006,44
67007,44
67008,44
67009,44
67010,44
67011,44
67012,44
67013,44
67014,44
67015,44
67016,44
67017,44
67018,44
67019,44
67020,44
67021,44
67022,44
67023,44
67024,44
67025,44
67026,44
67027,44
67028,44
67029,44
67030,44
67031,44
67032,44
67033,44
67034,44
67035,44
67036,44
67037,44
67038,44
67039,44
67040,44
67041,44
67042,44
67043,44
67044,44
67045,44
67046,44
67047,44
67048,44
67049,44
67050,44
67051,44
67052,44
67053,44
67054,44
67055,44
67056,44
67057,44
67058,44
67059,44
67060,44
67061,44
67062,44
67063,44
67064,44
67065,44
67066,44
67067,44
67068,44
67069,44
67070,44
67071,44
67072,44
67073,44
67074,44
67075,44
67076,44
67077,44
67078,44
67079,44
67080,44
67081,44
67082,44
67083,44
67084,44
67085,44
67086,44
67087,44
67088,44
67089,44
67090,44
67091,44
67092,44
67093,44
67094,44
67095,44
67096,44
67097,44
67098,44
67099,44
67100,44
67101,44
67102,44
67103,44
67104,44
67105,44
67106,44
67107,44
67108,44
67109,44
67110,44
67111,44
67112,44
67113,44
67114,44
67115,44
67116,44
67117,44
67118,44
67119,44
67120,44
67121,44
67122,44
67123,44
67124,44
67125,44
67126,44
67127,44
67128,44
67129,44
67130,44
67131,44
67132,44
67133,44
67134,44
67135,44
67136,44
67137,44
67138,44
67139,44
67140,44
67141,44
67142,44
67143,44
67144,44
67145,44
67146,44
67147,44
67148,44
67149,44
67150,44
67151,44
67152,44
67153,44
67154,44
67155,44
67156,44
67157,44
67158,44
67159,44
67160,44
67161,44
67162,44
67163,44
67164,44
67165,44
67166,44
67167,44
67168,44
67169,44
67170,44
67171,44
67172,44
67173,44
67174,44
67175,44
67176,44
67177,44
67178,44
67179,44
67180,44
67181,44
67182,44
67183,44
67184,44
67185,44
67186,44
67187,44
67188,44
67189,44
67190,44
67191,44
67192,44
67193,44
67194,44
67195,44
67196,44
67197,44
67198,44
67199,44
67200,44
67201,44
67202,44
67203,44
67204,44
67205,44
67206,44
67207,44
67208,44
67209,44
67210,44
67211,44
67212,44
67213,44
67214,44
67215,44
67216,44
67217,44
67218,44
67219,44
67220,44
67221,44
67222,44
67223,44
67224,44
67225,44
67226,44
67227,44
67228,44
67229,44
67230,44
67231,44
67232,44
67233,44
67234,44
67235,44
67236,44
67237,45
67238,45
67239,45
67240,45
67241,45
67242,45
67243,45
67244,45
67245,45
67246,45
67247,45
67248,45
67249,45
67250,45
67251,45
67252,45
67253,45
67254,45
67255,45
67256,45
67257,45
67258,45
67259,45
67260,44
67261,44
67262,44
67263,45
67264,45
67265,45
67266,45
67267,44
67268,45
67269,45
67270,45
67271,45
67272,45
67273,45
67274,45
67275,45
67276,45
67277,45
67278,45
67279,45
67280,45
67281,45
67282,45
67283,45
67284,45
67285,45
67286,45
67287,45
67288,45
67289,45
67290,45
67291,45
67292,45
67293,45
67294,45
67295,45
67296,45
67297,45
67298,45
67299,45
67300,45
67301,45
67302,45
67303,45
67304,45
67305,45
67306,44
67307,44
67308,44
67309,44
67310,44
67311,44
67312,44
67313,44
67314,44
67315,44
67316,44
67317,44
67318,44
67319,44
67320,44
67321,44
67322,44
67323,44
67324,44
67325,44
67326,44
67327,44
67328,44
67329,44
67330,44
67331,44
67332,44
67333,44
67334,44
67335,44
67336,44
67337,44
67338,44
67339,44
67340,44
67341,44
67342,44
67343,44
67344,44
67345,44
67346,44
67347,44
67348,44
67349,44
67350,44
67351,44
67352,44
67353,44
67354,44
67355,44
67356,44
67357,44
67358,44
67359,44
67360,44
67361,44
67362,44
67363,44
67364,44
67365,44
67366,44
67367,44
67368,44
67369,44
67370,44
67371,44
67372,44
67373,44
67374,44
67375,44
67376,44
67377,44
67378,44
67379,44
67380,44
67381,44
67382,44
67383,44
67384,44
67385,44
67386,44
67387,44
67388,44
67389,44
67390,44
67391,44
67392,44
67393,44
67394,44
67395,44
67396,44
67397,44
67398,44
67399,44
67400,44
67401,44
67402,44
67403,44
67404,44
67405,44
67406,44
67407,44
67408,44
67409,44
67410,44
67411,44
67412,44
67413,44
67414,44
67415,44
67416,44
67417,44
67418,44
67419,44
67420,44
67421,44
67422,44
67423,44
67424,44
67425,44
67426,44
67427,44
67428,44
67429,44
67430,44
67431,44
67432,44
67433,44
67434,44
67435,44
67436,44
67437,44
67438,44
67439,44
67440,44
67441,44
67442,44
67443,44
67444,44
67445,44
67446,44
67447,44
67448,44
67449,44
67450,44
67451,44
67452,44
67453,44
67454,44
67455,44
67456,44
67457,44
67458,44
67459,44
67460,44
67461,44
67462,44
67463,44
67464,44
67465,44
67466,44
67467,44
67468,44
67469,44
67470,44
67471,44
67472,44
67473,44
67474,44
67475,44
67476,44
67477,44
67478,44
67479,44
67480,44
67481,44
67482,44
67483,44
67484,44
67485,44
67486,44
67487,44
67488,44
67489,44
67490,44
67491,44
67492,44
67493,44
67494,44
67495,44
67496,44
67497,44
67498,44
67499,44
67500,44
67501,44
67502,44
67503,44
67504,44
67505,44
67506,44
67507,44
67508,44
67509,44
67510,44
67511,44
67512,44
67513,44
67514,44
67515,44
67516,44
67517,44
67518,44
67519,44
67520,44
67521,44
67522,44
67523,44
67524,44
67525,44
67526,44
67527,44
67528,44
67529,44
67530,44
67531,44
67532,44
67533,44
67534,44
67535,44
67536,44
67537,44
67538,44
67539,44
67540,44
67541,44
67542,44
67543,44
67544,44
67545,44
67546,44
67547,44
67548,44
67549,44
67550,44
67551,44
67552,44
67553,44
67554,44
67555,44
67556,44
67557,44
67558,44
67559,44
67560,44
67561,44
67562,44
67563,44
67564,44
67565,44
67566,44
67567,44
67568,44
67569,44
67570,44
67571,44
67572,44
67573,44
67574,44
67575,44
67576,44
67577,44
67578,44
67579,44
67580,44
67581,44
67582,44
67583,44
67584,44
67585,44
67586,44
67587,44
67588,44
67589,44
67590,44
67591,44
67592,44
67593,44
67594,44
67595,44
67596,44
67597,44
67598,44
67599,44
67600,44
67601,44
67602,44
67603,44
67604,44
67605,44
67606,44
67607,44
67608,44
67609,44
67610,44
67611,44
67612,44
67613,44
67614,44
67615,44
67616,44
67617,44
67618,44
67619,44
67620,44
67621,44
67622,44
67623,44
67624,44
67625,44
67626,44
67627,44
67628,44
67629,44
67630,44
67631,44
67632,44
67633,44
67634,44
67635,44
67636,44
67637,44
67638,44
67639,44
67640,44
67641,44
67642,44
67643,44
67644,44
67645,44
67646,44
67647,44
67648,44
67649,44
67650,44
67651,44
67652,44
67653,44
67654,44
67655,44
67656,44
67657,44
67658,44
67659,44
67660,44
67661,44
67662,44
67663,44
67664,44
67665,44
67666,44
67667,44
67668,44
67669,44
67670,44
67671,44
67672,44
67673,44
67674,44
67675,44
67676,44
67677,44
67678,44
67679,44
67680,44
67681,44
67682,44
67683,44
67684,44
67685,44
67686,44
67687,44
67688,44
67689,44
67690,44
67691,44
67692,44
67693,44
67694,44
67695,44
67696,44
67697,44
67698,44
67699,44
67700,44
67701,44
67702,44
67703,44
67704,44
67705,44
67706,44
67707,44
67708,44
67709,44
67710,44
67711,44
67712,44
67713,44
67714,44
67715,44
67716,44
67717,44
67718,44
67719,44
67720,44
67721,44
67722,44
67723,44
67724,44
67725,44
67726,44
67727,44
67728,44
67729,44
67730,44
67731,44
67732,44
67733,44
67734,44
67735,44
67736,44
67737,44
67738,44
67739,44
67740,44
67741,44
67742,44
67743,44
67744,44
67745,44
67746,44
67747,44
67748,44
67749,44
67750,44
67751,44
67752,44
67753,44
67754,44
67755,44
67756,44
67757,44
67758,44
67759,44
67760,44
67761,44
67762,44
67763,44
67764,44
67765,44
67766,44
67767,44
67768,44
67769,44
67770,44
67771,44
67772,44
67773,44
67774,44
67775,44
67776,44
67777,44
67778,44
67779,44
67780,44
67781,44
67782,44
67783,44
67784,44
67785,44
67786,44
67787,44
67788,44
67789,44
67790,44
67791,44
67792,44
67793,44
67794,44
67795,44
67796,44
67797,44
67798,44
67799,44
67800,44
67801,44
67802,44
67803,44
67804,44
67805,44
67806,44
67807,44
67808,44
67809,44
67810,44
67811,44
67812,44
67813,44
67814,44
67815,44
67816,44
67817,44
67818,44
67819,44
67820,44
67821,44
67822,44
67823,44
67824,44
67825,44
67826,44
67827,44
67828,44
67829,44
67830,44
67831,44
67832,44
67833,44
67834,44
67835,44
67836,44
67837,44
67838,44
67839,44
67840,44
67841,44
67842,44
67843,44
67844,44
67845,44
67846,44
67847,44
67848,44
67849,44
67850,44
67851,44
67852,44
67853,44
67854,44
67855,44
67856,44
67857,44
67858,44
67859,44
67860,44
67861,44
67862,44
67863,44
67864,44
67865,44
67866,44
67867,44
67868,44
67869,44
67870,44
67871,44
67872,44
67873,44
67874,44
67875,44
67876,44
67877,44
67878,44
67879,44
67880,44
67881,44
67882,44
67883,44
67884,44
67885,44
67886,44
67887,44
67888,44
67889,44
67890,44
67891,44
67892,44
67893,44
67894,44
67895,44
67896,44
67897,44
67898,44
67899,44
67900,44
67901,44
67902,44
67903,44
67904,44
67905,44
67906,44
67907,44
67908,44
67909,44
67910,44
67911,44
67912,44
67913,44
67914,44
67915,44
67916,44
67917,44
67918,44
67919,44
67920,44
67921,44
67922,44
67923,44
67924,44
67925,44
67926,44
67927,44
67928,44
67929,44
67930,44
67931,44
67932,44
67933,44
67934,44
67935,44
67936,44
67937,44
67938,44
67939,44
67940,44
67941,44
67942,44
67943,44
67944,44
67945,44
67946,44
67947,44
67948,44
67949,44
67950,44
67951,44
67952,44
67953,44
67954,44
67955,44
67956,44
67957,44
67958,44
67959,44
67960,44
67961,44
67962,44
67963,44
67964,44
67965,44
67966,44
67967,44
67968,44
67969,44
67970,44
67971,44
67972,44
67973,44
67974,44
67975,44
67976,44
67977,44
67978,44
67979,44
67980,44
67981,44
67982,44
67983,44
67984,44
67985,44
67986,44
67987,44
67988,44
67989,44
67990,44
67991,44
67992,44
67993,44
67994,44
67995,44
67996,44
67997,44
67998,44
67999,44
68000,44
68001,44
68002,44
68003,44
68004,44
68005,45
68006,44
68007,44
68008,44
68009,44
68010,44
68011,45
68012,45
68013,45
68014,45
68015,44
68016,44
68017,44
68018,44
68019,45
68020,44
68021,44
68022,44
68023,44
68024,44
68025,44
68026,44
68027,44
68028,44
68029,44
68030,44
68031,44
68032,44
68033,44
68034,44
68035,44
68036,44
68037,44
68038,44
68039,44
68040,44
68041,44
68042,44
68043,44
68044,44
68045,44
68046,44
68047,44
68048,44
68049,44
68050,44
68051,44
68052,44
68053,44
68054,44
68055,44
68056,44
68057,44
68058,44
68059,44
68060,44
68061,44
68062,44
68063,44
68064,44
68065,44
68066,44
68067,44
68068,44
68069,44
68070,44
68071,44
68072,44
68073,44
68074,44
68075,44
68076,44
68077,44
68078,44
68079,44
68080,44
68081,44
68082,44
68083,44
68084,44
68085,44
68086,44
68087,44
68088,44
68089,44
68090,44
68091,44
68092,44
68093,44
68094,44
68095,44
68096,44
68097,44
68098,44
68099,44
68100,44
68101,44
68102,44
68103,44
68104,44
68105,44
68106,44
68107,44
68108,44
68109,44
68110,44
68111,44
68112,44
68113,44
68114,44
68115,44
68116,44
68117,44
68118,44
68119,44
68120,44
68121,44
68122,44
68123,44
68124,44
68125,44
68126,44
68127,44
68128,44
68129,44
68130,44
68131,44
68132,44
68133,44
68134,44
68135,44
68136,44
68137,44
68138,44
68139,44
68140,44
68141,44
68142,44
68143,44
68144,44
68145,44
68146,44
68147,44
68148,44
68149,44
68150,44
68151,44
68152,44
68153,44
68154,44
68155,44
68156,44
68157,44
68158,44
68159,44
68160,44
68161,44
68162,44
68163,44
68164,44
68165,44
68166,44
68167,44
68168,44
68169,44
68170,44
68171,44
68172,44
68173,44
68174,44
68175,44
68176,44
68177,44
68178,44
68179,44
68180,44
68181,44
68182,44
68183,44
68184,44
68185,44
68186,44
68187,44
68188,44
68189,44
68190,44
68191,44
68192,44
68193,44
68194,44
68195,44
68196,44
68197,44
68198,44
68199,44
68200,44
68201,44
68202,44
68203,44
68204,44
68205,44
68206,44
68207,44
68208,44
68209,44
68210,44
68211,44
68212,44
68213,44
68214,44
68215,44
68216,44
68217,44
68218,44
68219,44
68220,44
68221,44
68222,44
68223,44
68224,44
68225,44
68226,44
68227,44
68228,44
68229,44
68230,44
68231,44
68232,44
68233,44
68234,44
68235,44
68236,44
68237,44
68238,44
68239,44
68240,44
68241,45
68242,45
68243,45
68244,45
68245,45
68246,45
68247,45
68248,45
68249,45
68250,45
68251,45
68252,45
68253,45
68254,45
68255,45
68256,45
68257,45
68258,45
68259,45
68260,45
68261,45
68262,45
68263,45
68264,45
68265,45
68266,45
68267,45
68268,45
68269,45
68270,45
68271,45
68272,45
68273,45
68274,45
68275,45
68276,45
68277,45
68278,45
68279,45
68280,45
68281,45
68282,45
68283,45
68284,45
68285,45
68286,45
68287,45
68288,45
68289,45
68290,45
68291,45
68292,45
68293,45
68294,45
68295,45
68296,45
68297,45
68298,45
68299,45
68300,45
68301,45
68302,45
68303,45
68304,44
68305,44
68306,44
68307,44
68308,44
68309,44
68310,44
68311,44
68312,44
68313,44
68314,44
68315,44
68316,44
68317,44
68318,44
68319,44
68320,44
68321,44
68322,44
68323,44
68324,44
68325,44
68326,44
68327,44
68328,44
68329,44
68330,44
68331,44
68332,44
68333,44
68334,44
68335,44
68336,44
68337,44
68338,44
68339,44
68340,44
68341,44
68342,44
68343,44
68344,44
68345,44
68346,44
68347,44
68348,44
68349,44
68350,44
68351,44
68352,44
68353,44
68354,44
68355,44
68356,44
68357,44
68358,44
68359,44
68360,44
68361,44
68362,44
68363,44
68364,44
68365,44
68366,44
68367,44
68368,44
68369,44
68370,44
68371,44
68372,44
68373,44
68374,44
68375,44
68376,44
68377,44
68378,44
68379,44
68380,44
68381,44
68382,44
68383,44
68384,44
68385,44
68386,44
68387,44
68388,44
68389,44
68390,44
68391,44
68392,44
68393,44
68394,44
68395,44
68396,44
68397,44
68398,44
68399,44
68400,44
68401,44
68402,44
68403,44
68404,44
68405,44
68406,44
68407,44
68408,44
68409,44
68410,44
68411,44
68412,45
68413,45
68414,45
68415,45
68416,45
68417,45
68418,45
68419,45
68420,45
68421,45
68422,45
68423,45
68424,45
68425,45
68426,45
68427,45
68428,45
68429,45
68430,45
68431,45
68432,45
68433,45
68434,45
68435,45
68436,45
68437,45
68438,45
68439,45
68440,45
68441,45
68442,45
68443,45
68444,45
68445,45
68446,45
68447,45
68448,44
68449,44
68450,44
68451,44
68452,44
68453,44
68454,44
68455,44
68456,44
68457,44
68458,44
68459,44
68460,44
68461,44
68462,44
68463,44
68464,44
68465,44
68466,44
68467,44
68468,44
68469,44
68470,44
68471,44
68472,44
68473,44
68474,44
68475,44
68476,44
68477,44
68478,44
68479,44
68480,44
68481,44
68482,44
68483,44
68484,44
68485,44
68486,44
68487,44
68488,44
68489,44
68490,44
68491,44
68492,44
68493,44
68494,44
68495,44
68496,44
68497,44
68498,44
68499,44
68500,44
68501,44
68502,44
68503,44
68504,44
68505,44
68506,44
68507,44
68508,44
68509,44
68510,44
68511,44
68512,44
68513,44
68514,44
68515,44
68516,44
68517,44
68518,44
68519,44
68520,44
68521,44
68522,44
68523,44
68524,44
68525,44
68526,44
68527,44
68528,44
68529,44
68530,44
68531,44
68532,44
68533,44
68534,44
68535,44
68536,44
68537,44
68538,44
68539,44
68540,44
68541,44
68542,44
68543,44
68544,44
68545,44
68546,44
68547,44
68548,44
68549,44
68550,44
68551,44
68552,44
68553,44
68554,44
68555,44
68556,44
68557,44
68558,44
68559,44
68560,44
68561,44
68562,44
68563,44
68564,44
68565,44
68566,44
68567,44
68568,44
68569,44
68570,44
68571,44
68572,44
68573,44
68574,44
68575,44
68576,44
68577,44
68578,44
68579,44
68580,44
68581,44
68582,44
68583,44
68584,44
68585,44
68586,44
68587,44
68588,44
68589,44
68590,44
68591,44
68592,44
68593,44
68594,44
68595,44
68596,44
68597,44
68598,44
68599,44
68600,44
68601,44
68602,44
68603,44
68604,44
68605,44
68606,44
68607,44
68608,44
68609,44
68610,44
68611,44
68612,44
68613,44
68614,44
68615,44
68616,44
68617,44
68618,44
68619,44
68620,44
68621,44
68622,44
68623,44
68624,44
68625,44
68626,44
68627,44
68628,44
68629,44
68630,44
68631,44
68632,45
68633,45
68634,45
68635,45
68636,45
68637,45
68638,45
68639,45
68640,45
68641,45
68642,45
68643,45
68644,45
68645,45
68646,45
68647,45
68648,45
68649,45
68650,45
68651,45
68652,45
68653,45
68654,45
68655,45
68656,45
68657,45
68658,45
68659,45
68660,45
68661,45
68662,45
68663,45
68664,45
68665,45
68666,45
68667,45
68668,45
68669,45
68670,45
68671,45
68672,45
68673,45
68674,45
68675,45
68676,45
68677,45
68678,45
68679,45
68680,45
68681,45
68682,45
68683,45
68684,45
68685,45
68686,45
68687,45
68688,45
68689,44
68690,44
68691,44
68692,44
68693,44
68694,44
68695,44
68696,44
68697,44
68698,44
68699,44
68700,44
68701,44
68702,44
68703,44
68704,44
68705,44
68706,44
68707,44
68708,44
68709,44
68710,44
68711,44
68712,44
68713,44
68714,44
68715,44
68716,44
68717,44
68718,44
68719,44
68720,44
68721,44
68722,44
68723,44
68724,44
68725,44
68726,44
68727,44
68728,44
68729,44
68730,44
68731,44
68732,44
68733,44
68734,44
68735,44
68736,44
68737,44
68738,44
68739,44
68740,44
68741,44
68742,44
68743,44
68744,44
68745,44
68746,44
68747,44
68748,44
68749,44
68750,44
68751,44
68752,44
68753,44
68754,44
68755,44
68756,44
68757,44
68758,44
68759,44
68760,44
68761,44
68762,44
68763,44
68764,44
68765,44
68766,44
68767,44
68768,44
68769,44
68770,44
68771,44
68772,44
68773,44
68774,44
68775,44
68776,44
68777,44
68778,44
68779,44
68780,44
68781,44
68782,44
68783,44
68784,44
68785,44
68786,44
68787,44
68788,44
68789,44
68790,44
68791,44
68792,44
68793,44
68794,44
68795,44
68796,44
68797,44
68798,44
68799,44
68800,44
68801,44
68802,44
68803,44
68804,44
68805,44
68806,44
68807,44
68808,44
68809,44
68810,44
68811,44
68812,44
68813,44
68814,44
68815,44
68816,44
68817,44
68818,44
68819,44
68820,44
68821,45
68822,45
68823,45
68824,45
68825,45
68826,45
68827,45
68828,45
68829,45
68830,45
68831,45
68832,45
68833,45
68834,45
68835,45
68836,45
68837,45
68838,45
68839,45
68840,45
68841,45
68842,45
68843,45
68844,45
68845,45
68846,45
68847,45
68848,45
68849,45
68850,45
68851,45
68852,45
68853,45
68854,45
68855,45
68856,45
68857,45
68858,45
68859,45
68860,45
68861,44
68862,44
68863,44
68864,44
68865,44
68866,44
68867,44
68868,44
68869,44
68870,44
68871,44
68872,44
68873,44
68874,44
68875,44
68876,44
68877,44
68878,44
68879,44
68880,44
68881,44
68882,44
68883,44
68884,44
68885,44
68886,44
68887,44
68888,44
68889,44
68890,44
68891,44
68892,44
68893,44
68894,44
68895,44
68896,44
68897,44
68898,44
68899,44
68900,44
68901,44
68902,44
68903,44
68904,44
68905,44
68906,44
68907,44
68908,44
68909,44
68910,44
68911,44
68912,44
68913,44
68914,44
68915,44
68916,44
68917,44
68918,44
68919,44
68920,44
68921,44
68922,44
68923,44
68924,44
68925,44
68926,44
68927,44
68928,44
68929,44
68930,44
68931,44
68932,44
68933,44
68934,44
68935,44
68936,44
68937,44
68938,44
68939,44
68940,44
68941,44
68942,44
68943,44
68944,44
68945,44
68946,45
68947,45
68948,45
68949,45
68950,45
68951,45
68952,45
68953,45
68954,45
68955,45
68956,45
68957,45
68958,45
68959,45
68960,45
68961,45
68962,45
68963,45
68964,45
68965,45
68966,45
68967,45
68968,45
68969,45
68970,45
68971,45
68972,45
68973,45
68974,45
68975,45
68976,44
68977,44
68978,44
68979,44
68980,45
68981,45
68982,45
68983,45
68984,45
68985,45
68986,45
68987,45
68988,45
68989,45
68990,45
68991,45
68992,45
68993,45
68994,45
68995,45
68996,45
68997,44
68998,44
68999,44
69000,44
69001,44
69002,44
69003,44
69004,44
69005,44
69006,44
69007,44
69008,44
69009,44
69010,44
69011,44
69012,44
69013,44
69014,44
69015,44
69016,44
69017,44
69018,44
69019,44
69020,44
69021,44
69022,44
69023,44
69024,44
69025,44
69026,44
69027,44
69028,44
69029,44
69030,44
69031,44
69032,44
69033,44
69034,44
69035,44
69036,44
69037,44
69038,44
69039,44
69040,44
69041,44
69042,44
69043,44
69044,44
69045,44
69046,44
69047,44
69048,44
69049,44
69050,44
69051,44
69052,44
69053,44
69054,44
69055,44
69056,44
69057,44
69058,44
69059,44
69060,44
69061,44
69062,44
69063,44
69064,44
69065,44
69066,44
69067,44
69068,44
69069,44
69070,44
69071,44
69072,44
69073,44
69074,44
69075,44
69076,44
69077,44
69078,44
69079,44
69080,44
69081,44
69082,44
69083,44
69084,44
69085,44
69086,44
69087,44
69088,44
69089,44
69090,44
69091,44
69092,45
69093,45
69094,45
69095,45
69096,45
69097,44
69098,44
69099,44
69100,45
69101,45
69102,45
69103,45
69104,45
69105,45
69106,45
69107,45
69108,45
69109,45
69110,45
69111,45
69112,45
69113,45
69114,45
69115,45
69116,44
69117,44
69118,44
69119,44
69120,44
69121,44
69122,44
69123,44
69124,44
69125,44
69126,44
69127,44
69128,44
69129,44
69130,44
69131,44
69132,44
69133,44
69134,44
69135,44
69136,44
69137,44
69138,44
69139,44
69140,44
69141,44
69142,44
69143,44
69144,44
69145,44
69146,44
69147,44
69148,44
69149,44
69150,44
69151,44
69152,44
69153,44
69154,44
69155,44
69156,44
69157,44
69158,44
69159,44
69160,44
69161,44
69162,44
69163,44
69164,44
69165,44
69166,44
69167,44
69168,44
69169,44
69170,44
69171,44
69172,44
69173,44
69174,44
69175,44
69176,44
69177,44
69178,44
69179,44
69180,44
69181,44
69182,44
69183,44
69184,44
69185,44
69186,44
69187,44
69188,44
69189,44
69190,44
69191,44
69192,44
69193,44
69194,44
69195,44
69196,44
69197,44
69198,44
69199,44
69200,44
69201,44
69202,44
69203,44
69204,44
69205,44
69206,44
69207,44
69208,44
69209,44
69210,44
69211,44
69212,44
69213,44
69214,44
69215,44
69216,44
69217,44
69218,44
69219,44
69220,44
69221,44
69222,44
69223,44
69224,44
69225,44
69226,44
69227,44
69228,44
69229,44
69230,44
69231,44
69232,44
69233,44
69234,44
69235,44
69236,44
69237,44
69238,44
69239,44
69240,44
69241,44
69242,44
69243,44
69244,44
69245,44
69246,44
69247,44
69248,44
69249,44
69250,44
69251,44
69252,44
69253,44
69254,44
69255,44
69256,44
69257,44
69258,44
69259,44
69260,44
69261,44
69262,44
69263,44
69264,44
69265,44
69266,44
69267,44
69268,44
69269,44
69270,44
69271,44
69272,44
69273,44
69274,44
69275,44
69276,44
69277,44
69278,44
69279,44
69280,44
69281,44
69282,44
69283,44
69284,44
69285,44
69286,44
69287,44
69288,44
69289,44
69290,44
69291,44
69292,44
69293,44
69294,44
69295,44
69296,44
69297,44
69298,44
69299,44
69300,44
69301,44
69302,44
69303,44
69304,44
69305,44
69306,44
69307,44
69308,44
69309,44
69310,44
69311,44
69312,44
69313,44
69314,44
69315,44
69316,44
69317,44
69318,44
69319,44
69320,44
69321,44
69322,44
69323,44
69324,44
69325,44
69326,44
69327,44
69328,44
69329,44
69330,44
69331,44
69332,44
69333,44
69334,44
69335,44
69336,44
69337,44
69338,44
69339,44
69340,44
69341,44
69342,44
69343,44
69344,44
69345,44
69346,44
69347,44
69348,44
69349,44
69350,44
69351,44
69352,44
69353,44
69354,44
69355,44
69356,44
69357,44
69358,44
69359,44
69360,44
69361,44
69362,44
69363,44
69364,44
69365,44
69366,44
69367,44
69368,44
69369,44
69370,44
69371,44
69372,44
69373,44
69374,44
69375,44
69376,44
69377,44
69378,44
69379,44
69380,45
69381,45
69382,45
69383,45
69384,45
69385,45
69386,45
69387,45
69388,45
69389,45
69390,45
69391,45
69392,45
69393,45
69394,45
69395,45
69396,45
69397,44
69398,44
69399,45
69400,45
69401,45
69402,45
69403,45
69404,45
69405,45
69406,45
69407,45
69408,45
69409,45
69410,45
69411,45
69412,45
69413,45
69414,45
69415,45
69416,45
69417,45
69418,45
69419,45
69420,45
69421,45
69422,45
69423,44
69424,44
69425,44
69426,44
69427,44
69428,44
69429,44
69430,44
69431,44
69432,44
69433,44
69434,44
69435,44
69436,44
69437,44
69438,44
69439,44
69440,44
69441,44
69442,44
69443,44
69444,44
69445,44
69446,44
69447,44
69448,44
69449,44
69450,44
69451,44
69452,44
69453,44
69454,44
69455,44
69456,44
69457,44
69458,44
69459,44
69460,44
69461,45
69462,45
69463,44
69464,44
69465,45
69466,45
69467,45
69468,45
69469,45
69470,45
69471,45
69472,45
69473,45
69474,45
69475,45
69476,45
69477,45
69478,45
69479,45
69480,45
69481,45
69482,45
69483,45
69484,45
69485,45
69486,45
69487,45
69488,45
69489,45
69490,45
69491,45
69492,45
69493,45
69494,45
69495,45
69496,45
69497,45
69498,45
69499,45
69500,45
69501,45
69502,45
69503,45
69504,45
69505,45
69506,45
69507,45
69508,45
69509,45
69510,45
69511,45
69512,45
69513,45
69514,45
69515,45
69516,45
69517,45
69518,45
69519,45
69520,45
69521,45
69522,45
69523,45
69524,45
69525,45
69526,45
69527,45
69528,45
69529,45
69530,45
69531,45
69532,45
69533,45
69534,45
69535,45
69536,45
69537,45
69538,45
69539,45
69540,45
69541,45
69542,45
69543,45
69544,45
69545,45
69546,45
69547,45
69548,45
69549,45
69550,45
69551,45
69552,45
69553,45
69554,45
69555,45
69556,45
69557,45
69558,45
69559,45
69560,45
69561,45
69562,45
69563,45
69564,45
69565,45
69566,45
69567,45
69568,45
69569,45
69570,45
69571,45
69572,45
69573,45
69574,45
69575,45
69576,45
69577,45
69578,45
69579,45
69580,45
69581,45
69582,45
69583,45
69584,45
69585,45
69586,45
69587,45
69588,45
69589,45
69590,45
69591,45
69592,45
69593,45
69594,45
69595,45
69596,45
69597,45
69598,45
69599,45
69600,45
69601,45
69602,45
69603,45
69604,45
69605,45
69606,45
69607,45
69608,45
69609,45
69610,45
69611,45
69612,45
69613,45
69614,45
69615,45
69616,45
69617,45
69618,45
69619,45
69620,45
69621,45
69622,45
69623,45
69624,45
69625,45
69626,45
69627,45
69628,45
69629,45
69630,45
69631,45
69632,45
69633,45
69634,45
69635,45
69636,45
69637,45
69638,45
69639,45
69640,45
69641,45
69642,45
69643,45
69644,45
69645,45
69646,45
69647,45
69648,45
69649,45
69650,45
69651,45
69652,45
69653,45
69654,45
69655,45
69656,44
69657,44
69658,44
69659,44
69660,44
69661,44
69662,44
69663,44
69664,44
69665,44
69666,44
69667,44
69668,44
69669,44
69670,44
69671,44
69672,44
69673,44
69674,44
69675,44
69676,44
69677,44
69678,44
69679,44
69680,44
69681,44
69682,44
69683,44
69684,44
69685,44
69686,44
69687,44
69688,44
69689,44
69690,44
69691,44
69692,44
69693,44
69694,44
69695,44
69696,44
69697,44
69698,44
69699,44
69700,44
69701,44
69702,44
69703,44
69704,44
69705,44
69706,44
69707,44
69708,44
69709,44
69710,44
69711,44
69712,44
69713,44
69714,44
69715,44
69716,44
69717,44
69718,44
69719,44
69720,44
69721,44
69722,44
69723,44
69724,44
69725,44
69726,44
69727,44
69728,44
69729,44
69730,44
69731,44
69732,44
69733,44
69734,44
69735,44
69736,44
69737,44
69738,44
69739,44
69740,44
69741,44
69742,44
69743,44
69744,44
69745,44
69746,44
69747,44
69748,44
69749,44
69750,44
69751,44
69752,44
69753,44
69754,44
69755,44
69756,44
69757,44
69758,44
69759,44
69760,44
69761,44
69762,44
69763,44
69764,44
69765,44
69766,44
69767,44
69768,44
69769,44
69770,44
69771,44
69772,44
69773,44
69774,44
69775,44
69776,44
69777,44
69778,44
69779,44
69780,44
69781,44
69782,44
69783,44
69784,44
69785,44
69786,44
69787,44
69788,44
69789,44
69790,44
69791,44
69792,44
69793,44
69794,44
69795,44
69796,44
69797,44
69798,44
69799,44
69800,44
69801,44
69802,44
69803,44
69804,44
69805,44
69806,44
69807,44
69808,44
69809,44
69810,44
69811,44
69812,44
69813,44
69814,44
69815,44
69816,44
69817,44
69818,44
69819,44
69820,44
69821,44
69822,44
69823,44
69824,44
69825,44
69826,44
69827,44
69828,44
69829,44
69830,44
69831,44
69832,44
69833,44
69834,44
69835,44
69836,44
69837,44
69838,44
69839,44
69840,44
69841,44
69842,44
69843,44
69844,44
69845,44
69846,44
69847,44
69848,44
69849,44
69850,44
69851,44
69852,44
69853,44
69854,44
69855,44
69856,44
69857,44
69858,44
69859,44
69860,44
69861,44
69862,44
69863,44
69864,44
69865,44
69866,44
69867,44
69868,44
69869,44
69870,44
69871,44
69872,44
69873,44
69874,44
69875,44
69876,44
69877,44
69878,44
69879,44
69880,44
69881,44
69882,44
69883,44
69884,44
69885,44
69886,44
69887,44
69888,44
69889,44
69890,44
69891,44
69892,44
69893,44
69894,44
69895,44
69896,44
69897,44
69898,44
69899,44
69900,44
69901,44
69902,44
69903,44
69904,44
69905,44
69906,44
69907,44
69908,44
69909,44
69910,44
69911,44
69912,44
69913,44
69914,45
69915,45
69916,45
69917,45
69918,45
69919,45
69920,45
69921,45
69922,45
69923,45
69924,45
69925,45
69926,45
69927,45
69928,45
69929,45
69930,45
69931,45
69932,45
69933,45
69934,45
69935,45
69936,45
69937,45
69938,45
69939,45
69940,45
69941,45
69942,45
69943,45
69944,45
69945,45
69946,45
69947,45
69948,45
69949,45
69950,45
69951,45
69952,45
69953,45
69954,45
69955,45
69956,45
69957,45
69958,45
69959,45
69960,45
69961,45
69962,45
69963,45
69964,45
69965,45
69966,45
69967,45
69968,45
69969,45
69970,45
69971,45
69972,45
69973,45
69974,45
69975,45
69976,45
69977,45
69978,45
69979,45
69980,45
69981,45
69982,45
69983,45
69984,45
69985,45
69986,45
69987,45
69988,45
69989,45
69990,45
69991,45
69992,45
69993,45
69994,45
69995,45
69996,45
69997,45
69998,44
69999,44
70000,44
70001,45
70002,45
70003,45
70004,44
70005,44
70006,44
70007,45
70008,45
70009,45
70010,45
70011,44
70012,44
70013,44
70014,44
70015,45
70016,44
70017,44
70018,44
70019,44
70020,44
70021,44
70022,44
70023,44
70024,44
70025,44
70026,44
70027,44
70028,44
70029,44
70030,44
70031,44
70032,44
70033,44
70034,44
70035,44
70036,44
70037,44
70038,44
70039,44
70040,44
70041,44
70042,44
70043,44
70044,44
70045,44
70046,44
70047,44
70048,44
70049,44
70050,44
70051,44
70052,44
70053,44
70054,44
70055,44
70056,44
70057,44
70058,44
70059,44
70060,44
70061,44
70062,44
70063,44
70064,44
70065,44
70066,44
70067,44
70068,44
70069,44
70070,44
70071,44
70072,44
70073,44
70074,44
70075,44
70076,44
70077,44
70078,44
70079,44
70080,44
70081,44
70082,44
70083,44
70084,44
70085,44
70086,44
70087,44
70088,44
70089,44
70090,44
70091,44
70092,44
70093,44
70094,44
70095,44
70096,45
70097,45
70098,45
70099,45
70100,44
70101,44
70102,45
70103,44
70104,44
70105,44
70106,44
70107,44
70108,44
70109,45
70110,44
70111,44
70112,44
70113,44
70114,44
70115,44
70116,44
70117,44
70118,44
70119,44
70120,44
70121,44
70122,44
70123,44
70124,44
70125,44
70126,44
70127,44
70128,44
70129,44
70130,44
70131,44
70132,44
70133,44
70134,44
70135,44
70136,44
70137,44
70138,44
70139,44
70140,44
70141,44
70142,44
70143,44
70144,44
70145,44
70146,44
70147,44
70148,44
70149,44
70150,44
70151,44
70152,44
70153,44
70154,44
70155,44
70156,44
70157,44
70158,44
70159,44
70160,44
70161,44
70162,44
70163,44
70164,44
70165,44
70166,44
70167,44
70168,44
70169,44
70170,44
70171,44
70172,44
70173,44
70174,44
70175,44
70176,44
70177,44
70178,44
70179,44
70180,44
70181,44
70182,44
70183,44
70184,44
70185,44
70186,44
70187,44
70188,44
70189,44
70190,44
70191,44
70192,44
70193,44
70194,44
70195,44
70196,44
70197,44
70198,44
70199,44
70200,44
70201,44
70202,44
70203,44
70204,44
70205,44
70206,44
70207,44
70208,44
70209,44
70210,44
70211,44
70212,44
70213,44
70214,44
70215,44
70216,44
70217,44
70218,44
70219,44
70220,44
70221,44
70222,44
70223,44
70224,44
70225,44
70226,44
70227,44
70228,44
70229,44
70230,44
70231,44
70232,44
70233,44
70234,44
70235,44
70236,44
70237,44
70238,44
70239,44
70240,44
70241,44
70242,44
70243,44
70244,44
70245,44
70246,44
70247,44
70248,44
70249,44
70250,44
70251,44
70252,44
70253,44
70254,44
70255,44
70256,44
70257,44
70258,44
70259,44
70260,44
70261,44
70262,44
70263,44
70264,44
70265,44
70266,44
70267,44
70268,44
70269,44
70270,44
70271,44
70272,44
70273,44
70274,44
70275,44
70276,44
70277,44
70278,44
70279,44
70280,44
70281,44
70282,44
70283,45
70284,45
70285,45
70286,45
70287,45
70288,45
70289,45
70290,45
70291,45
70292,45
70293,45
70294,45
70295,45
70296,45
70297,45
70298,45
70299,45
70300,45
70301,45
70302,45
70303,45
70304,45
70305,45
70306,45
70307,45
70308,45
70309,45
70310,45
70311,45
70312,45
70313,45
70314,45
70315,45
70316,45
70317,45
70318,45
70319,45
70320,44
70321,44
70322,44
70323,44
70324,44
70325,44
70326,44
70327,44
70328,44
70329,44
70330,44
70331,44
70332,44
70333,44
70334,44
70335,44
70336,44
70337,44
70338,44
70339,44
70340,44
70341,44
70342,44
70343,44
70344,44
70345,44
70346,44
70347,44
70348,44
70349,44
70350,44
70351,44
70352,44
70353,44
70354,44
70355,44
70356,44
70357,44
70358,44
70359,44
70360,44
70361,44
70362,44
70363,44
70364,44
70365,44
70366,44
70367,44
70368,44
70369,44
70370,44
70371,44
70372,44
70373,44
70374,44
70375,44
70376,44
70377,44
70378,44
70379,44
70380,44
70381,44
70382,44
70383,44
70384,44
70385,44
70386,44
70387,44
70388,44
70389,44
70390,44
70391,44
70392,44
70393,44
70394,44
70395,44
70396,44
70397,44
70398,44
70399,44
70400,44
70401,44
70402,44
70403,44
70404,44
70405,44
70406,44
70407,44
70408,44
70409,44
70410,44
70411,44
70412,44
70413,44
70414,44
70415,44
70416,44
70417,44
70418,44
70419,44
70420,44
70421,44
70422,44
70423,44
70424,44
70425,44
70426,44
70427,44
70428,44
70429,44
70430,44
70431,44
70432,44
70433,44
70434,44
70435,44
70436,44
70437,44
70438,44
70439,44
70440,44
70441,44
70442,44
70443,44
70444,44
70445,44
70446,44
70447,44
70448,44
70449,44
70450,44
70451,44
70452,44
70453,44
70454,44
70455,44
70456,44
70457,44
70458,44
70459,44
70460,44
70461,44
70462,44
70463,44
70464,44
70465,44
70466,44
70467,44
70468,44
70469,44
70470,44
70471,44
70472,44
70473,44
70474,44
70475,44
70476,44
70477,44
70478,44
70479,44
70480,44
70481,44
70482,44
70483,44
70484,44
70485,44
70486,44
70487,44
70488,44
70489,44
70490,44
70491,44
70492,44
70493,44
70494,44
70495,44
70496,44
70497,44
70498,44
70499,44
70500,44
70501,44
70502,44
70503,44
70504,44
70505,44
70506,44
70507,44
70508,44
70509,44
70510,44
70511,44
70512,44
70513,44
70514,44
70515,44
70516,44
70517,44
70518,44
70519,44
70520,44
70521,44
70522,44
70523,44
70524,44
70525,44
70526,44
70527,44
70528,44
70529,44
70530,44
70531,44
70532,44
70533,44
70534,44
70535,44
70536,44
70537,44
70538,44
70539,44
70540,44
70541,44
70542,44
70543,44
70544,44
70545,44
70546,44
70547,44
70548,44
70549,44
70550,44
70551,44
70552,44
70553,44
70554,44
70555,44
70556,44
70557,44
70558,44
70559,44
70560,44
70561,44
70562,44
70563,44
70564,44
70565,44
70566,44
70567,44
70568,44
70569,44
70570,44
70571,44
70572,44
70573,44
70574,44
70575,44
70576,44
70577,44
70578,44
70579,44
70580,44
70581,44
70582,44
70583,44
70584,44
70585,44
70586,44
70587,44
70588,44
70589,44
70590,44
70591,44
70592,44
70593,44
70594,44
70595,44
70596,44
70597,44
70598,44
70599,44
70600,44
70601,44
70602,44
70603,44
70604,44
70605,44
70606,44
70607,44
70608,44
70609,44
70610,44
70611,44
70612,44
70613,44
70614,44
70615,44
70616,44
70617,44
70618,44
70619,44
70620,44
70621,44
70622,44
70623,44
70624,44
70625,44
70626,44
70627,44
70628,44
70629,44
70630,44
70631,44
70632,44
70633,44
70634,44
70635,44
70636,44
70637,44
70638,44
70639,44
70640,44
70641,44
70642,44
70643,44
70644,44
70645,44
70646,44
70647,44
70648,44
70649,44
70650,44
70651,44
70652,44
70653,44
70654,44
70655,44
70656,44
70657,44
70658,44
70659,44
70660,44
70661,44
70662,44
70663,44
70664,44
70665,44
70666,44
70667,44
70668,44
70669,44
70670,44
70671,44
70672,44
70673,44
70674,44
70675,44
70676,44
70677,44
70678,44
70679,44
70680,44
70681,44
70682,44
70683,44
70684,44
70685,44
70686,44
70687,44
70688,44
70689,44
70690,44
70691,44
70692,44
70693,44
70694,44
70695,44
70696,44
70697,44
70698,44
70699,44
70700,44
70701,44
70702,44
70703,44
70704,44
70705,44
70706,44
70707,44
70708,44
70709,44
70710,44
70711,44
70712,44
70713,44
70714,44
70715,44
70716,44
70717,44
70718,44
70719,44
70720,44
70721,44
70722,44
70723,44
70724,44
70725,44
70726,44
70727,44
70728,44
70729,44
70730,44
70731,44
70732,44
70733,44
70734,44
70735,44
70736,44
70737,44
70738,44
70739,44
70740,44
70741,44
70742,44
70743,45
70744,45
70745,45
70746,44
70747,44
70748,44
70749,44
70750,44
70751,44
70752,44
70753,44
70754,44
70755,44
70756,44
70757,45
70758,45
70759,44
70760,44
70761,44
70762,44
70763,44
70764,44
70765,44
70766,44
70767,44
70768,44
70769,45
70770,45
70771,45
70772,45
70773,45
70774,45
70775,45
70776,45
70777,45
70778,45
70779,45
70780,45
70781,45
70782,45
70783,45
70784,45
70785,45
70786,45
70787,45
70788,45
70789,45
70790,45
70791,45
70792,45
70793,45
70794,44
70795,44
70796,44
70797,45
70798,45
70799,44
70800,44
70801,44
70802,44
70803,44
70804,44
70805,44
70806,44
70807,44
70808,44
70809,44
70810,44
70811,44
70812,44
70813,44
70814,44
70815,44
70816,44
70817,44
70818,44
70819,44
70820,44
70821,44
70822,44
70823,44
70824,44
70825,44
70826,44
70827,44
70828,44
70829,44
70830,44
70831,44
70832,44
70833,44
70834,44
70835,44
70836,44
70837,44
70838,44
70839,44
70840,44
70841,44
70842,44
70843,44
70844,44
70845,44
70846,44
70847,44
70848,44
70849,44
70850,44
70851,44
70852,44
70853,44
70854,44
70855,44
70856,44
70857,44
70858,44
70859,44
70860,44
70861,44
70862,44
70863,44
70864,44
70865,44
70866,44
70867,44
70868,44
70869,44
70870,44
70871,44
70872,44
70873,44
70874,44
70875,44
70876,44
70877,45
70878,44
70879,44
70880,44
70881,44
70882,44
70883,44
70884,44
70885,44
70886,44
70887,44
70888,44
70889,44
70890,44
70891,44
70892,44
70893,44
70894,44
70895,44
70896,44
70897,44
70898,44
70899,44
70900,44
70901,44
70902,44
70903,44
70904,44
70905,44
70906,44
70907,44
70908,44
70909,44
70910,44
70911,44
70912,44
70913,44
70914,44
70915,44
70916,44
70917,44
70918,44
70919,44
70920,44
70921,44
70922,44
70923,44
70924,44
70925,44
70926,44
70927,44
70928,44
70929,44
70930,44
70931,44
70932,44
70933,44
70934,44
70935,44
70936,44
70937,44
70938,44
70939,44
70940,44
70941,44
70942,44
70943,44
70944,44
70945,44
70946,44
70947,44
70948,44
70949,44
70950,44
70951,44
70952,44
70953,44
70954,44
70955,44
70956,44
70957,44
70958,44
70959,44
70960,44
70961,44
70962,44
70963,44
70964,44
70965,44
70966,44
70967,44
70968,44
70969,44
70970,44
70971,44
70972,44
70973,45
70974,44
70975,45
70976,45
70977,45
70978,45
70979,45
70980,45
70981,45
70982,45
70983,45
70984,45
70985,45
70986,45
70987,45
70988,45
70989,45
70990,45
70991,45
70992,45
70993,45
70994,45
70995,45
70996,45
70997,45
70998,45
70999,45
71000,45
71001,45
71002,45
71003,45
71004,45
71005,45
71006,45
71007,45
71008,45
71009,45
71010,45
71011,44
71012,44
71013,44
71014,44
71015,44
71016,44
71017,44
71018,44
71019,44
71020,44
71021,44
71022,44
71023,44
71024,44
71025,44
71026,44
71027,44
71028,44
71029,44
71030,44
71031,44
71032,44
71033,44
71034,44
71035,44
71036,44
71037,44
71038,44
71039,44
71040,44
71041,44
71042,44
71043,44
71044,44
71045,44
71046,44
71047,44
71048,44
71049,44
71050,44
71051,44
71052,44
71053,44
71054,44
71055,44
71056,44
71057,44
71058,44
71059,44
71060,44
71061,44
71062,44
71063,44
71064,44
71065,44
71066,44
71067,44
71068,44
71069,44
71070,44
71071,44
71072,44
71073,44
71074,44
71075,44
71076,44
71077,44
71078,44
71079,44
71080,44
71081,44
71082,44
71083,44
71084,44
71085,44
71086,44
71087,44
71088,44
71089,44
71090,44
71091,44
71092,44
71093,44
71094,44
71095,44
71096,44
71097,44
71098,44
71099,44
71100,44
71101,44
71102,44
71103,44
71104,44
71105,44
71106,44
71107,44
71108,44
71109,44
71110,44
71111,44
71112,44
71113,44
71114,44
71115,44
71116,44
71117,44
71118,44
71119,44
71120,44
71121,44
71122,44
71123,44
71124,44
71125,44
71126,44
71127,44
71128,44
71129,44
71130,44
71131,44
71132,44
71133,44
71134,44
71135,44
71136,44
71137,44
71138,44
71139,44
71140,44
71141,44
71142,44
71143,44
71144,45
71145,45
71146,45
71147,45
71148,45
71149,45
71150,45
71151,45
71152,45
71153,45
71154,45
71155,45
71156,45
71157,45
71158,45
71159,45
71160,45
71161,45
71162,45
71163,45
71164,45
71165,45
71166,45
71167,45
71168,45
71169,45
71170,45
71171,45
71172,45
71173,45
71174,45
71175,45
71176,45
71177,45
71178,45
71179,45
71180,45
71181,45
71182,45
71183,45
71184,45
71185,45
71186,45
71187,45
71188,45
71189,45
71190,45
71191,45
71192,45
71193,45
71194,45
71195,45
71196,45
71197,45
71198,45
71199,45
71200,45
71201,45
71202,45
71203,45
71204,45
71205,45
71206,45
71207,45
71208,45
71209,44
71210,44
71211,45
71212,45
71213,44
71214,44
71215,44
71216,44
71217,44
71218,44
71219,44
71220,44
71221,44
71222,44
71223,44
71224,44
71225,44
71226,44
71227,44
71228,44
71229,44
71230,44
71231,44
71232,44
71233,44
71234,44
71235,44
71236,44
71237,44
71238,44
71239,44
71240,44
71241,44
71242,44
71243,44
71244,44
71245,44
71246,44
71247,44
71248,44
71249,44
71250,44
71251,44
71252,44
71253,44
71254,44
71255,44
71256,44
71257,44
71258,44
71259,44
71260,44
71261,44
71262,44
71263,44
71264,44
71265,44
71266,44
71267,44
71268,44
71269,44
71270,44
71271,44
71272,44
71273,44
71274,44
71275,44
71276,44
71277,44
71278,44
71279,44
71280,44
71281,44
71282,44
71283,44
71284,44
71285,44
71286,44
71287,44
71288,44
71289,44
71290,44
71291,44
71292,44
71293,44
71294,44
71295,44
71296,44
71297,44
71298,44
71299,44
71300,44
71301,44
71302,44
71303,44
71304,44
71305,44
71306,44
71307,44
71308,44
71309,44
71310,44
71311,44
71312,44
71313,44
71314,44
71315,44
71316,44
71317,44
71318,44
71319,44
71320,44
71321,44
71322,44
71323,44
71324,44
71325,44
71326,44
71327,44
71328,44
71329,44
71330,44
71331,44
71332,44
71333,44
71334,44
71335,44
71336,44
71337,44
71338,44
71339,44
71340,44
71341,44
71342,44
71343,44
71344,44
71345,44
71346,44
71347,44
71348,44
71349,44
71350,44
71351,44
71352,44
71353,44
71354,44
71355,44
71356,44
71357,44
71358,44
71359,44
71360,44
71361,44
71362,44
71363,44
71364,44
71365,44
71366,44
71367,44
71368,44
71369,44
71370,44
71371,44
71372,44
71373,44
71374,44
71375,44
71376,44
71377,44
71378,44
71379,44
71380,44
71381,44
71382,44
71383,44
71384,44
71385,44
71386,44
71387,44
71388,44
71389,44
71390,44
71391,44
71392,44
71393,44
71394,44
71395,44
71396,44
71397,44
71398,44
71399,44
71400,44
71401,44
71402,44
71403,44
71404,44
71405,44
71406,44
71407,44
71408,44
71409,44
71410,44
71411,44
71412,44
71413,44
71414,44
71415,44
71416,44
71417,44
71418,44
71419,44
71420,44
71421,44
71422,44
71423,44
71424,44
71425,44
71426,44
71427,44
71428,44
71429,44
71430,44
71431,44
71432,44
71433,44
71434,44
71435,44
71436,44
71437,44
71438,44
71439,44
71440,44
71441,44
71442,44
71443,44
71444,44
71445,44
71446,44
71447,44
71448,44
71449,44
71450,44
71451,44
71452,44
71453,44
71454,44
71455,44
71456,44
71457,44
71458,44
71459,44
71460,44
71461,44
71462,44
71463,44
71464,44
71465,44
71466,44
71467,44
71468,44
71469,44
71470,44
71471,44
71472,44
71473,44
71474,44
71475,44
71476,44
71477,44
71478,44
71479,44
71480,44
71481,44
71482,44
71483,44
71484,44
71485,44
71486,44
71487,44
71488,44
71489,44
71490,44
71491,44
71492,44
71493,44
71494,44
71495,44
71496,44
71497,44
71498,44
71499,44
71500,44
71501,44
71502,44
71503,44
71504,44
71505,44
71506,44
71507,44
71508,44
71509,44
71510,44
71511,44
71512,44
71513,44
71514,44
71515,44
71516,44
71517,44
71518,44
71519,44
71520,44
71521,44
71522,44
71523,44
71524,44
71525,44
71526,44
71527,44
71528,44
71529,44
71530,44
71531,44
71532,44
71533,44
71534,44
71535,44
71536,44
71537,44
71538,44
71539,44
71540,44
71541,44
71542,44
71543,44
71544,44
71545,44
71546,44
71547,44
71548,44
71549,44
71550,44
71551,44
71552,44
71553,44
71554,44
71555,44
71556,44
71557,44
71558,44
71559,44
71560,44
71561,44
71562,44
71563,44
71564,44
71565,44
71566,44
71567,44
71568,44
71569,44
71570,44
71571,44
71572,44
71573,44
71574,44
71575,44
71576,44
71577,44
71578,44
71579,44
71580,44
71581,44
71582,44
71583,44
71584,44
71585,44
71586,44
71587,44
71588,44
71589,44
71590,44
71591,44
71592,44
71593,44
71594,44
71595,44
71596,44
71597,44
71598,44
71599,44
71600,44
71601,44
71602,44
71603,44
71604,44
71605,44
71606,44
71607,44
71608,44
71609,44
71610,44
71611,44
71612,44
71613,44
71614,44
71615,44
71616,44
71617,44
71618,44
71619,44
71620,44
71621,44
71622,44
71623,44
71624,44
71625,44
71626,44
71627,44
71628,44
71629,44
71630,44
71631,44
71632,44
71633,44
71634,44
71635,44
71636,44
71637,44
71638,44
71639,44
71640,44
71641,44
71642,44
71643,44
71644,44
71645,44
71646,44
71647,44
71648,44
71649,44
71650,44
71651,44
71652,44
71653,44
71654,44
71655,44
71656,44
71657,44
71658,44
71659,44
71660,44
71661,44
71662,44
71663,44
71664,44
71665,44
71666,44
71667,44
71668,44
71669,44
71670,44
71671,44
71672,44
71673,44
71674,44
71675,44
71676,44
71677,44
71678,44
71679,44
71680,44
71681,44
71682,44
71683,44
71684,44
71685,44
71686,44
71687,44
71688,44
71689,44
71690,44
71691,44
71692,44
71693,44
71694,44
71695,44
71696,44
71697,44
71698,44
71699,44
71700,44
71701,44
71702,44
71703,44
71704,44
71705,44
71706,44
71707,44
71708,44
71709,44
71710,44
71711,44
71712,44
71713,44
71714,44
71715,44
71716,44
71717,44
71718,44
71719,44
71720,44
71721,44
71722,44
71723,44
71724,44
71725,44
71726,44
71727,44
71728,44
71729,44
71730,44
71731,44
71732,44
71733,44
71734,44
71735,44
71736,44
71737,44
71738,44
71739,44
71740,44
71741,44
71742,44
71743,44
71744,44
71745,44
71746,44
71747,44
71748,44
71749,44
71750,44
71751,44
71752,44
71753,44
71754,44
71755,44
71756,44
71757,44
71758,44
71759,44
71760,44
71761,44
71762,44
71763,44
71764,44
71765,44
71766,44
71767,44
71768,44
71769,44
71770,44
71771,44
71772,44
71773,44
71774,44
71775,44
71776,44
71777,44
71778,44
71779,44
71780,44
71781,44
71782,44
71783,44
71784,44
71785,44
71786,44
71787,44
71788,44
71789,44
71790,44
71791,44
71792,44
71793,44
71794,44
71795,44
71796,44
71797,44
71798,44
71799,44
71800,44
71801,44
71802,44
71803,44
71804,44
71805,44
71806,44
71807,44
71808,44
71809,44
71810,44
71811,44
71812,44
71813,44
71814,44
71815,44
71816,44
71817,44
71818,44
71819,44
71820,44
71821,44
71822,44
71823,44
71824,44
71825,44
71826,44
71827,44
71828,44
71829,44
71830,44
71831,44
71832,44
71833,44
71834,44
71835,44
71836,44
71837,44
71838,44
71839,44
71840,44
71841,44
71842,44
71843,44
71844,44
71845,44
71846,44
71847,44
71848,44
71849,44
71850,44
71851,44
71852,44
71853,44
71854,44
71855,44
71856,44
71857,44
71858,44
71859,44
71860,44
71861,44
71862,44
71863,44
71864,44
71865,44
71866,44
71867,44
71868,44
71869,44
71870,44
71871,44
71872,44
71873,44
71874,44
71875,44
71876,44
71877,44
71878,44
71879,44
71880,44
71881,44
71882,44
71883,44
71884,44
71885,44
71886,44
71887,44
71888,44
71889,44
71890,44
71891,44
71892,44
71893,44
71894,44
71895,44
71896,44
71897,44
71898,44
71899,44
71900,44
71901,44
71902,44
71903,44
71904,44
71905,44
71906,44
71907,44
71908,44
71909,44
71910,44
71911,44
71912,44
71913,44
71914,44
71915,44
71916,44
71917,44
71918,44
71919,44
71920,44
71921,44
71922,44
71923,44
71924,44
71925,44
71926,44
71927,44
71928,44
71929,44
71930,44
71931,44
71932,44
71933,44
71934,44
71935,44
71936,44
71937,44
71938,44
71939,44
71940,44
71941,44
71942,44
71943,44
71944,44
71945,44
71946,44
71947,44
71948,44
71949,44
71950,44
71951,44
71952,44
71953,44
71954,44
71955,44
71956,44
71957,44
71958,44
71959,44
71960,44
71961,44
71962,44
71963,44
71964,44
71965,44
71966,44
71967,44
71968,44
71969,44
71970,44
71971,44
71972,44
71973,44
71974,44
71975,44
71976,44
71977,44
71978,44
71979,44
71980,44
71981,44
71982,44
71983,44
71984,44
71985,44
71986,44
71987,44
71988,44
71989,44
71990,44
71991,44
71992,44
71993,44
71994,44
71995,44
71996,44
71997,44
71998,44
71999,44
72000,44
72001,44
72002,44
72003,44
72004,44
72005,44
72006,44
72007,44
72008,44
72009,44
72010,44
72011,44
72012,44
72013,44
72014,44
72015,44
72016,44
72017,44
72018,44
72019,44
72020,44
72021,44
72022,44
72023,44
72024,44
72025,44
72026,44
72027,44
72028,44
72029,44
72030,44
72031,44
72032,44
72033,44
72034,44
72035,44
72036,44
72037,44
72038,44
72039,44
72040,44
72041,44
72042,44
72043,44
72044,44
72045,44
72046,44
72047,44
72048,44
72049,44
72050,44
72051,44
72052,44
72053,44
72054,44
72055,44
72056,44
72057,44
72058,44
72059,44
72060,44
72061,44
72062,44
72063,44
72064,44
72065,44
72066,44
72067,44
72068,44
72069,44
72070,44
72071,44
72072,44
72073,44
72074,44
72075,44
72076,44
72077,44
72078,44
72079,44
72080,44
72081,44
72082,44
72083,44
72084,44
72085,44
72086,44
72087,44
72088,44
72089,44
72090,44
72091,44
72092,44
72093,44
72094,44
72095,44
72096,44
72097,44
72098,44
72099,44
72100,44
72101,44
72102,44
72103,44
72104,44
72105,44
72106,44
72107,44
72108,44
72109,44
72110,44
72111,44
72112,44
72113,44
72114,44
72115,44
72116,44
72117,44
72118,44
72119,44
72120,44
72121,44
72122,44
72123,44
72124,44
72125,44
72126,44
72127,44
72128,44
72129,44
72130,44
72131,44
72132,44
72133,44
72134,44
72135,44
72136,44
72137,44
72138,44
72139,44
72140,45
72141,45
72142,44
72143,44
72144,44
72145,44
72146,45
72147,45
72148,45
72149,45
72150,45
72151,45
72152,45
72153,45
72154,45
72155,44
72156,44
72157,44
72158,44
72159,44
72160,44
72161,44
72162,44
72163,44
72164,44
72165,44
72166,44
72167,45
72168,44
72169,44
72170,44
72171,44
72172,44
72173,44
72174,44
72175,44
72176,44
72177,44
72178,44
72179,44
72180,44
72181,44
72182,44
72183,44
72184,44
72185,44
72186,44
72187,44
72188,44
72189,44
72190,44
72191,44
72192,44
72193,44
72194,44
72195,44
72196,44
72197,44
72198,44
72199,44
72200,44
72201,44
72202,44
72203,44
72204,44
72205,44
72206,44
72207,44
72208,44
72209,44
72210,44
72211,44
72212,44
72213,44
72214,44
72215,44
72216,44
72217,44
72218,44
72219,44
72220,44
72221,43
72222,43
72223,43
72224,43
72225,44
72226,44
72227,44
72228,44
72229,44
72230,44
72231,44
72232,44
72233,44
72234,44
72235,44
72236,44
72237,44
72238,44
72239,44
72240,44
72241,44
72242,44
72243,44
72244,44
72245,44
72246,44
72247,44
72248,44
72249,44
72250,44
72251,44
72252,44
72253,44
72254,44
72255,44
72256,44
72257,44
72258,44
72259,44
72260,44
72261,44
72262,44
72263,44
72264,44
72265,44
72266,44
72267,44
72268,44
72269,44
72270,44
72271,44
72272,44
72273,44
72274,44
72275,44
72276,44
72277,44
72278,44
72279,44
72280,44
72281,44
72282,44
72283,44
72284,44
72285,44
72286,44
72287,44
72288,44
72289,44
72290,44
72291,44
72292,44
72293,44
72294,44
72295,44
72296,44
72297,44
72298,44
72299,44
72300,44
72301,44
72302,44
72303,44
72304,44
72305,44
72306,44
72307,44
72308,44
72309,44
72310,44
72311,44
72312,44
72313,44
72314,44
72315,44
72316,44
72317,44
72318,44
72319,44
72320,44
72321,44
72322,44
72323,44
72324,44
72325,44
72326,44
72327,44
72328,44
72329,44
72330,44
72331,44
72332,44
72333,44
72334,44
72335,44
72336,44
72337,44
72338,44
72339,44
72340,44
72341,44
72342,44
72343,44
72344,44
72345,44
72346,44
72347,44
72348,44
72349,44
72350,44
72351,44
72352,44
72353,44
72354,44
72355,44
72356,44
72357,44
72358,44
72359,44
72360,44
72361,44
72362,44
72363,44
72364,44
72365,44
72366,44
72367,44
72368,44
72369,44
72370,44
72371,44
72372,44
72373,44
72374,44
72375,44
72376,44
72377,44
72378,44
72379,44
72380,44
72381,44
72382,44
72383,44
72384,44
72385,44
72386,44
72387,44
72388,44
72389,44
72390,44
72391,44
72392,44
72393,44
72394,44
72395,44
72396,44
72397,44
72398,44
72399,44
72400,44
72401,44
72402,44
72403,44
72404,44
72405,44
72406,44
72407,44
72408,44
72409,44
72410,44
72411,44
72412,44
72413,44
72414,44
72415,44
72416,44
72417,44
72418,44
72419,44
72420,44
72421,44
72422,44
72423,44
72424,44
72425,44
72426,44
72427,44
72428,44
72429,44
72430,44
72431,44
72432,44
72433,44
72434,44
72435,44
72436,44
72437,44
72438,44
72439,44
72440,44
72441,44
72442,44
72443,44
72444,44
72445,44
72446,44
72447,44
72448,44
72449,44
72450,44
72451,44
72452,44
72453,44
72454,44
72455,44
72456,44
72457,44
72458,44
72459,44
72460,44
72461,44
72462,44
72463,44
72464,44
72465,44
72466,44
72467,44
72468,44
72469,44
72470,44
72471,44
72472,44
72473,44
72474,44
72475,44
72476,44
72477,44
72478,44
72479,44
72480,44
72481,44
72482,44
72483,44
72484,44
72485,44
72486,44
72487,44
72488,44
72489,44
72490,44
72491,44
72492,44
72493,44
72494,44
72495,44
72496,44
72497,44
72498,44
72499,44
72500,44
72501,44
72502,44
72503,44
72504,44
72505,44
72506,44
72507,44
72508,44
72509,44
72510,44
72511,44
72512,44
72513,44
72514,44
72515,44
72516,44
72517,44
72518,44
72519,44
72520,44
72521,44
72522,44
72523,44
72524,44
72525,44
72526,44
72527,44
72528,44
72529,44
72530,44
72531,44
72532,44
72533,44
72534,44
72535,44
72536,44
72537,44
72538,44
72539,44
72540,44
72541,44
72542,44
72543,44
72544,44
72545,44
72546,44
72547,44
72548,44
72549,44
72550,44
72551,44
72552,44
72553,44
72554,44
72555,44
72556,44
72557,44
72558,44
72559,44
72560,44
72561,44
72562,44
72563,44
72564,44
72565,44
72566,44
72567,44
72568,44
72569,44
72570,44
72571,44
72572,44
72573,44
72574,44
72575,44
72576,44
72577,44
72578,44
72579,44
72580,44
72581,44
72582,44
72583,44
72584,44
72585,44
72586,44
72587,44
72588,44
72589,44
72590,44
72591,44
72592,44
72593,44
72594,44
72595,44
72596,44
72597,44
72598,44
72599,44
72600,44
72601,44
72602,44
72603,44
72604,44
72605,44
72606,44
72607,44
72608,44
72609,44
72610,44
72611,44
72612,44
72613,44
72614,44
72615,44
72616,44
72617,44
72618,44
72619,44
72620,44
72621,44
72622,44
72623,44
72624,44
72625,44
72626,44
72627,44
72628,44
72629,44
72630,44
72631,44
72632,44
72633,44
72634,44
72635,44
72636,44
72637,44
72638,44
72639,44
72640,44
72641,44
72642,44
72643,44
72644,44
72645,44
72646,44
72647,44
72648,44
72649,44
72650,44
72651,44
72652,44
72653,44
72654,44
72655,44
72656,44
72657,44
72658,44
72659,44
72660,44
72661,44
72662,44
72663,44
72664,44
72665,44
72666,44
72667,44
72668,44
72669,44
72670,44
72671,44
72672,44
72673,44
72674,44
72675,44
72676,44
72677,44
72678,44
72679,44
72680,44
72681,44
72682,44
72683,44
72684,44
72685,44
72686,44
72687,44
72688,44
72689,44
72690,44
72691,44
72692,44
72693,44
72694,44
72695,44
72696,44
72697,44
72698,44
72699,44
72700,44
72701,44
72702,44
72703,44
72704,44
72705,44
72706,44
72707,44
72708,44
72709,44
72710,44
72711,44
72712,44
72713,44
72714,44
72715,44
72716,44
72717,44
72718,44
72719,44
72720,44
72721,44
72722,44
72723,44
72724,44
72725,44
72726,44
72727,44
72728,44
72729,44
72730,44
72731,44
72732,44
72733,44
72734,44
72735,44
72736,44
72737,44
72738,44
72739,44
72740,44
72741,44
72742,44
72743,44
72744,44
72745,44
72746,44
72747,44
72748,44
72749,44
72750,44
72751,44
72752,44
72753,44
72754,44
72755,44
72756,44
72757,44
72758,44
72759,44
72760,44
72761,44
72762,44
72763,44
72764,44
72765,44
72766,44
72767,44
72768,44
72769,44
72770,44
72771,44
72772,44
72773,44
72774,44
72775,44
72776,44
72777,44
72778,44
72779,44
72780,44
72781,44
72782,44
72783,44
72784,44
72785,44
72786,44
72787,44
72788,44
72789,44
72790,44
72791,44
72792,44
72793,44
72794,44
72795,44
72796,44
72797,44
72798,44
72799,44
72800,44
72801,44
72802,44
72803,44
72804,44
72805,44
72806,44
72807,44
72808,44
72809,44
72810,44
72811,44
72812,44
72813,44
72814,44
72815,44
72816,44
72817,44
72818,44
72819,44
72820,44
72821,44
72822,44
72823,44
72824,44
72825,44
72826,44
72827,44
72828,44
72829,44
72830,44
72831,44
72832,44
72833,44
72834,44
72835,44
72836,44
72837,44
72838,44
72839,44
72840,44
72841,44
72842,44
72843,44
72844,44
72845,44
72846,44
72847,44
72848,44
72849,44
72850,44
72851,44
72852,44
72853,44
72854,44
72855,44
72856,44
72857,44
72858,44
72859,44
72860,44
72861,44
72862,44
72863,44
72864,44
72865,44
72866,44
72867,44
72868,44
72869,44
72870,44
72871,44
72872,44
72873,44
72874,44
72875,44
72876,44
72877,44
72878,44
72879,44
72880,44
72881,45
72882,45
72883,44
72884,44
72885,44
72886,44
72887,44
72888,45
72889,45
72890,44
72891,44
72892,44
72893,44
72894,45
72895,45
72896,45
72897,44
72898,44
72899,45
72900,45
72901,45
72902,45
72903,45
72904,44
72905,44
72906,45
72907,45
72908,45
72909,45
72910,45
72911,44
72912,44
72913,44
72914,45
72915,45
72916,45
72917,44
72918,44
72919,44
72920,44
72921,45
72922,45
72923,44
72924,44
72925,44
72926,44
72927,44
72928,44
72929,44
72930,44
72931,44
72932,44
72933,44
72934,44
72935,44
72936,44
72937,44
72938,44
72939,44
72940,44
72941,44
72942,44
72943,44
72944,44
72945,44
72946,44
72947,44
72948,44
72949,44
72950,44
72951,44
72952,44
72953,44
72954,44
72955,44
72956,44
72957,44
72958,44
72959,44
72960,44
72961,44
72962,44
72963,44
72964,44
72965,44
72966,44
72967,44
72968,44
72969,44
72970,44
72971,44
72972,44
72973,44
72974,44
72975,44
72976,44
72977,44
72978,44
72979,44
72980,44
72981,44
72982,44
72983,44
72984,44
72985,44
72986,44
72987,44
72988,44
72989,44
72990,44
72991,44
72992,44
72993,44
72994,44
72995,44
72996,44
72997,44
72998,44
72999,44
73000,44
73001,44
73002,44
73003,44
73004,44
73005,44
73006,44
73007,44
73008,44
73009,44
73010,44
73011,44
73012,44
73013,44
73014,44
73015,44
73016,44
73017,44
73018,44
73019,44
73020,44
73021,44
73022,44
73023,44
73024,44
73025,44
73026,44
73027,44
73028,44
73029,44
73030,44
73031,44
73032,44
73033,44
73034,44
73035,44
73036,44
73037,44
73038,44
73039,44
73040,44
73041,44
73042,44
73043,44
73044,44
73045,44
73046,44
73047,44
73048,44
73049,44
73050,44
73051,44
73052,44
73053,44
73054,44
73055,44
73056,44
73057,44
73058,44
73059,44
73060,44
73061,44
73062,44
73063,44
73064,44
73065,44
73066,44
73067,44
73068,44
73069,44
73070,44
73071,44
73072,44
73073,44
73074,44
73075,44
73076,44
73077,44
73078,44
73079,44
73080,44
73081,44
73082,44
73083,44
73084,44
73085,44
73086,44
73087,44
73088,44
73089,44
73090,44
73091,44
73092,44
73093,44
73094,44
73095,44
73096,44
73097,44
73098,44
73099,44
73100,44
73101,44
73102,44
73103,44
73104,44
73105,44
73106,44
73107,44
73108,44
73109,44
73110,44
73111,44
73112,44
73113,44
73114,44
73115,44
73116,44
73117,44
73118,44
73119,44
73120,44
73121,44
73122,44
73123,44
73124,44
73125,44
73126,44
73127,44
73128,44
73129,44
73130,44
73131,44
73132,44
73133,44
73134,44
73135,44
73136,44
73137,44
73138,44
73139,44
73140,44
73141,44
73142,44
73143,44
73144,44
73145,44
73146,44
73147,44
73148,44
73149,44
73150,44
73151,44
73152,44
73153,44
73154,44
73155,44
73156,44
73157,44
73158,44
73159,44
73160,44
73161,44
73162,44
73163,44
73164,44
73165,44
73166,44
73167,44
73168,44
73169,44
73170,44
73171,44
73172,44
73173,44
73174,44
73175,44
73176,44
73177,44
73178,44
73179,44
73180,44
73181,44
73182,44
73183,44
73184,44
73185,44
73186,44
73187,44
73188,44
73189,44
73190,44
73191,44
73192,44
73193,44
73194,44
73195,44
73196,44
73197,44
73198,44
73199,44
73200,44
73201,44
73202,44
73203,44
73204,44
73205,44
73206,44
73207,44
73208,44
73209,44
73210,44
73211,44
73212,44
73213,44
73214,44
73215,44
73216,44
73217,44
73218,44
73219,44
73220,44
73221,44
73222,44
73223,44
73224,44
73225,44
73226,44
73227,44
73228,44
73229,44
73230,44
73231,44
73232,44
73233,44
73234,44
73235,44
73236,44
73237,44
73238,44
73239,44
73240,44
73241,44
73242,44
73243,44
73244,44
73245,44
73246,44
73247,44
73248,44
73249,44
73250,44
73251,44
73252,44
73253,44
73254,44
73255,44
73256,44
73257,44
73258,44
73259,44
73260,44
73261,44
73262,44
73263,44
73264,44
73265,44
73266,44
73267,44
73268,44
73269,44
73270,44
73271,44
73272,44
73273,44
73274,44
73275,44
73276,44
73277,44
73278,44
73279,44
73280,44
73281,44
73282,44
73283,44
73284,44
73285,44
73286,44
73287,44
73288,44
73289,44
73290,44
73291,44
73292,44
73293,44
73294,44
73295,44
73296,44
73297,44
73298,44
73299,44
73300,44
73301,44
73302,44
73303,44
73304,44
73305,44
73306,44
73307,44
73308,44
73309,44
73310,44
73311,44
73312,44
73313,44
73314,44
73315,44
73316,44
73317,44
73318,44
73319,44
73320,44
73321,44
73322,44
73323,44
73324,44
73325,44
73326,44
73327,44
73328,44
73329,44
73330,44
73331,44
73332,44
73333,44
73334,44
73335,44
73336,44
73337,44
73338,44
73339,44
73340,44
73341,44
73342,44
73343,44
73344,44
73345,44
73346,44
73347,44
73348,44
73349,44
73350,44
73351,44
73352,44
73353,44
73354,44
73355,44
73356,44
73357,44
73358,44
73359,44
73360,44
73361,44
73362,44
73363,44
73364,44
73365,44
73366,44
73367,44
73368,44
73369,44
73370,44
73371,44
73372,44
73373,44
73374,44
73375,44
73376,44
73377,44
73378,44
73379,44
73380,44
73381,44
73382,44
73383,44
73384,44
73385,44
73386,44
73387,44
73388,44
73389,44
73390,44
73391,44
73392,44
73393,44
73394,44
73395,44
73396,44
73397,44
73398,44
73399,44
73400,44
73401,44
73402,44
73403,44
73404,44
73405,44
73406,44
73407,44
73408,44
73409,44
73410,44
73411,44
73412,44
73413,44
73414,44
73415,44
73416,44
73417,44
73418,44
73419,44
73420,44
73421,44
73422,44
73423,44
73424,44
73425,44
73426,44
73427,44
73428,44
73429,44
73430,44
73431,44
73432,44
73433,44
73434,44
73435,44
73436,44
73437,44
73438,44
73439,44
73440,44
73441,45
73442,45
73443,45
73444,45
73445,45
73446,45
73447,45
73448,45
73449,45
73450,45
73451,45
73452,45
73453,45
73454,45
73455,45
73456,45
73457,45
73458,45
73459,45
73460,45
73461,45
73462,45
73463,45
73464,45
73465,45
73466,45
73467,45
73468,45
73469,45
73470,45
73471,45
73472,45
73473,45
73474,45
73475,45
73476,45
73477,45
73478,45
73479,45
73480,45
73481,45
73482,45
73483,45
73484,45
73485,45
73486,45
73487,44
73488,44
73489,44
73490,44
73491,44
73492,44
73493,44
73494,44
73495,44
73496,44
73497,44
73498,44
73499,44
73500,44
73501,44
73502,44
73503,44
73504,44
73505,44
73506,44
73507,44
73508,44
73509,44
73510,44
73511,44
73512,44
73513,44
73514,44
73515,44
73516,44
73517,44
73518,44
73519,44
73520,44
73521,44
73522,44
73523,44
73524,44
73525,44
73526,44
73527,44
73528,44
73529,44
73530,44
73531,44
73532,44
73533,44
73534,44
73535,44
73536,44
73537,44
73538,44
73539,44
73540,44
73541,44
73542,45
73543,45
73544,45
73545,44
73546,44
73547,44
73548,45
73549,45
73550,45
73551,45
73552,45
73553,45
73554,45
73555,45
73556,45
73557,45
73558,44
73559,44
73560,44
73561,44
73562,45
73563,45
73564,44
73565,44
73566,44
73567,44
73568,44
73569,44
73570,44
73571,44
73572,44
73573,44
73574,44
73575,44
73576,44
73577,44
73578,44
73579,44
73580,44
73581,44
73582,44
73583,44
73584,44
73585,44
73586,44
73587,44
73588,44
73589,44
73590,44
73591,44
73592,44
73593,44
73594,44
73595,44
73596,44
73597,44
73598,44
73599,44
73600,44
73601,44
73602,44
73603,44
73604,44
73605,44
73606,44
73607,44
73608,44
73609,44
73610,44
73611,44
73612,44
73613,44
73614,44
73615,44
73616,44
73617,44
73618,44
73619,44
73620,44
73621,44
73622,44
73623,44
73624,44
73625,44
73626,44
73627,44
73628,44
73629,44
73630,44
73631,44
73632,44
73633,44
73634,44
73635,44
73636,44
73637,44
73638,44
73639,44
73640,44
73641,44
73642,44
73643,44
73644,44
73645,44
73646,44
73647,44
73648,44
73649,44
73650,44
73651,44
73652,44
73653,44
73654,44
73655,44
73656,44
73657,44
73658,44
73659,44
73660,44
73661,44
73662,44
73663,44
73664,44
73665,44
73666,44
73667,44
73668,45
73669,45
73670,45
73671,45
73672,45
73673,45
73674,45
73675,45
73676,45
73677,44
73678,44
73679,44
73680,44
73681,44
73682,44
73683,44
73684,44
73685,44
73686,44
73687,44
73688,44
73689,44
73690,44
73691,44
73692,44
73693,44
73694,44
73695,44
73696,44
73697,44
73698,44
73699,44
73700,44
73701,44
73702,44
73703,44
73704,44
73705,44
73706,44
73707,44
73708,44
73709,44
73710,44
73711,44
73712,44
73713,44
73714,44
73715,44
73716,44
73717,44
73718,44
73719,44
73720,44
73721,44
73722,44
73723,44
73724,44
73725,44
73726,44
73727,44
73728,44
73729,44
73730,44
73731,44
73732,44
73733,44
73734,44
73735,44
73736,44
73737,44
73738,44
73739,44
73740,44
73741,44
73742,44
73743,44
73744,44
73745,44
73746,44
73747,44
73748,44
73749,44
73750,44
73751,44
73752,44
73753,44
73754,44
73755,44
73756,44
73757,44
73758,44
73759,44
73760,44
73761,44
73762,44
73763,44
73764,44
73765,44
73766,44
73767,44
73768,44
73769,44
73770,44
73771,44
73772,44
73773,44
73774,44
73775,44
73776,44
73777,44
73778,44
73779,44
73780,44
73781,44
73782,44
73783,44
73784,44
73785,44
73786,44
73787,44
73788,44
73789,44
73790,44
73791,44
73792,44
73793,44
73794,44
73795,44
73796,44
73797,44
73798,44
73799,44
73800,44
73801,44
73802,44
73803,44
73804,44
73805,44
73806,44
73807,44
73808,44
73809,44
73810,44
73811,44
73812,44
73813,44
73814,44
73815,44
73816,44
73817,44
73818,44
73819,44
73820,44
73821,44
73822,44
73823,45
73824,45
73825,44
73826,44
73827,44
73828,44
73829,44
73830,45
73831,44
73832,44
73833,44
73834,44
73835,44
73836,44
73837,44
73838,44
73839,44
73840,44
73841,44
73842,44
73843,44
73844,44
73845,44
73846,44
73847,44
73848,44
73849,44
73850,44
73851,44
73852,44
73853,44
73854,44
73855,44
73856,44
73857,44
73858,44
73859,44
73860,44
73861,44
73862,44
73863,44
73864,44
73865,44
73866,44
73867,44
73868,44
73869,44
73870,44
73871,44
73872,44
73873,44
73874,44
73875,44
73876,44
73877,44
73878,44
73879,44
73880,44
73881,44
73882,44
73883,44
73884,44
73885,44
73886,44
73887,44
73888,44
73889,44
73890,44
73891,44
73892,44
73893,44
73894,44
73895,44
73896,44
73897,44
73898,44
73899,44
73900,44
73901,44
73902,44
73903,44
73904,44
73905,44
73906,44
73907,44
73908,44
73909,44
73910,44
73911,44
73912,44
73913,44
73914,44
73915,44
73916,44
73917,44
73918,44
73919,44
73920,44
73921,44
73922,44
73923,44
73924,44
73925,44
73926,44
73927,44
73928,44
73929,44
73930,44
73931,44
73932,44
73933,44
73934,44
73935,44
73936,44
73937,44
73938,44
73939,44
73940,44
73941,44
73942,44
73943,44
73944,44
73945,44
73946,44
73947,44
73948,44
73949,44
73950,44
73951,44
73952,44
73953,44
73954,44
73955,44
73956,44
73957,44
73958,44
73959,44
73960,44
73961,44
73962,44
73963,44
73964,44
73965,44
73966,44
73967,44
73968,44
73969,44
73970,44
73971,44
73972,44
73973,44
73974,44
73975,44
73976,44
73977,44
73978,44
73979,44
73980,44
73981,44
73982,44
73983,44
73984,44
73985,44
73986,44
73987,44
73988,44
73989,44
73990,44
73991,44
73992,44
73993,44
73994,44
73995,44
73996,44
73997,44
73998,44
73999,44
74000,44
74001,44
74002,44
74003,44
74004,44
74005,44
74006,44
74007,44
74008,44
74009,44
74010,44
74011,44
74012,44
74013,44
74014,44
74015,44
74016,44
74017,44
74018,44
74019,44
74020,44
74021,44
74022,44
74023,44
74024,44
74025,44
74026,44
74027,44
74028,44
74029,44
74030,44
74031,44
74032,44
74033,44
74034,44
74035,44
74036,44
74037,44
74038,44
74039,44
74040,44
74041,44
74042,44
74043,44
74044,44
74045,44
74046,44
74047,44
74048,44
74049,44
74050,44
74051,44
74052,44
74053,44
74054,44
74055,44
74056,44
74057,44
74058,44
74059,44
74060,44
74061,44
74062,44
74063,44
74064,44
74065,44
74066,44
74067,44
74068,44
74069,44
74070,44
74071,44
74072,44
74073,44
74074,44
74075,44
74076,44
74077,44
74078,44
74079,44
74080,44
74081,44
74082,44
74083,44
74084,44
74085,44
74086,44
74087,44
74088,44
74089,44
74090,44
74091,44
74092,44
74093,44
74094,44
74095,44
74096,44
74097,44
74098,44
74099,44
74100,44
74101,44
74102,44
74103,44
74104,44
74105,44
74106,44
74107,44
74108,44
74109,44
74110,44
74111,44
74112,44
74113,44
74114,44
74115,44
74116,44
74117,44
74118,44
74119,44
74120,44
74121,44
74122,44
74123,44
74124,44
74125,44
74126,44
74127,44
74128,44
74129,44
74130,44
74131,44
74132,44
74133,44
74134,44
74135,44
74136,44
74137,44
74138,44
74139,43
74140,43
74141,43
74142,43
74143,43
74144,44
74145,44
74146,44
74147,44
74148,44
74149,44
74150,44
74151,44
74152,44
74153,44
74154,44
74155,44
74156,44
74157,44
74158,44
74159,44
74160,44
74161,44
74162,44
74163,44
74164,44
74165,44
74166,44
74167,44
74168,44
74169,44
74170,44
74171,44
74172,44
74173,44
74174,44
74175,44
74176,44
74177,44
74178,44
74179,44
74180,44
74181,44
74182,44
74183,44
74184,44
74185,44
74186,44
74187,44
74188,44
74189,44
74190,44
74191,44
74192,44
74193,44
74194,44
74195,44
74196,44
74197,44
74198,44
74199,44
74200,44
74201,44
74202,44
74203,44
74204,44
74205,44
74206,44
74207,44
74208,44
74209,44
74210,44
74211,44
74212,44
74213,44
74214,44
74215,44
74216,44
74217,44
74218,44
74219,44
74220,44
74221,44
74222,44
74223,44
74224,44
74225,44
74226,44
74227,44
74228,44
74229,44
74230,44
74231,44
74232,44
74233,44
74234,44
74235,44
74236,44
74237,44
74238,44
74239,44
74240,44
74241,44
74242,44
74243,44
74244,44
74245,44
74246,44
74247,44
74248,44
74249,44
74250,44
74251,44
74252,44
74253,44
74254,44
74255,44
74256,44
74257,44
74258,44
74259,44
74260,44
74261,44
74262,44
74263,44
74264,44
74265,44
74266,44
74267,44
74268,44
74269,44
74270,44
74271,44
74272,44
74273,44
74274,44
74275,44
74276,44
74277,44
74278,44
74279,44
74280,44
74281,44
74282,44
74283,44
74284,44
74285,44
74286,44
74287,44
74288,44
74289,44
74290,44
74291,44
74292,44
74293,44
74294,44
74295,44
74296,44
74297,44
74298,44
74299,44
74300,44
74301,44
74302,44
74303,44
74304,44
74305,44
74306,44
74307,44
74308,44
74309,44
74310,44
74311,44
74312,44
74313,44
74314,44
74315,44
74316,44
74317,44
74318,44
74319,44
74320,44
74321,44
74322,44
74323,44
74324,44
74325,44
74326,44
74327,44
74328,44
74329,44
74330,44
74331,44
74332,44
74333,44
74334,44
74335,44
74336,44
74337,44
74338,44
74339,44
74340,44
74341,44
74342,44
74343,44
74344,44
74345,44
74346,44
74347,44
74348,44
74349,44
74350,44
74351,44
74352,44
74353,44
74354,44
74355,44
74356,44
74357,44
74358,44
74359,44
74360,44
74361,44
74362,44
74363,44
74364,44
74365,44
74366,44
74367,44
74368,44
74369,44
74370,44
74371,45
74372,45
74373,45
74374,45
74375,45
74376,45
74377,45
74378,45
74379,45
74380,45
74381,45
74382,45
74383,45
74384,45
74385,45
74386,44
74387,44
74388,44
74389,44
74390,44
74391,44
74392,44
74393,44
74394,44
74395,44
74396,44
74397,44
74398,44
74399,44
74400,44
74401,44
74402,44
74403,44
74404,44
74405,44
74406,44
74407,44
74408,44
74409,44
74410,44
74411,44
74412,44
74413,44
74414,44
74415,44
74416,44
74417,44
74418,44
74419,44
74420,44
74421,44
74422,44
74423,44
74424,44
74425,44
74426,44
74427,44
74428,44
74429,44
74430,44
74431,44
74432,44
74433,44
74434,44
74435,44
74436,44
74437,44
74438,44
74439,44
74440,44
74441,44
74442,44
74443,44
74444,44
74445,44
74446,44
74447,44
74448,44
74449,44
74450,44
74451,44
74452,44
74453,44
74454,44
74455,44
74456,44
74457,44
74458,44
74459,44
74460,44
74461,44
74462,44
74463,44
74464,44
74465,44
74466,44
74467,44
74468,44
74469,44
74470,44
74471,44
74472,44
74473,44
74474,44
74475,44
74476,44
74477,44
74478,44
74479,44
74480,44
74481,44
74482,44
74483,44
74484,44
74485,44
74486,44
74487,44
74488,44
74489,44
74490,44
74491,44
74492,44
74493,44
74494,44
74495,44
74496,44
74497,44
74498,44
74499,44
74500,44
74501,44
74502,44
74503,44
74504,44
74505,44
74506,44
74507,44
74508,44
74509,44
74510,44
74511,44
74512,44
74513,44
74514,44
74515,44
74516,44
74517,44
74518,44
74519,44
74520,44
74521,44
74522,44
74523,44
74524,44
74525,44
74526,44
74527,44
74528,44
74529,44
74530,44
74531,44
74532,44
74533,44
74534,44
74535,44
74536,44
74537,44
74538,44
74539,44
74540,44
74541,44
74542,44
74543,44
74544,44
74545,44
74546,44
74547,44
74548,44
74549,44
74550,44
74551,44
74552,44
74553,44
74554,44
74555,44
74556,44
74557,44
74558,44
74559,44
74560,44
74561,44
74562,44
74563,44
74564,44
74565,44
74566,44
74567,44
74568,44
74569,44
74570,44
74571,44
74572,44
74573,44
74574,44
74575,44
74576,44
74577,44
74578,44
74579,44
74580,44
74581,44
74582,44
74583,44
74584,44
74585,44
74586,44
74587,44
74588,44
74589,44
74590,44
74591,44
74592,44
74593,44
74594,44
74595,44
74596,44
74597,44
74598,44
74599,44
74600,44
74601,44
74602,44
74603,44
74604,44
74605,44
74606,44
74607,44
74608,44
74609,44
74610,44
74611,44
74612,44
74613,44
74614,44
74615,44
74616,44
74617,44
74618,44
74619,44
74620,44
74621,44
74622,44
74623,44
74624,44
74625,44
74626,44
74627,44
74628,44
74629,44
74630,44
74631,44
74632,44
74633,44
74634,44
74635,44
74636,44
74637,44
74638,44
74639,44
74640,44
74641,44
74642,44
74643,44
74644,44
74645,44
74646,44
74647,44
74648,44
74649,44
74650,44
74651,44
74652,44
74653,44
74654,44
74655,44
74656,44
74657,44
74658,44
74659,44
74660,44
74661,44
74662,44
74663,44
74664,44
74665,44
74666,44
74667,44
74668,44
74669,44
74670,44
74671,44
74672,44
74673,44
74674,44
74675,44
74676,44
74677,44
74678,44
74679,44
74680,44
74681,44
74682,44
74683,44
74684,44
74685,44
74686,44
74687,44
74688,44
74689,44
74690,44
74691,44
74692,44
74693,44
74694,44
74695,44
74696,44
74697,44
74698,44
74699,44
74700,44
74701,44
74702,44
74703,44
74704,44
74705,44
74706,44
74707,44
74708,44
74709,44
74710,44
74711,44
74712,44
74713,44
74714,44
74715,44
74716,44
74717,44
74718,44
74719,44
74720,44
74721,44
74722,44
74723,44
74724,44
74725,44
74726,44
74727,44
74728,44
74729,44
74730,44
74731,44
74732,44
74733,44
74734,44
74735,44
74736,44
74737,44
74738,44
74739,44
74740,44
74741,44
74742,44
74743,44
74744,44
74745,44
74746,44
74747,44
74748,44
74749,44
74750,44
74751,44
74752,44
74753,44
74754,44
74755,44
74756,44
74757,44
74758,44
74759,44
74760,44
74761,44
74762,44
74763,44
74764,44
74765,44
74766,44
74767,44
74768,44
74769,44
74770,44
74771,44
74772,44
74773,44
74774,44
74775,44
74776,44
74777,44
74778,44
74779,44
74780,44
74781,44
74782,44
74783,44
74784,44
74785,44
74786,44
74787,44
74788,44
74789,44
74790,44
74791,44
74792,44
74793,44
74794,44
74795,44
74796,44
74797,44
74798,44
74799,44
74800,44
74801,44
74802,44
74803,44
74804,44
74805,44
74806,44
74807,44
74808,44
74809,44
74810,44
74811,44
74812,44
74813,44
74814,44
74815,44
74816,44
74817,44
74818,44
74819,44
74820,44
74821,44
74822,44
74823,44
74824,44
74825,44
74826,44
74827,44
74828,44
74829,44
74830,44
74831,44
74832,44
74833,44
74834,44
74835,44
74836,44
74837,44
74838,44
74839,44
74840,44
74841,44
74842,44
74843,44
74844,44
74845,44
74846,44
74847,44
74848,44
74849,44
74850,44
74851,44
74852,44
74853,44
74854,44
74855,44
74856,44
74857,44
74858,44
74859,44
74860,44
74861,44
74862,44
74863,44
74864,44
74865,44
74866,44
74867,44
74868,44
74869,44
74870,44
74871,44
74872,44
74873,44
74874,44
74875,44
74876,44
74877,44
74878,44
74879,44
74880,44
74881,44
74882,44
74883,44
74884,44
74885,44
74886,44
74887,44
74888,44
74889,44
74890,44
74891,44
74892,44
74893,44
74894,44
74895,44
74896,44
74897,44
74898,44
74899,44
74900,44
74901,44
74902,44
74903,44
74904,44
74905,44
74906,44
74907,44
74908,44
74909,44
74910,44
74911,44
74912,44
74913,44
74914,44
74915,44
74916,44
74917,44
74918,44
74919,44
74920,44
74921,44
74922,44
74923,44
74924,44
74925,44
74926,44
74927,44
74928,44
74929,44
74930,44
74931,44
74932,44
74933,44
74934,44
74935,44
74936,44
74937,44
74938,44
74939,44
74940,43
74941,43
74942,43
74943,43
74944,43
74945,44
74946,44
74947,43
74948,43
74949,43
74950,43
74951,43
74952,44
74953,44
74954,43
74955,43
74956,43
74957,43
74958,44
74959,44
74960,44
74961,44
74962,44
74963,44
74964,44
74965,44
74966,44
74967,44
74968,44
74969,44
74970,44
74971,44
74972,44
74973,44
74974,44
74975,44
74976,44
74977,44
74978,44
74979,44
74980,44
74981,44
74982,44
74983,44
74984,44
74985,44
74986,44
74987,44
74988,44
74989,44
74990,44
74991,44
74992,44
74993,44
74994,44
74995,44
74996,44
74997,44
74998,44
74999,44
75000,44
75001,44
75002,44
75003,44
75004,44
75005,44
75006,44
75007,44
75008,44
75009,44
75010,44
75011,44
75012,44
75013,44
75014,44
75015,44
75016,44
75017,44
75018,44
75019,44
75020,44
75021,44
75022,44
75023,44
75024,44
75025,44
75026,44
75027,44
75028,44
75029,44
75030,44
75031,44
75032,44
75033,44
75034,44
75035,44
75036,44
75037,44
75038,44
75039,44
75040,44
75041,44
75042,44
75043,44
75044,44
75045,44
75046,44
75047,44
75048,44
75049,44
75050,44
75051,44
75052,45
75053,45
75054,45
75055,45
75056,44
75057,44
75058,45
75059,45
75060,45
75061,45
75062,45
75063,45
75064,45
75065,45
75066,45
75067,45
75068,45
75069,44
75070,44
75071,44
75072,44
75073,44
75074,44
75075,44
75076,44
75077,44
75078,44
75079,44
75080,44
75081,44
75082,44
75083,44
75084,44
75085,44
75086,44
75087,44
75088,44
75089,44
75090,44
75091,44
75092,44
75093,44
75094,44
75095,44
75096,44
75097,44
75098,44
75099,44
75100,44
75101,44
75102,44
75103,44
75104,44
75105,44
75106,44
75107,44
75108,44
75109,44
75110,44
75111,44
75112,44
75113,44
75114,44
75115,44
75116,44
75117,44
75118,44
75119,44
75120,44
75121,44
75122,44
75123,44
75124,44
75125,44
75126,44
75127,44
75128,44
75129,44
75130,44
75131,44
75132,44
75133,44
75134,44
75135,44
75136,44
75137,44
75138,44
75139,44
75140,44
75141,44
75142,44
75143,44
75144,44
75145,44
75146,44
75147,44
75148,44
75149,44
75150,44
75151,44
75152,44
75153,44
75154,44
75155,44
75156,44
75157,44
75158,44
75159,44
75160,44
75161,44
75162,44
75163,44
75164,44
75165,44
75166,44
75167,44
75168,44
75169,44
75170,44
75171,44
75172,44
75173,44
75174,44
75175,44
75176,44
75177,44
75178,44
75179,44
75180,44
75181,44
75182,44
75183,44
75184,44
75185,44
75186,44
75187,44
75188,44
75189,44
75190,44
75191,44
75192,44
75193,44
75194,44
75195,44
75196,44
75197,44
75198,44
75199,44
75200,44
75201,44
75202,44
75203,44
75204,44
75205,44
75206,44
75207,44
75208,44
75209,44
75210,44
75211,44
75212,44
75213,44
75214,44
75215,44
75216,44
75217,44
75218,44
75219,44
75220,44
75221,44
75222,44
75223,44
75224,44
75225,44
75226,44
75227,44
75228,44
75229,44
75230,44
75231,44
75232,44
75233,44
75234,44
75235,44
75236,44
75237,44
75238,44
75239,44
75240,44
75241,44
75242,44
75243,44
75244,44
75245,44
75246,44
75247,44
75248,44
75249,44
75250,44
75251,44
75252,44
75253,44
75254,44
75255,44
75256,44
75257,44
75258,44
75259,44
75260,44
75261,44
75262,44
75263,44
75264,44
75265,44
75266,44
75267,44
75268,44
75269,44
75270,44
75271,44
75272,44
75273,44
75274,44
75275,44
75276,44
75277,44
75278,44
75279,44
75280,44
75281,44
75282,44
75283,44
75284,44
75285,44
75286,44
75287,44
75288,44
75289,44
75290,44
75291,44
75292,44
75293,44
75294,44
75295,44
75296,44
75297,44
75298,44
75299,44
75300,44
75301,44
75302,44
75303,44
75304,44
75305,44
75306,44
75307,44
75308,44
75309,44
75310,44
75311,44
75312,44
75313,44
75314,44
75315,44
75316,44
75317,44
75318,44
75319,44
75320,44
75321,44
75322,44
75323,44
75324,44
75325,44
75326,44
75327,44
75328,44
75329,44
75330,44
75331,44
75332,44
75333,44
75334,44
75335,44
75336,44
75337,44
75338,44
75339,44
75340,44
75341,44
75342,44
75343,44
75344,44
75345,44
75346,44
75347,44
75348,44
75349,44
75350,44
75351,44
75352,44
75353,44
75354,44
75355,44
75356,44
75357,44
75358,44
75359,44
75360,44
75361,44
75362,44
75363,44
75364,44
75365,44
75366,44
75367,44
75368,44
75369,44
75370,44
75371,44
75372,44
75373,44
75374,44
75375,44
75376,44
75377,44
75378,44
75379,44
75380,44
75381,44
75382,44
75383,44
75384,44
75385,44
75386,44
75387,44
75388,44
75389,44
75390,44
75391,44
75392,44
75393,44
75394,44
75395,44
75396,44
75397,44
75398,44
75399,44
75400,44
75401,44
75402,44
75403,44
75404,44
75405,44
75406,44
75407,44
75408,44
75409,44
75410,44
75411,44
75412,44
75413,44
75414,44
75415,44
75416,44
75417,44
75418,44
75419,44
75420,44
75421,44
75422,44
75423,44
75424,44
75425,44
75426,44
75427,44
75428,44
75429,44
75430,44
75431,44
75432,44
75433,44
75434,44
75435,44
75436,44
75437,44
75438,44
75439,44
75440,45
75441,45
75442,44
75443,44
75444,44
75445,44
75446,45
75447,45
75448,45
75449,45
75450,45
75451,45
75452,45
75453,45
75454,45
75455,45
75456,45
75457,45
75458,45
75459,45
75460,45
75461,45
75462,45
75463,44
75464,44
75465,44
75466,44
75467,45
75468,44
75469,44
75470,44
75471,44
75472,44
75473,44
75474,44
75475,44
75476,44
75477,44
75478,44
75479,44
75480,44
75481,44
75482,44
75483,44
75484,44
75485,44
75486,44
75487,44
75488,44
75489,44
75490,44
75491,44
75492,44
75493,44
75494,44
75495,44
75496,44
75497,44
75498,44
75499,44
75500,44
75501,44
75502,44
75503,44
75504,44
75505,44
75506,44
75507,44
75508,44
75509,44
75510,44
75511,44
75512,44
75513,44
75514,44
75515,44
75516,44
75517,44
75518,44
75519,44
75520,44
75521,44
75522,44
75523,44
75524,44
75525,44
75526,44
75527,44
75528,44
75529,44
75530,44
75531,44
75532,44
75533,44
75534,44
75535,44
75536,44
75537,44
75538,44
75539,44
75540,44
75541,44
75542,44
75543,44
75544,44
75545,44
75546,44
75547,44
75548,44
75549,44
75550,44
75551,44
75552,44
75553,44
75554,44
75555,44
75556,44
75557,44
75558,44
75559,44
75560,44
75561,44
75562,44
75563,44
75564,44
75565,44
75566,44
75567,44
75568,44
75569,44
75570,44
75571,44
75572,44
75573,44
75574,44
75575,44
75576,44
75577,44
75578,44
75579,44
75580,45
75581,44
75582,44
75583,44
75584,44
75585,44
75586,44
75587,44
75588,44
75589,44
75590,44
75591,44
75592,44
75593,44
75594,44
75595,44
75596,44
75597,44
75598,44
75599,44
75600,44
75601,44
75602,44
75603,44
75604,44
75605,44
75606,44
75607,44
75608,44
75609,44
75610,44
75611,44
75612,44
75613,44
75614,44
75615,44
75616,44
75617,44
75618,44
75619,44
75620,44
75621,44
75622,44
75623,44
75624,44
75625,44
75626,44
75627,44
75628,44
75629,44
75630,44
75631,44
75632,44
75633,44
75634,44
75635,44
75636,44
75637,44
75638,44
75639,44
75640,44
75641,44
75642,44
75643,44
75644,44
75645,44
75646,44
75647,44
75648,44
75649,44
75650,44
75651,44
75652,44
75653,44
75654,44
75655,44
75656,44
75657,44
75658,44
75659,44
75660,44
75661,44
75662,44
75663,44
75664,44
75665,44
75666,44
75667,44
75668,44
75669,44
75670,44
75671,44
75672,44
75673,44
75674,44
75675,44
75676,44
75677,44
75678,44
75679,44
75680,44
75681,44
75682,44
75683,44
75684,44
75685,44
75686,44
75687,44
75688,44
75689,44
75690,44
75691,44
75692,44
75693,44
75694,44
75695,44
75696,44
75697,44
75698,44
75699,44
75700,44
75701,44
75702,44
75703,44
75704,44
75705,44
75706,44
75707,44
75708,44
75709,44
75710,44
75711,44
75712,44
75713,44
75714,45
75715,45
75716,44
75717,44
75718,44
75719,45
75720,45
75721,45
75722,45
75723,45
75724,44
75725,44
75726,44
75727,45
75728,45
75729,44
75730,44
75731,45
75732,45
75733,45
75734,45
75735,45
75736,45
75737,45
75738,45
75739,45
75740,45
75741,45
75742,45
75743,45
75744,45
75745,45
75746,45
75747,45
75748,45
75749,45
75750,45
75751,45
75752,45
75753,45
75754,45
75755,45
75756,44
75757,44
75758,44
75759,44
75760,44
75761,44
75762,44
75763,44
75764,44
75765,44
75766,44
75767,45
75768,45
75769,44
75770,44
75771,44
75772,44
75773,44
75774,44
75775,44
75776,44
75777,44
75778,44
75779,44
75780,44
75781,44
75782,44
75783,44
75784,44
75785,44
75786,44
75787,44
75788,44
75789,44
75790,44
75791,44
75792,44
75793,44
75794,44
75795,44
75796,44
75797,44
75798,44
75799,44
75800,44
75801,44
75802,44
75803,44
75804,44
75805,44
75806,44
75807,44
75808,44
75809,44
75810,44
75811,44
75812,44
75813,44
75814,44
75815,44
75816,44
75817,44
75818,44
75819,44
75820,44
75821,44
75822,44
75823,44
75824,44
75825,44
75826,44
75827,44
75828,44
75829,44
75830,44
75831,44
75832,44
75833,44
75834,44
75835,44
75836,44
75837,44
75838,44
75839,44
75840,44
75841,44
75842,44
75843,44
75844,44
75845,44
75846,44
75847,44
75848,44
75849,44
75850,44
75851,44
75852,44
75853,44
75854,44
75855,44
75856,44
75857,44
75858,44
75859,44
75860,44
75861,44
75862,44
75863,44
75864,44
75865,44
75866,44
75867,44
75868,44
75869,44
75870,44
75871,44
75872,44
75873,44
75874,44
75875,44
75876,44
75877,44
75878,44
75879,44
75880,44
75881,44
75882,44
75883,44
75884,44
75885,44
75886,44
75887,44
75888,44
75889,44
75890,44
75891,44
75892,44
75893,44
75894,44
75895,44
75896,44
75897,44
75898,44
75899,44
75900,44
75901,44
75902,44
75903,44
75904,44
75905,44
75906,44
75907,44
75908,44
75909,44
75910,44
75911,44
75912,44
75913,44
75914,44
75915,44
75916,44
75917,44
75918,44
75919,44
75920,44
75921,44
75922,44
75923,44
75924,44
75925,44
75926,44
75927,44
75928,44
75929,44
75930,44
75931,44
75932,44
75933,44
75934,44
75935,44
75936,44
75937,44
75938,44
75939,44
75940,44
75941,44
75942,44
75943,44
75944,44
75945,44
75946,45
75947,45
75948,45
75949,45
75950,45
75951,45
75952,45
75953,45
75954,45
75955,45
75956,45
75957,45
75958,45
75959,45
75960,45
75961,45
75962,45
75963,45
75964,45
75965,45
75966,45
75967,45
75968,45
75969,45
75970,45
75971,45
75972,45
75973,45
75974,45
75975,45
75976,45
75977,45
75978,45
75979,45
75980,45
75981,45
75982,45
75983,45
75984,45
75985,45
75986,45
75987,45
75988,45
75989,45
75990,45
75991,45
75992,45
75993,45
75994,45
75995,45
75996,45
75997,45
75998,45
75999,45
76000,45
76001,45
76002,45
76003,45
76004,45
76005,45
76006,45
76007,45
76008,45
76009,45
76010,44
76011,44
76012,44
76013,44
76014,44
76015,45
76016,44
76017,44
76018,44
76019,44
76020,44
76021,45
76022,45
76023,44
76024,44
76025,44
76026,45
76027,45
76028,45
76029,45
76030,45
76031,45
76032,45
76033,45
76034,45
76035,45
76036,45
76037,45
76038,45
76039,45
76040,45
76041,45
76042,45
76043,45
76044,45
76045,45
76046,45
76047,45
76048,45
76049,45
76050,45
76051,45
76052,45
76053,45
76054,45
76055,45
76056,45
76057,45
76058,45
76059,45
76060,45
76061,45
76062,45
76063,45
76064,45
76065,45
76066,45
76067,45
76068,45
76069,45
76070,45
76071,45
76072,45
76073,45
76074,45
76075,45
76076,45
76077,45
76078,45
76079,45
76080,45
76081,45
76082,45
76083,45
76084,45
76085,45
76086,45
76087,45
76088,45
76089,45
76090,45
76091,45
76092,45
76093,45
76094,45
76095,45
76096,45
76097,45
76098,45
76099,45
76100,45
76101,45
76102,45
76103,45
76104,45
76105,45
76106,45
76107,45
76108,45
76109,45
76110,45
76111,45
76112,45
76113,45
76114,45
76115,45
76116,45
76117,45
76118,45
76119,45
76120,45
76121,45
76122,45
76123,45
76124,44
76125,44
76126,44
76127,44
76128,45
76129,44
76130,44
76131,44
76132,44
76133,44
76134,44
76135,44
76136,44
76137,44
76138,44
76139,44
76140,44
76141,44
76142,44
76143,44
76144,44
76145,44
76146,44
76147,44
76148,44
76149,44
76150,44
76151,44
76152,44
76153,44
76154,44
76155,44
76156,44
76157,44
76158,44
76159,44
76160,44
76161,44
76162,44
76163,44
76164,44
76165,44
76166,44
76167,44
76168,44
76169,44
76170,44
76171,44
76172,44
76173,44
76174,44
76175,44
76176,44
76177,44
76178,44
76179,44
76180,44
76181,44
76182,45
76183,45
76184,45
76185,44
76186,44
76187,45
76188,45
76189,45
76190,45
76191,45
76192,44
76193,44
76194,45
76195,45
76196,45
76197,45
76198,45
76199,45
76200,45
76201,45
76202,45
76203,45
76204,45
76205,45
76206,45
76207,45
76208,45
76209,45
76210,45
76211,45
76212,45
76213,45
76214,45
76215,45
76216,45
76217,45
76218,45
76219,45
76220,45
76221,45
76222,45
76223,45
76224,45
76225,45
76226,45
76227,45
76228,45
76229,45
76230,45
76231,45
76232,45
76233,45
76234,45
76235,45
76236,45
76237,45
76238,45
76239,45
76240,45
76241,45
76242,45
76243,45
76244,45
76245,45
76246,45
76247,45
76248,45
76249,45
76250,45
76251,45
76252,45
76253,45
76254,45
76255,45
76256,45
76257,45
76258,45
76259,45
76260,45
76261,45
76262,45
76263,45
76264,45
76265,45
76266,45
76267,45
76268,45
76269,45
76270,45
76271,45
76272,45
76273,45
76274,45
76275,45
76276,45
76277,45
76278,45
76279,45
76280,45
76281,45
76282,45
76283,45
76284,45
76285,45
76286,45
76287,45
76288,45
76289,45
76290,44
76291,44
76292,44
76293,44
76294,44
76295,44
76296,44
76297,44
76298,44
76299,44
76300,44
76301,44
76302,44
76303,44
76304,44
76305,44
76306,44
76307,44
76308,44
76309,44
76310,44
76311,44
76312,44
76313,44
76314,44
76315,44
76316,44
76317,44
76318,44
76319,44
76320,44
76321,44
76322,44
76323,44
76324,44
76325,44
76326,44
76327,44
76328,44
76329,44
76330,44
76331,44
76332,44
76333,44
76334,44
76335,44
76336,44
76337,44
76338,44
76339,44
76340,44
76341,44
76342,44
76343,44
76344,44
76345,44
76346,44
76347,44
76348,44
76349,44
76350,44
76351,44
76352,44
76353,44
76354,44
76355,44
76356,44
76357,44
76358,44
76359,44
76360,44
76361,44
76362,44
76363,44
76364,44
76365,44
76366,44
76367,44
76368,44
76369,44
76370,44
76371,44
76372,44
76373,44
76374,44
76375,44
76376,44
76377,44
76378,44
76379,44
76380,44
76381,44
76382,44
76383,44
76384,44
76385,44
76386,44
76387,44
76388,44
76389,44
76390,44
76391,44
76392,44
76393,44
76394,44
76395,44
76396,44
76397,44
76398,44
76399,44
76400,44
76401,44
76402,44
76403,44
76404,44
76405,44
76406,44
76407,44
76408,44
76409,44
76410,44
76411,44
76412,44
76413,44
76414,44
76415,44
76416,44
76417,44
76418,44
76419,44
76420,44
76421,44
76422,44
76423,44
76424,44
76425,44
76426,44
76427,44
76428,44
76429,44
76430,44
76431,44
76432,44
76433,44
76434,44
76435,44
76436,44
76437,44
76438,44
76439,44
76440,44
76441,44
76442,44
76443,44
76444,44
76445,44
76446,44
76447,44
76448,44
76449,44
76450,44
76451,44
76452,44
76453,44
76454,44
76455,44
76456,44
76457,44
76458,44
76459,44
76460,44
76461,44
76462,44
76463,44
76464,44
76465,44
76466,44
76467,44
76468,44
76469,44
76470,44
76471,44
76472,44
76473,44
76474,44
76475,44
76476,44
76477,44
76478,44
76479,44
76480,44
76481,44
76482,44
76483,44
76484,44
76485,44
76486,44
76487,44
76488,44
76489,44
76490,44
76491,44
76492,44
76493,44
76494,44
76495,44
76496,44
76497,44
76498,44
76499,44
76500,44
76501,44
76502,44
76503,44
76504,44
76505,44
76506,44
76507,44
76508,44
76509,44
76510,44
76511,44
76512,44
76513,44
76514,44
76515,44
76516,44
76517,44
76518,44
76519,44
76520,44
76521,44
76522,44
76523,44
76524,44
76525,44
76526,44
76527,44
76528,44
76529,44
76530,44
76531,44
76532,44
76533,44
76534,44
76535,44
76536,44
76537,44
76538,44
76539,44
76540,44
76541,44
76542,44
76543,44
76544,44
76545,44
76546,44
76547,44
76548,44
76549,44
76550,44
76551,44
76552,44
76553,44
76554,44
76555,44
76556,44
76557,44
76558,44
76559,44
76560,44
76561,44
76562,44
76563,44
76564,44
76565,44
76566,44
76567,44
76568,44
76569,45
76570,45
76571,44
76572,44
76573,44
76574,44
76575,45
76576,45
76577,45
76578,44
76579,44
76580,44
76581,45
76582,45
76583,45
76584,45
76585,44
76586,44
76587,44
76588,45
76589,45
76590,44
76591,44
76592,44
76593,44
76594,44
76595,45
76596,45
76597,44
76598,44
76599,44
76600,44
76601,44
76602,44
76603,44
76604,44
76605,44
76606,44
76607,44
76608,44
76609,44
76610,44
76611,44
76612,44
76613,44
76614,44
76615,44
76616,44
76617,44
76618,44
76619,44
76620,44
76621,44
76622,44
76623,44
76624,44
76625,44
76626,44
76627,44
76628,44
76629,44
76630,44
76631,44
76632,44
76633,44
76634,44
76635,44
76636,44
76637,44
76638,44
76639,44
76640,44
76641,44
76642,44
76643,44
76644,44
76645,44
76646,44
76647,44
76648,44
76649,44
76650,44
76651,44
76652,44
76653,44
76654,44
76655,44
76656,45
76657,44
76658,44
76659,44
76660,44
76661,45
76662,45
76663,45
76664,45
76665,45
76666,45
76667,45
76668,45
76669,45
76670,45
76671,45
76672,45
76673,45
76674,45
76675,45
76676,45
76677,45
76678,45
76679,45
76680,45
76681,45
76682,45
76683,45
76684,45
76685,45
76686,45
76687,45
76688,45
76689,45
76690,45
76691,45
76692,45
76693,45
76694,45
76695,45
76696,45
76697,45
76698,45
76699,45
76700,45
76701,45
76702,45
76703,45
76704,44
76705,44
76706,44
76707,44
76708,44
76709,44
76710,44
76711,44
76712,44
76713,44
76714,44
76715,44
76716,44
76717,44
76718,44
76719,44
76720,44
76721,44
76722,44
76723,44
76724,44
76725,44
76726,44
76727,44
76728,44
76729,44
76730,44
76731,44
76732,44
76733,44
76734,44
76735,44
76736,44
76737,44
76738,44
76739,44
76740,44
76741,44
76742,44
76743,44
76744,44
76745,44
76746,44
76747,44
76748,44
76749,44
76750,44
76751,44
76752,44
76753,44
76754,44
76755,44
76756,44
76757,44
76758,44
76759,44
76760,44
76761,44
76762,44
76763,44
76764,44
76765,44
76766,44
76767,44
76768,44
76769,44
76770,44
76771,45
76772,44
76773,44
76774,44
76775,44
76776,44
76777,44
76778,44
76779,44
76780,44
76781,44
76782,44
76783,44
76784,44
76785,44
76786,44
76787,44
76788,44
76789,44
76790,44
76791,44
76792,44
76793,44
76794,44
76795,44
76796,44
76797,44
76798,44
76799,44
76800,44
76801,44
76802,44
76803,44
76804,44
76805,44
76806,44
76807,44
76808,44
76809,44
76810,44
76811,44
76812,44
76813,44
76814,44
76815,44
76816,44
76817,44
76818,44
76819,44
76820,44
76821,44
76822,44
76823,44
76824,44
76825,44
76826,44
76827,44
76828,44
76829,44
76830,44
76831,44
76832,44
76833,44
76834,44
76835,44
76836,44
76837,44
76838,44
76839,44
76840,44
76841,44
76842,44
76843,44
76844,44
76845,44
76846,44
76847,44
76848,44
76849,44
76850,44
76851,44
76852,44
76853,44
76854,44
76855,44
76856,44
76857,44
76858,44
76859,44
76860,44
76861,44
76862,44
76863,44
76864,44
76865,44
76866,44
76867,44
76868,44
76869,44
76870,44
76871,44
76872,44
76873,44
76874,44
76875,44
76876,44
76877,44
76878,44
76879,44
76880,44
76881,44
76882,44
76883,44
76884,44
76885,44
76886,44
76887,44
76888,44
76889,44
76890,44
76891,44
76892,44
76893,44
76894,44
76895,44
76896,44
76897,44
76898,44
76899,45
76900,44
76901,44
76902,44
76903,45
76904,45
76905,45
76906,44
76907,44
76908,44
76909,45
76910,45
76911,45
76912,44
76913,44
76914,44
76915,44
76916,44
76917,44
76918,45
76919,44
76920,44
76921,44
76922,44
76923,45
76924,45
76925,45
76926,44
76927,44
76928,44
76929,44
76930,45
76931,45
76932,45
76933,45
76934,44
76935,44
76936,45
76937,45
76938,45
76939,45
76940,45
76941,45
76942,45
76943,45
76944,45
76945,45
76946,45
76947,45
76948,45
76949,45
76950,45
76951,45
76952,45
76953,45
76954,45
76955,45
76956,45
76957,45
76958,45
76959,45
76960,45
76961,45
76962,45
76963,45
76964,45
76965,45
76966,45
76967,45
76968,45
76969,45
76970,45
76971,45
76972,45
76973,45
76974,45
76975,45
76976,45
76977,45
76978,45
76979,45
76980,45
76981,45
76982,45
76983,45
76984,45
76985,45
76986,45
76987,44
76988,44
76989,45
76990,45
76991,45
76992,45
76993,44
76994,44
76995,44
76996,45
76997,45
76998,44
76999,44
77000,44
77001,44
77002,44
77003,45
77004,45
77005,44
77006,44
77007,44
77008,44
77009,44
77010,44
77011,44
77012,44
77013,44
77014,44
77015,44
77016,44
77017,45
77018,45
77019,45
77020,45
77021,45
77022,45
77023,45
77024,45
77025,45
77026,45
77027,45
77028,45
77029,45
77030,45
77031,45
77032,45
77033,45
77034,45
77035,45
77036,45
77037,45
77038,45
77039,45
77040,45
77041,45
77042,45
77043,45
77044,45
77045,45
77046,45
77047,45
77048,45
77049,45
77050,45
77051,45
77052,45
77053,45
77054,45
77055,45
77056,45
77057,45
77058,45
77059,45
77060,45
77061,45
77062,45
77063,45
77064,45
77065,45
77066,45
77067,45
77068,45
77069,45
77070,45
77071,45
77072,45
77073,45
77074,45
77075,45
77076,45
77077,45
77078,45
77079,45
77080,45
77081,45
77082,45
77083,45
77084,45
77085,45
77086,45
77087,45
77088,45
77089,45
77090,45
77091,45
77092,45
77093,45
77094,45
77095,45
77096,45
77097,45
77098,45
77099,44
77100,44
77101,44
77102,44
77103,44
77104,44
77105,44
77106,44
77107,44
77108,44
77109,44
77110,44
77111,44
77112,44
77113,44
77114,44
77115,44
77116,44
77117,44
77118,44
77119,44
77120,44
77121,44
77122,44
77123,45
77124,45
77125,45
77126,45
77127,44
77128,45
77129,45
77130,45
77131,45
77132,45
77133,45
77134,45
77135,45
77136,45
77137,45
77138,45
77139,45
77140,45
77141,45
77142,45
77143,45
77144,45
77145,45
77146,45
77147,45
77148,45
77149,45
77150,45
77151,45
77152,45
77153,45
77154,45
77155,45
77156,45
77157,45
77158,45
77159,45
77160,45
77161,45
77162,45
77163,45
77164,45
77165,45
77166,45
77167,45
77168,45
77169,45
77170,45
77171,45
77172,45
77173,45
77174,45
77175,45
77176,45
77177,45
77178,45
77179,45
77180,45
77181,45
77182,45
77183,45
77184,45
77185,45
77186,45
77187,45
77188,45
77189,45
77190,45
77191,45
77192,45
77193,45
77194,45
77195,45
77196,45
77197,45
77198,45
77199,45
77200,45
77201,45
77202,45
77203,45
77204,45
77205,45
77206,45
77207,45
77208,45
77209,45
77210,45
77211,45
77212,45
77213,45
77214,44
77215,44
77216,45
77217,45
77218,44
77219,44
77220,44
77221,44
77222,44
77223,44
77224,44
77225,44
77226,44
77227,44
77228,44
77229,44
77230,44
77231,44
77232,44
77233,44
77234,44
77235,44
77236,44
77237,44
77238,44
77239,44
77240,44
77241,44
77242,44
77243,44
77244,44
77245,44
77246,44
77247,44
77248,44
77249,44
77250,44
77251,44
77252,44
77253,44
77254,44
77255,44
77256,44
77257,44
77258,44
77259,44
77260,44
77261,44
77262,44
77263,44
77264,44
77265,44
77266,44
77267,44
77268,44
77269,44
77270,44
77271,44
77272,44
77273,44
77274,44
77275,44
77276,44
77277,44
77278,44
77279,44
77280,44
77281,44
77282,44
77283,44
77284,44
77285,44
77286,44
77287,44
77288,44
77289,44
77290,44
77291,44
77292,44
77293,44
77294,44
77295,44
77296,44
77297,44
77298,44
77299,44
77300,44
77301,44
77302,44
77303,44
77304,44
77305,44
77306,44
77307,44
77308,44
77309,44
77310,44
77311,44
77312,44
77313,44
77314,44
77315,44
77316,44
77317,44
77318,44
77319,44
77320,44
77321,44
77322,44
77323,44
77324,45
77325,45
77326,44
77327,44
77328,44
77329,44
77330,45
77331,45
77332,45
77333,44
77334,44
77335,44
77336,44
77337,45
77338,45
77339,45
77340,45
77341,44
77342,44
77343,44
77344,45
77345,45
77346,45
77347,44
77348,44
77349,44
77350,44
77351,45
77352,45
77353,44
77354,44
77355,44
77356,44
77357,44
77358,44
77359,44
77360,44
77361,44
77362,44
77363,44
77364,44
77365,44
77366,44
77367,44
77368,44
77369,44
77370,44
77371,44
77372,44
77373,44
77374,44
77375,44
77376,44
77377,44
77378,44
77379,44
77380,44
77381,44
77382,44
77383,44
77384,44
77385,44
77386,44
77387,44
77388,44
77389,44
77390,44
77391,44
77392,44
77393,44
77394,44
77395,44
77396,44
77397,44
77398,44
77399,44
77400,44
77401,44
77402,44
77403,44
77404,44
77405,44
77406,44
77407,44
77408,44
77409,44
77410,44
77411,44
77412,44
77413,44
77414,44
77415,44
77416,44
77417,44
77418,44
77419,44
77420,44
77421,44
77422,44
77423,44
77424,44
77425,44
77426,44
77427,44
77428,44
77429,44
77430,44
77431,44
77432,44
77433,44
77434,44
77435,44
77436,44
77437,44
77438,44
77439,44
77440,44
77441,44
77442,44
77443,44
77444,44
77445,44
77446,44
77447,44
77448,44
77449,44
77450,44
77451,44
77452,44
77453,44
77454,44
77455,44
77456,44
77457,44
77458,44
77459,44
77460,44
77461,44
77462,44
77463,44
77464,44
77465,44
77466,44
77467,44
77468,44
77469,44
77470,44
77471,44
77472,44
77473,44
77474,44
77475,44
77476,44
77477,44
77478,44
77479,44
77480,44
77481,44
77482,44
77483,44
77484,44
77485,44
77486,44
77487,44
77488,44
77489,44
77490,44
77491,44
77492,44
77493,44
77494,44
77495,44
77496,44
77497,44
77498,44
77499,44
77500,44
77501,44
77502,43
77503,44
77504,44
77505,44
77506,44
77507,44
77508,44
77509,44
77510,44
77511,44
77512,44
77513,44
77514,44
77515,44
77516,44
77517,44
77518,44
77519,44
77520,44
77521,44
77522,44
77523,44
77524,44
77525,44
77526,44
77527,44
77528,44
77529,44
77530,44
77531,44
77532,44
77533,44
77534,44
77535,44
77536,44
77537,44
77538,44
77539,44
77540,44
77541,44
77542,44
77543,44
77544,44
77545,44
77546,44
77547,44
77548,44
77549,44
77550,44
77551,44
77552,44
77553,44
77554,44
77555,44
77556,44
77557,44
77558,44
77559,44
77560,44
77561,44
77562,44
77563,44
77564,44
77565,44
77566,44
77567,44
77568,44
77569,44
77570,44
77571,44
77572,44
77573,44
77574,44
77575,44
77576,44
77577,44
77578,44
77579,44
77580,44
77581,44
77582,44
77583,44
77584,44
77585,44
77586,44
77587,44
77588,44
77589,44
77590,44
77591,44
77592,44
77593,44
77594,44
77595,44
77596,44
77597,44
77598,44
77599,44
77600,44
77601,44
77602,44
77603,44
77604,44
77605,44
77606,44
77607,44
77608,44
77609,44
77610,44
77611,44
77612,44
77613,44
77614,44
77615,44
77616,44
77617,44
77618,44
77619,44
77620,44
77621,44
77622,44
77623,44
77624,44
77625,44
77626,44
77627,44
77628,43
77629,43
77630,43
77631,43
77632,43
77633,43
77634,43
77635,43
77636,43
77637,43
77638,43
77639,43
77640,43
77641,43
77642,43
77643,43
77644,43
77645,43
77646,43
77647,43
77648,43
77649,43
77650,43
77651,43
77652,43
77653,43
77654,43
77655,43
77656,43
77657,43
77658,43
77659,44
77660,43
77661,43
77662,43
77663,43
77664,44
77665,44
77666,44
77667,44
77668,44
77669,44
77670,44
77671,44
77672,44
77673,44
77674,44
77675,44
77676,44
77677,44
77678,44
77679,44
77680,44
77681,44
77682,44
77683,44
77684,44
77685,44
77686,44
77687,44
77688,44
77689,44
77690,44
77691,44
77692,44
77693,44
77694,44
77695,44
77696,44
77697,44
77698,44
77699,44
77700,44
77701,44
77702,44
77703,44
77704,44
77705,44
77706,44
77707,44
77708,44
77709,44
77710,44
77711,44
77712,44
77713,44
77714,44
77715,44
77716,44
77717,44
77718,44
77719,44
77720,44
77721,44
77722,44
77723,44
77724,44
77725,44
77726,44
77727,44
77728,44
77729,44
77730,44
77731,44
77732,44
77733,44
77734,44
77735,44
77736,44
77737,44
77738,44
77739,44
77740,44
77741,44
77742,44
77743,44
77744,44
77745,44
77746,44
77747,44
77748,44
77749,44
77750,44
77751,44
77752,44
77753,44
77754,44
77755,44
77756,44
77757,44
77758,44
77759,44
77760,44
77761,44
77762,44
77763,44
77764,44
77765,44
77766,44
77767,44
77768,44
77769,44
77770,44
77771,44
77772,44
77773,44
77774,44
77775,44
77776,44
77777,44
77778,44
77779,44
77780,44
77781,44
77782,44
77783,44
77784,44
77785,44
77786,44
77787,44
77788,44
77789,44
77790,44
77791,44
77792,44
77793,44
77794,44
77795,44
77796,44
77797,44
77798,44
77799,44
77800,44
77801,44
77802,44
77803,44
77804,44
77805,44
77806,44
77807,44
77808,44
77809,44
77810,44
77811,44
77812,44
77813,44
77814,44
77815,44
77816,44
77817,44
77818,44
77819,44
77820,44
77821,44
77822,44
77823,44
77824,44
77825,44
77826,44
77827,44
77828,44
77829,44
77830,44
77831,44
77832,44
77833,44
77834,44
77835,44
77836,44
77837,44
77838,44
77839,44
77840,44
77841,44
77842,44
77843,44
77844,44
77845,44
77846,44
77847,44
77848,44
77849,44
77850,44
77851,44
77852,44
77853,44
77854,44
77855,44
77856,44
77857,44
77858,44
77859,44
77860,44
77861,44
77862,44
77863,44
77864,44
77865,44
77866,44
77867,44
77868,44
77869,44
77870,44
77871,44
77872,44
77873,44
77874,44
77875,44
77876,44
77877,44
77878,44
77879,44
77880,44
77881,44
77882,44
77883,44
77884,44
77885,44
77886,44
77887,44
77888,44
77889,44
77890,44
77891,44
77892,44
77893,44
77894,44
77895,44
77896,44
77897,44
77898,44
77899,44
77900,44
77901,44
77902,44
77903,44
77904,44
77905,44
77906,44
77907,44
77908,44
77909,44
77910,44
77911,44
77912,44
77913,44
77914,44
77915,44
77916,44
77917,44
77918,44
77919,44
77920,44
77921,44
77922,44
77923,44
77924,44
77925,44
77926,44
77927,44
77928,44
77929,44
77930,44
77931,44
77932,44
77933,44
77934,44
77935,44
77936,44
77937,44
77938,44
77939,44
77940,44
77941,44
77942,44
77943,44
77944,44
77945,44
77946,44
77947,44
77948,44
77949,44
77950,44
77951,44
77952,44
77953,44
77954,44
77955,44
77956,44
77957,44
77958,44
77959,44
77960,44
77961,44
77962,44
77963,44
77964,44
77965,44
77966,44
77967,44
77968,44
77969,44
77970,44
77971,44
77972,44
77973,44
77974,44
77975,44
77976,44
77977,44
77978,44
77979,44
77980,44
77981,44
77982,44
77983,44
77984,44
77985,44
77986,44
77987,44
77988,44
77989,44
77990,44
77991,44
77992,44
77993,44
77994,44
77995,44
77996,44
77997,44
77998,44
77999,44
78000,44
78001,44
78002,44
78003,44
78004,44
78005,44
78006,44
78007,44
78008,44
78009,44
78010,44
78011,44
78012,44
78013,44
78014,44
78015,44
78016,44
78017,44
78018,44
78019,44
78020,44
78021,44
78022,44
78023,44
78024,44
78025,44
78026,44
78027,44
78028,44
78029,44
78030,44
78031,44
78032,44
78033,44
78034,44
78035,44
78036,44
78037,44
78038,44
78039,44
78040,44
78041,44
78042,44
78043,44
78044,44
78045,44
78046,44
78047,44
78048,44
78049,43
78050,43
78051,43
78052,44
78053,44
78054,44
78055,43
78056,43
78057,43
78058,43
78059,44
78060,44
78061,44
78062,43
78063,43
78064,43
78065,43
78066,44
78067,43
78068,43
78069,43
78070,43
78071,43
78072,43
78073,44
78074,44
78075,43
78076,43
78077,43
78078,44
78079,44
78080,44
78081,44
78082,44
78083,44
78084,44
78085,44
78086,44
78087,44
78088,44
78089,44
78090,44
78091,44
78092,44
78093,44
78094,44
78095,44
78096,44
78097,44
78098,44
78099,44
78100,44
78101,44
78102,44
78103,44
78104,44
78105,44
78106,44
78107,44
78108,44
78109,44
78110,44
78111,44
78112,44
78113,44
78114,44
78115,44
78116,44
78117,44
78118,44
78119,44
78120,44
78121,44
78122,44
78123,44
78124,44
78125,44
78126,44
78127,44
78128,44
78129,44
78130,44
78131,44
78132,44
78133,44
78134,44
78135,44
78136,44
78137,44
78138,44
78139,44
78140,44
78141,44
78142,44
78143,44
78144,44
78145,44
78146,44
78147,44
78148,44
78149,44
78150,44
78151,44
78152,44
78153,44
78154,44
78155,44
78156,44
78157,44
78158,44
78159,44
78160,44
78161,44
78162,44
78163,44
78164,44
78165,44
78166,44
78167,44
78168,44
78169,44
78170,44
78171,44
78172,44
78173,44
78174,44
78175,44
78176,44
78177,44
78178,44
78179,44
78180,44
78181,44
78182,44
78183,44
78184,44
78185,44
78186,44
78187,44
78188,44
78189,44
78190,44
78191,44
78192,44
78193,44
78194,44
78195,44
78196,44
78197,44
78198,44
78199,44
78200,44
78201,44
78202,44
78203,44
78204,44
78205,44
78206,44
78207,44
78208,44
78209,44
78210,44
78211,44
78212,44
78213,44
78214,44
78215,44
78216,44
78217,44
78218,44
78219,44
78220,44
78221,44
78222,44
78223,44
78224,44
78225,44
78226,44
78227,44
78228,44
78229,44
78230,44
78231,44
78232,44
78233,44
78234,44
78235,44
78236,44
78237,44
78238,44
78239,44
78240,44
78241,44
78242,44
78243,44
78244,44
78245,44
78246,44
78247,44
78248,44
78249,44
78250,44
78251,44
78252,44
78253,44
78254,44
78255,44
78256,44
78257,44
78258,44
78259,44
78260,44
78261,44
78262,44
78263,44
78264,44
78265,44
78266,44
78267,44
78268,44
78269,44
78270,44
78271,44
78272,44
78273,45
78274,45
78275,44
78276,44
78277,44
78278,44
78279,45
78280,45
78281,45
78282,44
78283,44
78284,44
78285,44
78286,44
78287,45
78288,45
78289,45
78290,44
78291,45
78292,45
78293,45
78294,45
78295,45
78296,45
78297,45
78298,45
78299,45
78300,45
78301,45
78302,45
78303,45
78304,45
78305,45
78306,45
78307,45
78308,45
78309,45
78310,45
78311,45
78312,45
78313,45
78314,45
78315,45
78316,45
78317,45
78318,45
78319,45
78320,45
78321,45
78322,45
78323,45
78324,45
78325,45
78326,45
78327,45
78328,45
78329,45
78330,45
78331,45
78332,45
78333,45
78334,45
78335,45
78336,45
78337,45
78338,45
78339,45
78340,45
78341,45
78342,45
78343,45
78344,45
78345,45
78346,45
78347,45
78348,45
78349,45
78350,45
78351,45
78352,45
78353,45
78354,45
78355,45
78356,45
78357,45
78358,45
78359,45
78360,45
78361,45
78362,45
78363,45
78364,45
78365,45
78366,45
78367,45
78368,45
78369,45
78370,45
78371,45
78372,45
78373,45
78374,45
78375,45
78376,45
78377,45
78378,45
78379,45
78380,45
78381,45
78382,45
78383,44
78384,44
78385,44
78386,44
78387,44
78388,44
78389,44
78390,44
78391,44
78392,44
78393,44
78394,44
78395,44
78396,44
78397,44
78398,44
78399,44
78400,44
78401,44
78402,44
78403,44
78404,44
78405,44
78406,44
78407,44
78408,44
78409,44
78410,44
78411,44
78412,44
78413,44
78414,44
78415,44
78416,44
78417,44
78418,44
78419,44
78420,44
78421,44
78422,44
78423,44
78424,44
78425,44
78426,44
78427,44
78428,44
78429,44
78430,44
78431,44
78432,44
78433,44
78434,44
78435,44
78436,44
78437,44
78438,44
78439,44
78440,44
78441,44
78442,44
78443,44
78444,44
78445,44
78446,44
78447,44
78448,44
78449,44
78450,44
78451,44
78452,44
78453,44
78454,44
78455,44
78456,44
78457,44
78458,44
78459,44
78460,44
78461,44
78462,44
78463,44
78464,44
78465,44
78466,44
78467,44
78468,44
78469,44
78470,44
78471,44
78472,44
78473,44
78474,44
78475,44
78476,44
78477,44
78478,44
78479,44
78480,44
78481,44
78482,44
78483,44
78484,44
78485,44
78486,44
78487,44
78488,44
78489,44
78490,44
78491,44
78492,44
78493,44
78494,44
78495,44
78496,44
78497,44
78498,44
78499,44
78500,44
78501,44
78502,44
78503,44
78504,44
78505,44
78506,44
78507,44
78508,44
78509,44
78510,44
78511,44
78512,44
78513,44
78514,44
78515,44
78516,44
78517,44
78518,44
78519,44
78520,44
78521,44
78522,44
78523,44
78524,44
78525,44
78526,44
78527,44
78528,44
78529,44
78530,44
78531,44
78532,44
78533,44
78534,44
78535,44
78536,44
78537,44
78538,44
78539,44
78540,44
78541,44
78542,44
78543,44
78544,44
78545,44
78546,44
78547,44
78548,44
78549,44
78550,44
78551,44
78552,44
78553,44
78554,44
78555,44
78556,44
78557,44
78558,44
78559,44
78560,44
78561,44
78562,44
78563,44
78564,44
78565,44
78566,44
78567,44
78568,44
78569,44
78570,44
78571,44
78572,44
78573,44
78574,44
78575,44
78576,44
78577,44
78578,44
78579,44
78580,44
78581,44
78582,44
78583,44
78584,44
78585,44
78586,44
78587,44
78588,44
78589,44
78590,44
78591,44
78592,44
78593,44
78594,44
78595,44
78596,44
78597,44
78598,44
78599,44
78600,45
78601,45
78602,45
78603,45
78604,45
78605,45
78606,45
78607,45
78608,45
78609,45
78610,44
78611,44
78612,44
78613,44
78614,44
78615,44
78616,44
78617,44
78618,44
78619,44
78620,44
78621,44
78622,44
78623,44
78624,44
78625,44
78626,44
78627,44
78628,44
78629,44
78630,44
78631,44
78632,44
78633,44
78634,44
78635,44
78636,44
78637,44
78638,44
78639,44
78640,44
78641,44
78642,44
78643,44
78644,44
78645,44
78646,44
78647,44
78648,44
78649,44
78650,44
78651,44
78652,44
78653,44
78654,45
78655,45
78656,44
78657,44
78658,44
78659,44
78660,44
78661,45
78662,45
78663,45
78664,45
78665,45
78666,45
78667,45
78668,45
78669,45
78670,45
78671,45
78672,45
78673,45
78674,45
78675,45
78676,45
78677,45
78678,45
78679,45
78680,45
78681,45
78682,45
78683,45
78684,45
78685,45
78686,45
78687,45
78688,45
78689,45
78690,45
78691,45
78692,45
78693,45
78694,45
78695,45
78696,45
78697,45
78698,45
78699,45
78700,45
78701,45
78702,45
78703,45
78704,45
78705,45
78706,45
78707,45
78708,45
78709,45
78710,45
78711,45
78712,45
78713,45
78714,45
78715,45
78716,45
78717,45
78718,45
78719,45
78720,45
78721,45
78722,45
78723,45
78724,45
78725,45
78726,45
78727,45
78728,45
78729,45
78730,45
78731,45
78732,45
78733,45
78734,45
78735,45
78736,45
78737,45
78738,45
78739,45
78740,45
78741,45
78742,45
78743,45
78744,45
78745,45
78746,45
78747,45
78748,45
78749,45
78750,44
78751,44
78752,44
78753,44
78754,44
78755,44
78756,44
78757,44
78758,44
78759,44
78760,44
78761,44
78762,44
78763,44
78764,44
78765,44
78766,44
78767,44
78768,44
78769,44
78770,44
78771,44
78772,44
78773,44
78774,44
78775,44
78776,44
78777,44
78778,44
78779,44
78780,44
78781,44
78782,44
78783,44
78784,44
78785,44
78786,44
78787,44
78788,44
78789,44
78790,44
78791,44
78792,44
78793,44
78794,44
78795,44
78796,44
78797,44
78798,44
78799,44
78800,44
78801,44
78802,44
78803,44
78804,44
78805,44
78806,44
78807,44
78808,44
78809,44
78810,44
78811,44
78812,44
78813,44
78814,44
78815,44
78816,44
78817,44
78818,44
78819,44
78820,44
78821,44
78822,44
78823,44
78824,44
78825,44
78826,44
78827,44
78828,44
78829,44
78830,44
78831,44
78832,44
78833,44
78834,44
78835,44
78836,44
78837,44
78838,44
78839,44
78840,44
78841,44
78842,44
78843,44
78844,44
78845,44
78846,44
78847,44
78848,44
78849,44
78850,44
78851,44
78852,44
78853,44
78854,44
78855,44
78856,44
78857,44
78858,44
78859,44
78860,44
78861,44
78862,44
78863,44
78864,44
78865,44
78866,44
78867,44
78868,44
78869,44
78870,44
78871,44
78872,44
78873,44
78874,44
78875,44
78876,44
78877,44
78878,44
78879,44
78880,44
78881,44
78882,44
78883,44
78884,44
78885,44
78886,44
78887,44
78888,44
78889,44
78890,44
78891,44
78892,44
78893,44
78894,44
78895,44
78896,44
78897,44
78898,44
78899,44
78900,44
78901,44
78902,44
78903,44
78904,44
78905,44
78906,44
78907,44
78908,44
78909,44
78910,44
78911,44
78912,44
78913,44
78914,44
78915,44
78916,44
78917,44
78918,44
78919,44
78920,44
78921,44
78922,44
78923,44
78924,44
78925,44
78926,44
78927,44
78928,45
78929,45
78930,44
78931,44
78932,44
78933,45
78934,45
78935,45
78936,45
78937,45
78938,45
78939,45
78940,45
78941,45
78942,45
78943,45
78944,45
78945,45
78946,45
78947,45
78948,45
78949,45
78950,45
78951,45
78952,45
78953,45
78954,45
78955,45
78956,45
78957,45
78958,45
78959,45
78960,45
78961,45
78962,45
78963,45
78964,45
78965,45
78966,45
78967,45
78968,45
78969,45
78970,45
78971,45
78972,45
78973,45
78974,45
78975,45
78976,45
78977,45
78978,44
78979,44
78980,44
78981,44
78982,44
78983,44
78984,44
78985,44
78986,44
78987,44
78988,44
78989,44
78990,44
78991,44
78992,44
78993,44
78994,44
78995,44
78996,44
78997,44
78998,44
78999,44
79000,44
79001,44
79002,44
79003,44
79004,44
79005,44
79006,44
79007,44
79008,44
79009,44
79010,44
79011,44
79012,44
79013,44
79014,44
79015,44
79016,44
79017,44
79018,44
79019,44
79020,44
79021,44
79022,44
79023,44
79024,44
79025,44
79026,44
79027,44
79028,44
79029,44
79030,44
79031,44
79032,44
79033,44
79034,44
79035,44
79036,44
79037,44
79038,44
79039,44
79040,44
79041,44
79042,44
79043,44
79044,44
79045,44
79046,44
79047,44
79048,44
79049,44
79050,44
79051,44
79052,44
79053,44
79054,44
79055,44
79056,44
79057,44
79058,44
79059,44
79060,44
79061,44
79062,44
79063,44
79064,44
79065,44
79066,44
79067,44
79068,45
79069,45
79070,45
79071,45
79072,45
79073,45
79074,45
79075,45
79076,45
79077,45
79078,45
79079,45
79080,45
79081,45
79082,45
79083,45
79084,45
79085,45
79086,45
79087,45
79088,45
79089,45
79090,45
79091,45
79092,45
79093,45
79094,45
79095,45
79096,45
79097,45
79098,45
79099,45
79100,45
79101,45
79102,45
79103,45
79104,45
79105,45
79106,45
79107,45
79108,45
79109,45
79110,45
79111,45
79112,45
79113,45
79114,45
79115,45
79116,45
79117,45
79118,45
79119,45
79120,45
79121,45
79122,45
79123,45
79124,45
79125,45
79126,45
79127,45
79128,45
79129,45
79130,45
79131,45
79132,45
79133,45
79134,45
79135,45
79136,45
79137,45
79138,45
79139,45
79140,45
79141,45
79142,45
79143,45
79144,45
79145,45
79146,45
79147,45
79148,45
79149,45
79150,45
79151,45
79152,45
79153,45
79154,45
79155,45
79156,45
79157,45
79158,45
79159,45
79160,45
79161,45
79162,45
79163,45
79164,45
79165,45
79166,45
79167,45
79168,45
79169,45
79170,45
79171,45
79172,45
79173,45
79174,45
79175,45
79176,45
79177,45
79178,45
79179,45
79180,45
79181,45
79182,45
79183,45
79184,44
79185,44
79186,44
79187,44
79188,44
79189,44
79190,44
79191,44
79192,44
79193,44
79194,44
79195,44
79196,44
79197,44
79198,44
79199,44
79200,44
79201,44
79202,44
79203,44
79204,44
79205,44
79206,44
79207,44
79208,44
79209,44
79210,44
79211,44
79212,44
79213,44
79214,44
79215,44
79216,44
79217,44
79218,44
79219,44
79220,44
79221,44
79222,44
79223,44
79224,44
79225,44
79226,44
79227,44
79228,44
79229,44
79230,44
79231,44
79232,44
79233,44
79234,44
79235,44
79236,44
79237,44
79238,44
79239,44
79240,44
79241,44
79242,44
79243,44
79244,44
79245,44
79246,44
79247,44
79248,44
79249,44
79250,44
79251,44
79252,44
79253,44
79254,44
79255,44
79256,45
79257,45
79258,45
79259,44
79260,44
79261,45
79262,45
79263,45
79264,45
79265,45
79266,44
79267,44
79268,45
79269,45
79270,45
79271,45
79272,45
79273,45
79274,45
79275,45
79276,45
79277,44
79278,44
79279,44
79280,44
79281,44
79282,44
79283,44
79284,44
79285,44
79286,44
79287,44
79288,44
79289,44
79290,44
79291,44
79292,44
79293,44
79294,44
79295,44
79296,44
79297,44
79298,44
79299,44
79300,44
79301,44
79302,44
79303,44
79304,44
79305,44
79306,44
79307,44
79308,44
79309,44
79310,44
79311,44
79312,44
79313,44
79314,44
79315,44
79316,44
79317,44
79318,44
79319,44
79320,44
79321,44
79322,44
79323,44
79324,44
79325,44
79326,44
79327,44
79328,44
79329,44
79330,44
79331,44
79332,44
79333,44
79334,44
79335,44
79336,44
79337,44
79338,44
79339,44
79340,44
79341,44
79342,44
79343,44
79344,44
79345,44
79346,44
79347,44
79348,44
79349,44
79350,44
79351,44
79352,44
79353,44
79354,44
79355,44
79356,44
79357,44
79358,44
79359,44
79360,44
79361,44
79362,44
79363,44
79364,44
79365,44
79366,44
79367,44
79368,44
79369,44
79370,44
79371,44
79372,44
79373,44
79374,44
79375,44
79376,44
79377,44
79378,44
79379,44
79380,44
79381,44
79382,44
79383,44
79384,44
79385,44
79386,44
79387,44
79388,44
79389,44
79390,44
79391,44
79392,44
79393,44
79394,44
79395,44
79396,44
79397,44
79398,44
79399,44
79400,44
79401,44
79402,44
79403,44
79404,44
79405,44
79406,44
79407,44
79408,44
79409,44
79410,44
79411,44
79412,44
79413,44
79414,44
79415,44
79416,44
79417,44
79418,44
79419,44
79420,44
79421,44
79422,44
79423,44
79424,44
79425,44
79426,44
79427,44
79428,44
79429,44
79430,44
79431,44
79432,44
79433,44
79434,44
79435,44
79436,44
79437,44
79438,44
79439,44
79440,44
79441,44
79442,44
79443,44
79444,44
79445,44
79446,44
79447,44
79448,44
79449,44
79450,44
79451,44
79452,44
79453,44
79454,44
79455,44
79456,44
79457,44
79458,44
79459,44
79460,44
79461,44
79462,44
79463,44
79464,44
79465,44
79466,44
79467,44
79468,44
79469,44
79470,44
79471,44
79472,44
79473,44
79474,44
79475,44
79476,44
79477,44
79478,44
79479,44
79480,44
79481,44
79482,44
79483,44
79484,44
79485,44
79486,44
79487,44
79488,44
79489,44
79490,44
79491,44
79492,44
79493,44
79494,44
79495,44
79496,44
79497,44
79498,44
79499,44
79500,44
79501,44
79502,44
79503,44
79504,44
79505,44
79506,44
79507,44
79508,44
79509,44
79510,44
79511,44
79512,44
79513,44
79514,44
79515,44
79516,44
79517,44
79518,44
79519,44
79520,44
79521,44
79522,44
79523,44
79524,44
79525,44
79526,44
79527,44
79528,44
79529,44
79530,44
79531,44
79532,44
79533,44
79534,44
79535,44
79536,44
79537,44
79538,44
79539,44
79540,44
79541,44
79542,44
79543,44
79544,44
79545,44
79546,44
79547,44
79548,44
79549,44
79550,44
79551,44
79552,44
79553,44
79554,44
79555,44
79556,44
79557,44
79558,44
79559,44
79560,44
79561,44
79562,44
79563,44
79564,44
79565,44
79566,44
79567,44
79568,44
79569,44
79570,44
79571,44
79572,44
79573,44
79574,44
79575,44
79576,44
79577,44
79578,44
79579,44
79580,44
79581,44
79582,44
79583,44
79584,44
79585,44
79586,44
79587,44
79588,44
79589,44
79590,44
79591,44
79592,44
79593,44
79594,44
79595,44
79596,44
79597,45
79598,45
79599,45
79600,45
79601,45
79602,45
79603,45
79604,45
79605,45
79606,45
79607,45
79608,45
79609,45
79610,45
79611,45
79612,45
79613,45
79614,45
79615,45
79616,45
79617,45
79618,45
79619,45
79620,45
79621,45
79622,45
79623,45
79624,45
79625,45
79626,45
79627,44
79628,44
79629,44
79630,45
79631,44
79632,44
79633,44
79634,44
79635,44
79636,44
79637,44
79638,44
79639,44
79640,44
79641,44
79642,44
79643,44
79644,44
79645,44
79646,44
79647,44
79648,44
79649,44
79650,44
79651,44
79652,44
79653,44
79654,44
79655,44
79656,44
79657,44
79658,44
79659,44
79660,44
79661,44
79662,44
79663,44
79664,44
79665,44
79666,44
79667,44
79668,44
79669,44
79670,44
79671,44
79672,44
79673,44
79674,44
79675,44
79676,44
79677,44
79678,44
79679,44
79680,44
79681,44
79682,44
79683,44
79684,44
79685,44
79686,44
79687,44
79688,44
79689,44
79690,44
79691,44
79692,44
79693,44
79694,44
79695,44
79696,44
79697,44
79698,44
79699,44
79700,44
79701,44
79702,44
79703,44
79704,44
79705,44
79706,44
79707,44
79708,44
79709,44
79710,44
79711,44
79712,44
79713,44
79714,44
79715,44
79716,44
79717,44
79718,44
79719,44
79720,44
79721,44
79722,44
79723,44
79724,44
79725,44
79726,44
79727,44
79728,44
79729,44
79730,44
79731,44
79732,44
79733,44
79734,44
79735,44
79736,44
79737,44
79738,44
79739,44
79740,44
79741,44
79742,44
79743,44
79744,44
79745,44
79746,44
79747,44
79748,45
79749,45
79750,45
79751,45
79752,45
79753,45
79754,45
79755,45
79756,45
79757,45
79758,45
79759,45
79760,45
79761,45
79762,45
79763,45
79764,45
79765,45
79766,45
79767,45
79768,45
79769,45
79770,45
79771,45
79772,45
79773,45
79774,45
79775,45
79776,45
79777,45
79778,45
79779,45
79780,45
79781,45
79782,45
79783,45
79784,45
79785,45
79786,45
79787,45
79788,45
79789,45
79790,45
79791,45
79792,45
79793,45
79794,45
79795,44
79796,45
79797,45
79798,45
79799,44
79800,44
79801,44
79802,44
79803,44
79804,44
79805,44
79806,44
79807,44
79808,44
79809,44
79810,44
79811,44
79812,44
79813,44
79814,44
79815,44
79816,44
79817,44
79818,44
79819,44
79820,44
79821,44
79822,44
79823,44
79824,44
79825,44
79826,44
79827,44
79828,44
79829,44
79830,44
79831,44
79832,44
79833,44
79834,44
79835,44
79836,44
79837,44
79838,44
79839,44
79840,44
79841,44
79842,44
79843,44
79844,44
79845,44
79846,44
79847,44
79848,44
79849,44
79850,44
79851,44
79852,44
79853,44
79854,44
79855,44
79856,44
79857,44
79858,44
79859,44
79860,44
79861,44
79862,44
79863,44
79864,44
79865,44
79866,44
79867,44
79868,44
79869,44
79870,44
79871,44
79872,44
79873,44
79874,44
79875,44
79876,44
79877,44
79878,44
79879,44
79880,44
79881,44
79882,44
79883,44
79884,44
79885,44
79886,44
79887,44
79888,44
79889,44
79890,44
79891,44
79892,44
79893,44
79894,44
79895,44
79896,44
79897,44
79898,45
79899,45
79900,44
79901,44
79902,44
79903,44
79904,45
79905,45
79906,45
79907,44
79908,44
79909,44
79910,45
79911,45
79912,45
79913,44
79914,44
79915,44
79916,44
79917,45
79918,45
79919,45
79920,44
79921,44
79922,45
79923,45
79924,45
79925,45
79926,45
79927,45
79928,44
79929,44
79930,45
79931,45
79932,45
79933,44
79934,44
79935,44
79936,44
79937,44
79938,44
79939,44
79940,44
79941,44
79942,44
79943,44
79944,44
79945,44
79946,44
79947,44
79948,44
79949,44
79950,44
79951,44
79952,44
79953,44
79954,44
79955,44
79956,44
79957,44
79958,44
79959,44
79960,44
79961,44
79962,44
79963,44
79964,44
79965,44
79966,44
79967,44
79968,44
79969,44
79970,44
79971,44
79972,44
79973,44
79974,44
79975,44
79976,44
79977,44
79978,44
79979,44
79980,44
79981,44
79982,44
79983,44
79984,44
79985,44
79986,44
79987,44
79988,44
79989,44
79990,44
79991,44
79992,44
79993,44
79994,44
79995,44
79996,44
79997,44
79998,44
79999,44
80000,44
80001,44
80002,44
80003,44
80004,44
80005,44
80006,44
80007,44
80008,44
80009,44
80010,44
80011,44
80012,44
80013,44
80014,44
80015,44
80016,44
80017,44
80018,44
80019,44
80020,44
80021,44
80022,44
80023,44
80024,44
80025,44
80026,44
80027,44
80028,44
80029,44
80030,44
80031,44
80032,44
80033,44
80034,44
80035,44
80036,44
80037,44
80038,44
80039,44
80040,44
80041,44
80042,44
80043,45
80044,45
80045,45
80046,45
80047,45
80048,45
80049,45
80050,45
80051,45
80052,45
80053,45
80054,45
80055,45
80056,45
80057,45
80058,45
80059,45
80060,45
80061,45
80062,45
80063,45
80064,45
80065,45
80066,45
80067,45
80068,45
80069,45
80070,45
80071,45
80072,45
80073,45
80074,45
80075,45
80076,45
80077,45
80078,45
80079,45
80080,45
80081,44
80082,44
80083,45
80084,45
80085,45
80086,44
80087,44
80088,44
80089,44
80090,44
80091,44
80092,44
80093,44
80094,44
80095,44
80096,44
80097,44
80098,44
80099,44
80100,44
80101,44
80102,44
80103,44
80104,44
80105,44
80106,44
80107,44
80108,44
80109,44
80110,44
80111,44
80112,44
80113,44
80114,44
80115,44
80116,44
80117,44
80118,44
80119,44
80120,44
80121,44
80122,44
80123,44
80124,44
80125,44
80126,44
80127,44
80128,44
80129,44
80130,45
80131,45
80132,45
80133,45
80134,45
80135,45
80136,45
80137,45
80138,45
80139,45
80140,45
80141,45
80142,45
80143,45
80144,45
80145,45
80146,45
80147,45
80148,45
80149,45
80150,45
80151,45
80152,45
80153,45
80154,45
80155,45
80156,45
80157,45
80158,45
80159,45
80160,45
80161,45
80162,45
80163,45
80164,45
80165,45
80166,45
80167,45
80168,45
80169,45
80170,45
80171,45
80172,45
80173,45
80174,45
80175,45
80176,45
80177,45
80178,45
80179,45
80180,45
80181,45
80182,45
80183,45
80184,45
80185,45
80186,45
80187,45
80188,45
80189,45
80190,45
80191,45
80192,45
80193,45
80194,45
80195,45
80196,45
80197,45
80198,45
80199,45
80200,45
80201,45
80202,45
80203,45
80204,45
80205,45
80206,45
80207,45
80208,45
80209,45
80210,45
80211,45
80212,45
80213,45
80214,45
80215,45
80216,45
80217,45
80218,45
80219,45
80220,45
80221,45
80222,45
80223,45
80224,45
80225,45
80226,45
80227,45
80228,45
80229,45
80230,45
80231,45
80232,45
80233,45
80234,45
80235,45
80236,45
80237,45
80238,45
80239,45
80240,45
80241,45
80242,45
80243,45
80244,45
80245,45
80246,45
80247,45
80248,45
80249,45
80250,45
80251,45
80252,45
80253,45
80254,45
80255,45
80256,45
80257,45
80258,45
80259,45
80260,45
80261,45
80262,45
80263,45
80264,45
80265,45
80266,45
80267,45
80268,45
80269,45
80270,45
80271,45
80272,45
80273,45
80274,45
80275,45
80276,45
80277,45
80278,45
80279,45
80280,45
80281,45
80282,45
80283,45
80284,45
80285,45
80286,45
80287,45
80288,45
80289,45
80290,45
80291,45
80292,45
80293,45
80294,45
80295,45
80296,45
80297,45
80298,45
80299,45
80300,45
80301,45
80302,45
80303,45
80304,45
80305,45
80306,45
80307,45
80308,45
80309,45
80310,45
80311,45
80312,45
80313,45
80314,45
80315,45
80316,45
80317,45
80318,45
80319,45
80320,45
80321,45
80322,45
80323,45
80324,45
80325,45
80326,45
80327,45
80328,45
80329,45
80330,45
80331,45
80332,45
80333,44
80334,44
80335,44
80336,44
80337,44
80338,44
80339,44
80340,44
80341,44
80342,44
80343,44
80344,44
80345,45
80346,44
80347,44
80348,44
80349,44
80350,44
